"разв́итие","Entwicklung, Fortschritt, Wachstum"
"в́ажный","wichtig, bedeutend"
"банк","Bank, Geldinstitut"
"сов́ет","Rat, Ratschlag; Beirat"
"ст́олько","so viel"
"возвращ́аться","zurückkommen, zurückkehren; zurückkommen"
"тр́убка","Rohr, Röhre; Pfeife, Tabakpfeife; Hörer"
"лад́онь","Handfläche, (innere) Hand; Handteller"
"жел́езный","eisern, Eisen-"
"оќазываться","sich herausstellen, sich erweisen, sich ergeben, sich entpuppen; sich befinden, geraten, gelangen"
"инстит́ут","Institut; Institution; (Fach)hochschule"
"потер́ять","verlieren"
"прав́ительство","Regierung, Kabinett"
"остальн́ой","übrig, restlich; sonstig"
"в́ыпить","trinken; austrinken"
"поќазывать","zeigen, vorführen, herzeigen, vorzeigen, vorweisen; aufzeigen, aufweisen"
"ид́ея","Idee, Gedanke, Einfall"
"т́очка","Punkt; Punkt"
"́уровень","Ebene, Niveau; Level, Stand, Höhe; Wasserwaage"
"проф́ессор","Professor"
"на́ука","Wissenschaft"
"соб́ытие","Ereignis, Erlebnis; Geschehnis, Begebenheit"
"со́юз","Bund, Bündnis; Union, Allianz, Verband; Konjunktion, Bindewort"
"кор́оль","König"
"полов́ина","Hälfte, Mitte; halb"
"метр","Meter, Metermaß"
"отд́ать","weggeben, zurückgeben; hingeben, anvertrauen, schicken; abgeben; ausgeben"
"в́ера","Glaube, Glaubensbekenntnis, Religion; Zuversicht, Vertrauen"
"кивн́уть","nicken"
"́область","Gebiet, Region, Gegend; Bereich, Fachbereich; Oblast, Bezirk"
"исч́езнуть","verschwinden, verlorengehen"
"ситу́ация","Situation, Lage"
"ќухня","Küche"
"над́ежда","Hoffnung"
"род","Art, Sorte; Geschlecht, Genus; Gattung"
"офиц́ер","Offizier"
"с́иний","tiefblau, indigo; blau, betrunken"
"теч́ение","Verlauf, Ablauf, Lauf; Strömung, Tendenz, Trend, Richtung"
"информ́ация","Information"
"получ́иться","gelingen, klappen, schaffen; geschehen, werden, kommen, sich ergeben, herauskommen, entstehen"
"п́омочь","die Hilfe"
"тёплый","warm; herzlich"
"м́олча","schweigend, wortlos, stumm"
"нем́ецкий","deutsch"
"в́идимо","augenscheinlich; wohl.."
"бить","schlagen; zerschlagen, zerbrechen; quellen, sprudeln"
"ч́астый","häufig, wiederholt; dicht, gedrängt, aufeinanderfolgend, feinmaschig"
"п́оздний","spät; verspätet"
"созд́ать","erschaffen, schaffen, schöpfen; erstellen, erzeugen, produzieren, entwickeln, verursachen; gründen, begründen, hervorbringen"
"с́орок","vierzig"
"гран́ица","Grenze, Grenzlinie"
"слез́а","Träne, Weinen"
"посќольку","da, insofern; weil"
"рассќаз","Erzählung, Geschichte; Bericht"
"вспомин́ать","sich erinnern, sich entsinnen, zurückdenken"
"получ́ать","bekommen, erhalten, gewinnen; empfangen"
"трав́а","Gras, Rasen; Kraut, Gewürzkraut"
"уп́асть","fallen, stürzen, hinfallen, umfallen; sinken"
"тр́идцать","dreißig"
"борьб́а","Kampf, Ringen, Ringkampf"
"дост́ать","beschaffen, besorgen, auftreiben; herausholen, herausnehmen; ausreichen, reichen; reichen, gelangen; zur Weißglut bringen, nerven, auf den Keks gehen"
"ш́ея","Hals"
"дес́яток","Zehn, zehn Stück; Dekade, Jahrzehnt"
"над́еяться","hoffen, rechnen mit; sich verlassen, darauf bauen"
"толп́а","Menschenmenge, Menge, Horde, Schar, Menschenmasse"
"мосќовский","Moskauer"
"пр́авило","Regel, Vorschrift, Norm"
"прав́ило","Rute (von Tieren), Schwanz; Richtstück, Abstreicher; Ruder"
"слать","schicken, senden"
"придт́ись","müssen; passen; entfallen auf, fallen auf"
"вздохн́уть","seufzen, aufatmen"
"ув́еренный","sicher, selbstsicher; überzeugt, zuversichtlich"
"неизв́естный","unbekannt, nicht bekannt; anonym"
"прогр́амма","Programm"
"фам́илия","Familienname, Nachname, Name"
"звук","Laut, Klang; Geräusch, Ton"
"ром́ан","Roman; Romanze, Affäire"
"неож́иданно","unerwartet, wider Erwarten; unvermutet"
"вон","raus, verschwinde; dort, da; Won; drüben; drüben"
"т́онкий","dünn, schlank; fein, zart, verfeinert; feinsinnig, subtil, nuanciert"
"вн́утренний","innerlich, inner(er), intern; Innen-, Binnen-"
"роль","Rolle, Walze"
"созн́ание","Bewusstsein, Besinnung"
"в́ерный","richtig, wahr; treu, ergeben; sicher, zuverlässig"
"ком́анда","Mannschaft, Team, Trupp, Crew, Besatzung; Kommando, Befehl"
"прекр́асный","schön, wunderbar; herrlich, prächtig, prachtvoll, glänzend; ausgezeichnet, vortrefflich"
"петь","singen, tirilieren, krähen"
"магаз́ин","Geschäft, Laden; Magazin"
"вперв́ые","zum ersten Mal, erstmalig"
"америќанский","amerikanisch"
"в́орот","Winde, Haspel, Seilwinde, ; Kragen, Halsausschnitt"
"прост́ить","verzeihen, vergeben; erlassen; Lebewohl sagen, Adieu sagen"
"полќовник","Oberst"
"прир́ода","Natur; Naturell, Wesen, Charakter"
"с́ильно","stark, kräftig, heftig"
"з́апах","Geruch, Duft"
"по́эт","Dichter"
"рай́он","Kreis, Bezirk, Rayon, Distrikt, Ortsteil; Gebiet, Region, Gegend"
"лист","Blatt"
"лист","Blatt Papier, Bogen Papier, Blech; Dokument"
"перест́ать","aufhören, etwas bleiben lassen; beenden, enden, erlöschen, "
"стекл́о","Glas, Glasscheibe, Glaswaren"
"кол́ичество","Quantität, Menge; Anzahl, Zahl"
"эт́аж","Etage, Geschoß; Stockwerk, Stock, "
"тип","Typ, Typus; Art"
"пож́аловать","zu Besuch kommen; begünstigen, die Gunst erweisen, verleihen, adeln"
"своб́ода","Freiheit"
"сап́ог","Stiefel"
"суд","Gericht; Gerichtsverhandlung, Urteil"
"чей","wessen, dessen, deren"
"дед","Großvater"
"лоб","Stirn"
"кр́есло","Sessel, Lehnsessel"
"дочь","Tochter"
"серьёзный","ernst, ernsthaft, ernstlich; seriös, ernst gemeint, ernstzunehmend"
"ожид́ать","erwarten; warten, abwarten"
"хар́актер","Charakter"
"́опыт","Erfahrung, Praxis; Routine; Versuch, Experiment"
"пл́ощадь","Platz, Fläche, Flächeninhalt"
"вновь","erneut, von neuem; wieder, nochmals"
"появл́яться","erscheinen (persönlich), auftauchen, auftreten, aufkommen, sich bilden; sich zeigen, sichtbar werden, zum Vorschein kommen"
"управл́ение","Verwaltung, Leitung, Administration, Direktion; Steuerung, Bedienung, Lenkung, Beherrschung; Rektion"
"св́язанный","verbunden; gebunden, zusammengebunden; zusammenhängen"
"мн́ение","Meinung, Ansicht"
"вперед́и","vor; vorn, voran"
"исп́ользовать","benutzen, verwenden; ausnutzen, nutzen, verwerten"
"взглян́уть","ansehen, anblicken, einen Blick werfen"
"револ́юция","Revolution"
"ул́ыбка","Lächeln"
"рост","Wachstum; Körpergröße, Wuchs; Anstieg, Anwachsen, Zuwachs"
"л́ошадь","Pferd"
"глуб́окий","tief; tiefgreifend, gründlich"
"л́евый","linke(r, s), linksgerichtet; link, (illegal, ungesetzlich)"
"ќожа","Haut; Leder"
"пр́ишлый","zugewandert"
"звезд́а","Stern, Star"
"п́оезд","Zug"
"протян́уть","ausstrecken, reichen; ziehen, strecken, spannen, in die Länge ziehen; legen, verlegen; langsam sprechen, gedehnt sprechen"
"служ́ить","dienen"
"у́ехать","wegfahren, fortfahren, abreisen, verreisen; weggehen, verlassen"
"пов́ерить","glauben, ; vertrauen"
"б́аба","Weib, Frauenzimmer, Bauernfrau; Oma; Gugelhupf"
"н́ечего","nichts"
"цвет́ок","Blume, Blüte"
"жел́ание","Wunsch, Wille, Willen; Verlangen, Lust, Begierde"
"бол́езнь","Krankheit"
"вызыв́ать","hervorrufen, auslösen, erregen, verursachen, erzeugen, bewirken; herbeirufen, ausrufen, bestellen, kommen lassen"
"назыв́аться","heißen, genannt werden"
"встр́етить","treffen, begegnen"
"сос́ед","Nachbar"
"прим́ер","Beispiel, Exempel; Musterbeispiel, Vorbild"
"разгов́аривать","sprechen, reden, sich unterhalten; zum Sprechen bringen, ins Gespräch einbeziehen"
"позв́олить","erlauben, gestatten, sich leisten, sich gönnen, zulassen; ermöglichen, befähigen"
"обнар́ужить","aufdecken, herausfinden, zum Vorschein bringen; entdecken, zeigen, feststellen, an den Tag legen"
"д́ама","Dame"
"поверн́уться","sich umdrehen, sich wenden"
"́орган","Organ"
"орѓан","Orgel"
"п́оле","Feld, Acker"
"́ящик","Kasten, Kiste; Fach, Schubfach, Schublade"
"цен́а","Preis; Wert"
"подход́ить","herantreten, kommen, sich nähern, heranrücken; passen, geeignet sein"
"гор́ячий","heiß; feurig, hitzig, heftig, leidenschaftlich"
"м́илый","lieb, nett; süß, hübsch"
"сл́абый","schwach, schwächlich, gebrechlich, leistungsschwach, kraftlos, schlaff, matt; locker, lose"
"ах","ach, ah"
"ќарта","Karte, Landkarte, Spielkarte"
"сл́ава","Ruhm, Ruf"
"р́адость","Freude"
"зат́о","dafür, aber; hingegen"
"тень","Schatten, Schattenbild; Schemengestalt, Spukbild, Geist"
"вис́еть","hängen, baumeln"
"опер́ация","Operation"
"в́ыглядеть","aussehen, wirken"
"д́ействовать","handeln, agieren, verfahren, vorgehen; wirken, funktionieren, in Betrieb sein, in Kraft sein, gültig sein, gelten"
"нест́и","tragen; herbringen, bringen; hertreiben, herwehen; treiben (fabrizieren)"
"м́узыка","Musik"
"голуб́ой","hellblau, himmelblau; schwul"
"гор́еть","brennen, in Flammen stehen, leuchten, glänzen, strahlen, glühen"
"зав́од","Betrieb, Fabrik, Werk; Antrieb, Aufziehmechanismus"
"доб́авить","hinzufügen, dazugeben, dazutun; ergänzen"
"л́ето","Sommer"
"весьм́а","sehr, äußerst, höchst; ziemlich, überaus"
"сад́иться","sich setzen, sich hinsetzen, Platz nehmen; einsteigen; Sonne geht unter"
"́ибо","denn, weil, da"
"м́елкий","klein, Klein-, fein; seicht, flach"
"помоѓать","helfen"
"люб́имый","Lieblings-; Liebling, Liebster"
"п́овод","Anlass, Veranlassung, Motiv, Grund, Vorwand"
"в́оля","Wille; Freiheit"
"д́етский","kindlich, kindisch; Kinder-"
"дур́ак","Dummkopf, Schwachkopf, Trottel, Narr, Depp; Durak"
"приќаз","Befehl, Kommando, Order; Anordnung, Anweisung"
"граждан́ин","Bürger, Staatsbürger"
"интер́есно","interessant, es ist interessant"
"счастл́ивый","glücklich"
"кр́ыша","Dach; Beschützer, Schutzorganisation, Kryscha"
"цвет","Farbe; Blüte; Blume"
"весёлый","fröhlich; lustig, heiter"
"повтор́ить","wiederholen"
"невозм́ожно","unmöglich, es ist unmöglich, es ist nicht möglich"
"стать́я","Artikel, Aufsatz, Beitrag; Posten; Paragraph, Klausel"
"круг","Kreis, Ring; Scheibe; Runde; Spektrum"
"столь","so, solch"
"факт","Fakt, Tatsache, "
"бок","Seite, Flanke"
"относ́иться","sich verhalten; sich beziehen, betreffen, angehen"
"причём","dabei"
"уч́иться","erlernen, lernen; studieren"
"удив́иться","überrascht sein, ; erstaunt sein; sich wundern"
"ср́едний","durchschnittlich, Durchschnitts-; Mittel-, der mittlere, mittelmäßig; sächlich, neutral"
"соврем́енный","modern, zeitgenössisch, zeitgemäß; Gegenwarts-, gegenwärtig"
"л́агерь","Lager"
"в́ойско","Kriegsheer, Armee, Truppe; Heerschar"
"нед́авно","jüngst, kürzlich, unlängst, neulich, vor kurzem"
"удов́ольствие","Vergnügen, Spaß, Freude, Wohlgefallen"
"в́озраст","Alter, Lebensalter"
"поѓибнуть","zugrunde gehen, untergehen, eingehen, ums Leben kommen, umkommen"
"спос́обный","fähig, -fähig; begabt"
"л́естница","Treppe, Stiege; Leiter; Aufgang, Treppenhaus"
"держ́аться","sich festhalten; halten, sich halten, auftreten, anhalten; befolgen; an etwas befestigt sein, haften"
"мин́истр","Minister"
"фронт","Front"
"перед́ать","übermitteln, übertragen, senden; übergeben, überbringen, ausrichten, weiterleiten; schildern, darstellen, berichten, sagen; vererben, übertragen"
"обр́атно","zurück, zurück-, retour; entgegengesetzt, umgekehrt, gegenteilig"
"стрел́ять","schießen, feuern"
"Петерб́ург","(Sankt) Petersburg"
"неуж́ели","wirklich, im Ernst; tatsächlich"
"сад","Garten, Obstgarten"
"провод́ить","durchführen, ausführen; führen, geleiten, begleiten, bringen; verbringen, zubringen"
"зад́ача","Aufgabe, Problem, Rechenaufgabe"
"́острый","scharf, spitz, beißend, stechend; akut, heftig, dringend"
"мол","angeblich, wohl, sagt er, sagt sie"
"остор́ожно","vorsichtig, behutsam"
"вход́ить","eintreten, betreten, hereinkommen; hineingehen, beinhalten; eindringen"
"темнот́а","Dunkelheit; Unwissenheit, Ignoranz"
"назв́ание","Name, Bezeichnung, Benennung; Titel"
"дв́игаться","sich bewegen, gehen, fahren, in Bewegung sein, sich rühren"
"возн́икнуть","entstehen, auftreten, aufkommen"
"большинств́о","Großteil; Mehrheit, die meisten"
"организ́ация","Organisierung, Organisation, Gestaltung, Einrichtung, Institution"
"дым","Rauch"
"в́ысший","höchster; Oberst-, oberster"
"килом́етр","Kilometer"
"позвон́ить","klingeln; anrufen, telefonieren"
"закрич́ать","zu schreien beginnen, losschreien, rufen; anbrüllen"
"р́ади","wegen, zu, für; um ... willen; ... halber"
"председ́атель","Vorsitzender; Vorstand"
"приказ́ать","befehlen, anordnen, lassen"
"прям́ой","gerade, unmittelbar; direkt, Direkt-, offen, aufrichtig"
"пр́очее","Sonstiges; Übriges, Restliches"
"слегќа","leicht, leise, seicht; flüchtig, nebenbei, beiläufig"
"попр́обовать","probieren, versuchen, kosten"
"всќоре","bald"
"вверх","nach oben, herauf-, hinauf-"
"ночн́ой","Nacht-, nächtlich"
"д́оллар","Dollar"
"нос́ить","tragen"
"выраж́ение","Äußerung; Redensart; Gesichtsausdruck; Losungswort"
"ќончиться","enden, zu Ende gehen, ausgehen, aufhören"
"пл́акать","weinen"
"танк","Panzer, Tank"
"меш́ать","mischen, rühren, umrühren; stören, hindern, erschweren, im Weg stehen"
"сух́ой","trocken, dürr, vertrocknet, getrocknet, Trocken-"
"зим́а","Winter"
"знак","Zeichen"
"получ́аться","gelingen, klappen, schaffen; geschehen, werden, kommen, sich ergeben, herauskommen, entstehen"
"мозг","Gehirn, Hirn; Mark, Knochenmark"
"уч́итель","Lehrer"
"жел́ать","wünschen, wollen, begehren"
"обяз́ательно","unbedingt, bestimmt; notwendig, unumgänglich; verpflichtend, verbindlich"
"май́ор","Major"
"прив́ыкнуть","sich gewöhnen, gewöhnt sein"
"пон́ятно","verständlich; verstehbar, deutlich; klar, begreiflich; verständlicherweise"
"суд́ить","beurteilen, bewerten, urteilen; schlussfolgern, auf etwas  schließen; verurteilen; vor Gericht stellen, richten"
"тишин́а","Stille, Ruhe"
"очередн́ой","folgend, nächst; regulär, ordentlich, erneut"
"д́еятельность","Tätigkeit; Aktivität, Beschäftigung; Funktion"
"США","USA, Vereinigte Staaten von Amerika"
"р́ыба","Fisch"
"щеќа","Wange, Backe"
"пт́ица","Vogel, seltsamer Vogel; Geflügel"
"обещ́ать","versprechen"
"стр́ашно","furchtbar; schrecklich; bange"
"ст́авить","stellen, aufstellen, hinstellen, setzen; einstellen, einsetzen, ernennen; setzen, bringen, stellen, aufwerfen; aufführen, drehen"
"стр́анно","seltsam, merkwürdig; sonderbar, fremdartig, schrullig"
"кас́аться","berühren, streifen, tangieren; betreffen, anbelangen"
"в́одка","Wodka, Wässerchen, Schnaps"
"зд́ание","Gebäude"
"кол́оть","stechen, pieksen; ausstechen, (heraus)stechen; spalten, zerhacken, knacken"
"з́еркало","Spiegel"
"собр́аться","sich versammeln, zusammenkommen, sich sammeln, sich anhäufen; sich bereitmachen, beabsichtigen, sich anschicken, die Absicht haben, sich fertigmachen"
"исќусство","Kunst, Fertigkeit"
"нач́ало","Anfang, Start; Beginn; Ursprung, Basis, Grundprinzip"
"п́ахнуть","riechen, duften, stinken"
"возниќать","entstehen, auftreten, aufkommen"
"несмотр́я","trotz, obwohl, ungeachtet"
"ваѓон","Waggon; Wagen, "
"отс́юда","von hier, daraus, hieraus; daher, deshalb"
"автом́ат","Automat; Münzfernsprecher, Telefonzelle; automatische Waffe"
"св́ежий","frisch, quellfrisch, kühl"
"м́окрый","feucht, klamm; nass"
"мил́иция","Miliz, Polizei"
"срок","Termin; Frist"
"боев́ой","Kampf-, Gefechts-; kämpferisch, kriegerisch"
"споќойный","ruhig, still, ; gelassen, friedlich, "
"од́ежда","Kleidung, Bekleidung, Kleider"
"здор́овый","gesund"
"кор́абль","Schiff"
"кул́ак","Faust; Eigennutz, Geizkragen, Egoist; Kulak, Großbauer; Ballungszentrum"
"худ́ожник","Maler, Kunstmaler; Künstler"
"курс","Kurs; Lehrgang; Studienjahr; Richtung"
"куст","Busch; Strauch"
"сост́ав","Zusammensetzung, Zutaten, Gemisch; Bestand, Besetzung, Kontingent; Zug"
"з́ападный","westlich, West-"
"лет́еть","fliegen"
"́явно","offensichtlich, offenbar; erkennbar, unverkennbar"
"ч́удо","Wunder, Mysterium, übernatürliches Phänomen; Wunderwerk; wundersames Geschöpf, Fabelwesen, rätselhafte Erscheinung"
"кр́айний","äußerst, extrem; allerletzt; Rand-, am Rande gelegen, Grenz-"
"кус́ок","Stück, Scheibe, Bissen; Tausender, eintausend"
"интер́есный","interessant"
"заяв́ить","erklären, geltend machen, äußern; melden"
"отт́уда","von dort, von da"
"ф́ирма","Firma"
"милли́он","Million"
"разум́еться","selbstverständlich, natürlich, gewiß; zu verstehen sein, gemeint sein"
"простр́анство","Raum, Bereich, Erstreckung"
"т́ема","Thema"
"начин́аться","anfangen, beginnen, losgehen"
"миров́ой","Welt-, Friedens-; global"
"уд́арить","schlagen, einen Schlag versetzen"
"напомин́ать","erinnern; mahnen"
"заст́авить","zwingen, nötigen; verrammeln, vollstellen"
"л́иния","Linie, Leitung"
"поговор́ить","reden, sprechen"
"меш́ок","Sack, Beutel"
"нав́ерно","wahrscheinlich, vielleicht; wohl, sicher, bestimmt"
"б́абушка","Großmutter, Oma"
"крик","Schrei, Geschrei; Ruf, Ausruf"
"рот","Mund"
"с́утки","Tag und Nacht, 24 Stunden"
"ключ","Schlüssel; Quelle"
"звон́ить","klingeln; anrufen, telefonieren"
"проц́ент","Prozent; Zins, Rendite"
"ощущ́ение","Empfindung, Gefühl"
"нем́едленно","sofort, sofortig; unverzüglich, auf der Stelle, umgehend"
"́остров","Insel"
"конь","Pferd, Ross, Springer; Hengst"
"объяв́ить","verkünden, offiziell erklären; bekanntgeben, ankündigen, mitteilen"
"́узкий","eng, eingeschränkt; schmal, eng i.S.v. knapp"
"те́атр","Theater"
"жив́от","Bauch"
"произв́одство","Produktion, Fertigung, Erzeugung, Herstellung; Betrieb"
"штаб","Stab"
"д́етство","Kindheit"
"р́езко","abrupt, plötzlich; scharf, schroff, hart, krass"
"прид́умать","ausdenken; erfinden; ersinnen"
"бр́оситься","stürzen, sich werfen, sich stürzen; eilen"
"с́отня","Hundert, hundert; Hunderter, Hundertrubelschein; Hundertschaft"
"попыт́аться","versuchen, probieren"
"стаќан","Glas"
"тр́ое","drei"
"матери́ал","Material; Stoff, Werkstoff"
"́ужас","Schrecken, Grauen; Entsetzen, Grusel, Horror"
"схват́ить","greifen, packen, schnappen, ergreifen, aufgreifen, erwischen, habhaft werden; fassen, begreifen, erfassen; sich holen, sich zuziehen"
"прин́яться","anfangen, sich vornehmen, anpacken; Wurzeln schlagen, anwachsen; sich vornehmen"
"знач́ение","Bedeutung, Wichtigkeit, Bedeutsamkeit, Sinn; Wert, Belang, Rang"
"труб́а","Rohr, Röhre; Trompete"
"отказ́аться","ablehnen, aussschlagen, verweigern; verzichten, zurückweisen, aufgeben"
"винов́атый","schuldig; schuldbewusst"
"сти́х","Vers, Gedicht"
"сп́особ","Art, Weise, Methode, Verfahren"
"обсто́ятельство","Umstand, Sachlage; Adverbiale, Umstandsbestimmung"
"четвёртый","der vierte"
"ст́епень","Ausmaß; Potenz"
"Герм́ания","Deutschland"
"СССР","UdSSR (Union der Sozialistischen Sowjetrepubliken)"
"отпр́авиться","aufbrechen, losgehen, abfahren, abreisen; sich begeben"
"встав́ать","aufstehen, sich erheben"
"волн́а","Welle"
"обрат́иться","sich wenden an, sich richten an; umgehen mit, behandeln; umlaufen, in Umlauf sein"
"мёртвый","tot"
"предлаѓать","vorschlagen, ersuchen, verlangen; anbieten, offerieren"
"глубин́а","Tiefe; Tiefgründigkeit"
"специ́альный","speziell, Spezial-, extra, fachlich; Sonder-, besonder"
"представ́итель","Vertreter, Repräsentant"
"нож","Messer"
"т́очный","genau, exakt, präzis; pünktlich"
"р́ынок","Markt, Markthalle"
"шум","Lärm; Geräusch, Rauschen, Brausen"
"студ́ент","Student"
"впечатл́ение","Eindruck, Impression"
"засме́яться","auflachen, in Lachen ausbrechen"
"отд́ел","Abteilung, Teil, Rubrik"
"з́апад","Westen"
"очќо","Punkt, Wertungspunkt; Klobrille"
"п́адать","fallen, stürzen, umfallen; abstürzen, sinken, absinken; entfallen, zuteil werden"
"заќончить","beenden, fertig sein, zum Schluss kommen, abschließen"
"сним́ать","ausziehen, abnehmen; aufnehmen, fotografieren, filmen; mieten; abheben; abnehmen, abhängen, herunternehmen"
"усп́ех","Erfolg, Gelingen; Fortschritt, "
"инжен́ер","Ingenieur, Diplomingenieur"
"насел́ение","Bevölkerung, Einwohnerschaft"
"жив́отный","tierisch, Tier-"
"встреч́аться","sich treffen, begegnen; vorkommen"
"н́екий","ein gewisser, ein bestimmter"
"вдоль","entlang, längs, der Länge nach"
"пыль","Staub"
"след́ить","folgen, verfolgen; beobachten, überwachen, observieren, bespitzeln; achten, achtgeben, aufpassen, sorgen"
"заход́ить","hineingehen, eintreten; vorbeischauen, kurz besuchen"
"спаст́и","retten"
"зн́ание","Kenntnis; Wissen"
"разл́ичный","verschieden, verschiedenartig; unterschiedlich, allerlei"
"секрет́арь","Sekretär, Schriftführer, Protokollführer"
"побеж́ать","loslaufen, losrennen"
"ош́ибка","Fehler, Rechenfehler; Irrtum, Versehen; Abweichung"
"бо́ец","Kämpfer; Soldat, "
"ж́енский","weiblich; Frauen-, Damen-"
"м́асса","Masse, Menge"
"чёрт","Teufel, Unhold"
"одновр́еменно","gleichzeitig, zu gleicher Zeit; zugleich"
"царь","Zar, Herrscher, König"
"ест́ественно","natürlich; selbstverständlich"
"позвол́ять","erlauben, gestatten, sich leisten, sich gönnen, zulassen; ermöglichen, befähigen"
"закр́ыть","schließen, zumachen, dichtmachen, abschließen, verschließen, absperren; bedecken, zudecken"
"фиѓура","Figur, Persönlichkeit"
"вел́еть","befehlen, anordnen, gebieten"
"прот́ивник","Gegner, Kontrahent, Widersacher, Feind"
"даль","Weite; Ferne"
"знамен́итый","berühmt, bekannt"
"журн́ал","Zeitschrift, Journal, Magazin"
"направл́ение","Richtung, Strömung, Tendenz; Einweisung, Überweisung; Zuweisung"
"з́амок","Schloss, Burg"
"зам́ок","Schloss, Türschloss"
"им́еться","zu haben sein, vorhanden sein, verfügbar sein, existieren; vorliegen, bestehen"
"поб́еда","Sieg, Erfolg"
"сум́еть","fertigbringen, schaffen; können"
"сотр́удник","Mitarbeiter, Kollege, der Angestellte"
"заговор́ить","ansprechen, anfangen zu sprechen, loslegen; zu sprechen kommen, ansprechen, anreden; vollreden, auf jemanden einreden, volllabern"
"кр́епкий","stark; fest; hart"
"подним́аться","steigen, hinaufsteigen, besteigen, ansteigen; sich erheben, aufstehen"
"в́ытащить","herausziehen, herausholen, herausbekommen"
"р́едкий","selten, spärlich, schütter, licht, dünn"
"м́ягкий","weich, zart, gedämpft; mild, sanft"
"городсќой","Stadt-, städtisch, Stadtverkehr"
"соци́альный","sozial, Sozial-"
"́адрес","Adresse, Anschrift, Grußadresse, Ehrenschreiben"
"обращ́аться","umgehen, behandeln; sich wenden an, sich richten an; umlaufen, in Umlauf sein"
"пер́иод","Periode, Zeitraum, Zeitspanne"
"евр́ей","Hebräer, ; Jude"
"слух","Gehör; Gerücht"
"п́ользоваться","nutzen, benutzen, verwenden, gebrauchen; zueigen sein"
"в́ерно","richtig, wahr, (ist) sicher, stimmt; treu, ergeben"
"хвост","Schwanz, Ende; Schweif"
"п́ошлый","flach, platt; verbreitet, gewöhnlich, abgeschmackt"
"предм́ет","Gegenstand, Sache, Ding, Artikel; Fach, Lehrfach; Thema"
"честь","glauben, meinen, denken, erwägen; zählen, rechnen"
"общ́ественный","öffentlich, sozial, gemeinschaftlich, ehrenamtlich; Gesellschafts-, gesellschaftlich"
"открыв́ать","öffnen, aufmachen; eröffnen, beginnen; aufdecken; entdecken!"
"отд́ельный","getrennt, gesondert, separat, Sonder-; einzeln, Einzel-"
"леч́ение","Heilung, Therapie, Behandlung; Kur"
"эконом́ический","Wirtschafts-, wirtschaftlich, ökonomisch, wirtschaftswissenschaftlich"
"вз́яться","herkommen; anfassen, sich machen, sich verpflichten, auf sich nehmen"
"встр́етиться","sich treffen, begegnen"
"зр́ение","Sehkraft, Sehvermögen, Augenlicht; Sicht, Sehen"
"замеч́ать","bemerken, merken, sagen, eine Bemerkung machen"
"наблюд́ать","beobachten, zusehen, beaufsichtigen, aufpassen"
"наобор́от","umgekehrt, verkehrt, dagegen, im Gegenteil"
"ѓолый","nackt, bloß, kahl"
"кр́углый","rund, ganz; kreisförmig, kreisrund, zirkular"
"бед́а","Unglück, Unheil, Misere, Leid; Probleme, Schwierigkeiten"
"стол́ица","Hauptstadt"
"об́ед","Mittagessen, Essen; Mittag, Mittagspause"
"опуст́ить","senken, herablassen; herunterlassen, fallenlassen; einwerfen"
"культ́ура","Kultur"
"сп́ешить","zum Absitzen zwingen, absteigen lassen, absitzen lassen"
"спеш́ить","eilen, hasten, hetzen, sich beeilen; vorgehen"
"высот́а","Höhe"
"террит́ория","Territorium, Gebiet, Gelände"
"кост́юм","Anzug; Kostüm, Tracht"
"св́етлый","hell, klar; licht"
"дерев́янный","hölzern, Holz-"
"гор́аздо","viel; weitaus"
"п́оздно","spät"
"оберн́уться","sich umdrehen, sich umwenden; sich einwickeln, umwickelt werden; sich herausstellen, sich entpuppen; zurechtkommen, sich aus der Affäre ziehen; verzaubert werden, verwandelt werden"
"поп́ытка","Versuch, Anstrengung"
"дно","Grund; Boden"
"пятьдес́ят","fünfzig"
"п́олностью","vollständig, völlig, ganz, restlos"
"стран́ица","Seite"
"л́ишний","überflüssig, unnötig; überschüssig, überzählig, Über-"
"разм́ер","Größe, Abmessung, Betrag, Höhe, Dimension; Ausmaß; Maß, Rythmus"
"кур́ить","rauchen"
"состо́ять","bestehen aus, sich zusammensetzen, sein"
"предпри́ятие","Betrieb; Unternehmen"
"сц́ена","Bühne, Auftritt; Szene, Episode"
"англ́ийский","englisch"
"просн́уться","erwachen, aufwachen"
"устр́оить","veranstalten, organisieren; in Ordnung bringen, ordnen; recht sein, passen; verschaffen, unterbringen"
"понр́авиться","gefallen, gern haben; mögen, stehen auf"
"яв́иться","erscheinen, auftauchen, sich einfinden, kommen; sich erweisen, sein, darstellen"
"фотогр́афия","Foto, Aufnahme; Fotografie, Fotografieren; Fotoatelier"
"заболев́ание","Erkrankung, Krankheit"
"пр́инцип","Prinzip, Grundsatz"
"миг","Augenblick"
"Евр́опа","Europa"
"н́ынешний","derzeitig, heutig, jetzig, gegenwärtig"
"веро́ятно","wahrscheinlich, vermutlich, wohl; möglicherweise"
"тётя","Tante"
"лечь","sich hinlegen; sich legen"
"м́астер","Meister, Handwerker, Könner"
"отр́яд","Abteilung, Gruppe, Zug, Kommando; Einheit, Trupp"
"стар́уха","Alte, alte Frau; Greisin"
"руковод́итель","Leiter, Führer"
"ж́итель","Einwohner, Bewohner"
"меч","Schwert"
"на́учный","wissenschaftlich, akademisch"
"дыш́ать","atmen, einen Atemzug tun; schnüffeln, sniffen"
"госп́одь","Gott der Herr"
"наиб́олее","am meisten, höchst-; auch: больше всего"
"тюрьм́а","Gefängnis"
"ой","oh, ups; au, autsch; verstärkend (was für, welch ein, solch)"
"подожд́ать","warten, erwarten, abwarten"
"ближ́айший","nächste; näheste, nächstgelegene"
"внутр́и","innen, drinnen, innerhalb, in"
"двор́ец","Palast"
"́яркий","leuchtend, farbenfroh, markant, krass; hell, grell"
"учёный","gelehrt, wissenschaftlich; Wissenschaftler, der Gelehrte"
"ќамера","Kamera; Kammer, Zelle"
"привезт́и","bringen, liefern, herbringen"
"существ́о","Wesen, Geschöpf, Kreatur, Figur; Wesentliche, Essenz, Kern, Hauptsache"
"сос́едний","Nachbar-; benachbart"
"фр́аза","Phrase; Satz"
"повтор́ять","wiederholen, noch einmal sagen"
"Ам́ерика","Amerika"
"весн́а","Frühling, Frühjahr"
"л́одка","Boot"
"счит́аться","gelten, rechnen, zählen; gegenrechnen, Rechnung tragen; berücksichtigen, in Betracht ziehen"
"фильм","Film"
"больн́ица","Krankenhaus, Spital"
"смех","Lachen, Gelächter"
"специал́ист","Spezialist, Experte, Fachmann"
"образов́ание","Bildung, Gebilde, Schaffung, Entstehung, Formation; Ausbildung; Herausbildung"
"спасть","abfallen, herunterfallen, sinken, fallen, abnehmen"
"п́ятый","der fünfte"
"мальч́ишка","Bengel, Lausbub, Lausejunge; Junge, Knabe"
"проговор́ить","sagen, eine Weile sprechen; sich unterhalten, äußern"
"в́ыбрать","wählen, aussuchen, auswählen; wählen"
"тяжел́о","schwer, jemand hat es schwer, es fällt jemandem schwer; schwierig, mühsam"
"определённый","bestimmt, klar festgesetzt, eindeutig; definitiv, ausdrücklich; gewiss (manch)"
"прод́укт","Produkt; Erzeugnis"
"пистол́ет","Pistole"
"разд́аться","ertönen, erschallen; in die Breite gehen, sich ausdehnen, sich ausweiten"
"постеп́енно","allmählich, nach und nach, schrittweise"
"р́одина","Heimat, Vaterland"
"возм́ожный","möglich; denkbar, eventuell"
"л́ичность","Persönlichkeit, Person; Identität"
"с́обственно","eigentlich"
"собр́ать","sammeln, packen, zusammenpacken, einsammeln, ansammeln, versammeln, zusammenholen, zusammenrufen; zusammenfügen, zusammenbauen, montieren, zusammenstellen"
"насчёт","bezüglich, deswegen, betreffend"
"вним́ательно","aufmerksam, konzentriert"
"сќорость","Geschwindigkeit, Schnelligkeit, Tempo; Gang"
"уч́асток","Anteil, Parzelle; Abschnitt, Strecke; Bereich, Gebiet, Bezirk, Distrikt, Terrain, Revier"
"техн́ический","technisch"
"в́идимый","sichtbar, scheinbar; erkennbar"
"зверь","Tier; Bestie, Biest"
"вслед","hinterher; nach"
"́ездить","fahren, reisen, besuchen, kommen, sein"
"злой","böse, arg, boshaft, zornig"
"извин́ить","entschuldigen, verzeihen"
"д́икий","wild"
"нар́одный","Volks-; völkisch, volkstümlich, volkseigen-"
"арт́ист","Künstler, Schauspieler, Artist"
"усмехн́уться","schmunzeln"
"автомоб́иль","Automobil, Auto, Kraftwagen, "
"уч́астие","Teilnahme, Beteiligung; Anteilnahme, Mitgefühl"
"кот","Kater; Schürzenjäger, Weiberheld"
"мост","Brücke; Achse"
"прим́ерно","annähernd, etwa, ungefähr; beispielhaft, mustergültig, vorbildlich"
"наход́ить","finden"
"здор́овье","Gesundheit"
"костёр","Feuer, Lagerfeuer, Scheiterhaufen"
"заход́ить","hineingehen, eintreten, einloggen; aufsuchen, vorbeischauen, vorbeigehen; dahingehen, untergehen; abholen, holen"
"челов́ечество","Menschheit"
"п́уля","Kugel, Projektil; Geschoss"
"сомн́ение","Zweifel"
"морсќой","Meeres-, See-"
"отс́утствие","Abwesenheit, Fehlen, Mangel"
"случ́айно","zufällig, zufälligerweise, durch Zufall, aus Versehen, versehentlich, übrigens"
"сл́ожный","kompliziert, schwierig; zusammengesetzt, gemischt, mehrstufig"
"м́ясо","Fleisch"
"н́ечто","etwas"
"собир́ать","sammeln, packen, zusammenpacken, einsammeln, versammeln; zusammenfügen, zusammenbauen, zusammenstellen"
"отм́етить","anmerken, bemerken, erwähnen, feststellen, vermerken, notieren; markieren, kennzeichnen; feiern, begehen, gedenken"
"истор́ический","historisch, geschichtlich"
"чит́атель","Leser"
"досќа","Tafel, Wandtafel; Brett, Planke, Bohle"
"уб́ийство","Mord, Ermordung, Totschlag"
"д́альний","fern, entlegen; entfernt, weit entfernt, weit"
"тян́уть","ziehen, zerren, reißen; ziehen, sich hinziehen; verzögern, in die Länge ziehen, hinauszögern; wiegen; Druck ausüben; herausnehmen, herausziehen; strecken, recken; durchbringen"
"мгнов́ение","Augenblick, Moment"
"вост́ок","Osten"
"обрат́ить","hinwenden, zuwenden, bekehren, lenken"
"отпуст́ить","gehen lassen, loslassen, freilassen, lassen, aus den Händen lassen, lockern; beurlauben, entlassen; nachlassen; wachsen lassen"
"б́егать","laufen, joggen, rennen"
"настро́ение","Stimmung; Laune, Gemütslage"
"означ́ать","bedeuten; bezeichnen, kennzeichnen, markieren"
"составл́ять","zusammenstellen, aufstellen, bilden; ausmachen, betragen, ergeben; verfassen, abfassen"
"ре́альный","wirklich; real, realistisch, reell, realisierbar, durchführbar"
"п́ауза","Pause"
"приём","Aufnahme, Annahme; Empfang, Sprechstunde; Einnahme; Einstellung, Anstellung, Übernahme; Mittel, Methode"
"пор́ог","Schwelle, Türschwelle, Stromschnelle"
"фон","Hintergrund, Untergrund, Grund; Phon; von"
"национ́альный","National-, national"
"в́ыдержать","aushalten, ertragen; bestehen, überstehen"
"́ясный","klar, hell, heiter, deutlich; deutlich"
"в́есело","fröhlich, lustig; spassmachend"
"проп́асть","verschwinden; verlorengehen, verloren sein, abhanden kommen, weg sein, vergehen; dahin sein, zugrunde gehen"
"р́ыжий","rothaarig, rot"
"посто́янно","ständig, fortwährend, immerzu; dauernd, permanent, "
"пес́ок","Sand"
"долг","Pflicht; Schuld, Schuldigkeit; Schulden (plural)"
"наст́олько","dermaßen, derart; soviel, soweit, so sehr"
"пь́яный","betrunken, besoffen, berauscht"
"поступ́ить","handeln, vorgehen, verfahren; eintreten, sich einschreiben, beitreten; eintreffen, eingehen, gelangen"
"предлож́ение","Vorschlag, Angebot, Empfehlung; Antrag; Satz"
"вн́ешний","äußerlich, extern; Außen-, der äußere"
"раб́отник","Arbeiter"
"пров́ерить","prüfen, überprüfen, kontrollieren; testen, erproben"
"отпр́авить","senden, versenden, schicken"
"прекр́асно","schön, wunderschön, wunderbar; herrlich, prächtig, prachtvoll, glänzend; ausgezeichnet, vortrefflich"
"наступ́ить","eintreten, anbrechen, beginnen; herantreten, heranrücken, vorrücken, ; treten; vorstoßen (Truppen)"
"объясн́ять","erklären"
"сожал́ение","Bedauern; Mitleid"
"пож́ать","drücken, schütteln"
"св́ерху","von oben, oben, oberhalb, über"
"торч́ать","stecken, , abstehen; sich herumdrücken, sich aufhalten; hervorstehen, heraushängen"
"оставл́ять","lassen, belassen; überlassen, zurücklassen, verlassen, hinterlassen; behalten"
"ѓорло","Hals, Mündung; Kehle, Gurgel"
"навстр́ечу","entgegen, entgegen-"
"сп́исок","Liste, Verzeichnis"
"з́адний","Hinter-, Rück-"
"пр́аздник","Fest, Feier; Feiertag, Festtag"
"ѓосподи","um Gottes Willen"
"поќой","Ruhe"
"ш́утка","Witz, Spaß, Streich; Scherz"
"л́етний","Sommer-"
"вари́ант","Variante"
"заним́ать","besetzen, beanspruchen, innehaben; leihen, borgen; einnehmen"
"дых́ание","Atem, Atmung"
"призн́аться","gestehen, eingestehen, zugeben; - ehrlich gesagt -"
"орган́изм","Organismus"
"дрож́ать","zittern, bibbern; beben"
"пойм́ать","fangen, erwischen, ertappen"
"оп́асный","gefährlich"
"ж́ертва","Opfer"
"д́алее","weiter, ferner"
"нач́альство","Vorgesetzte, Obrigkeit"
"ќаменный","Stein-, steinern, steinig"
"руќав","Ärmel; Schlauch; Flußarm"
"зан́ятие","Ausübung, Beschäftigung; Unterricht, Unterrichtsstunde"
"с́еверный","nördlich, Nord-"
"призн́ать","anerkennen, befinden, erkennen; eingestehen, gestehen, zugeben"
"охр́ана","Schutz, Bewahrung; Wache"
"б́едный","arm, dürftig, karg"
"посто́янный","ständig, konstant, permanent, beständig; andauernd, fortwährend; Dauer-, Stamm-; immer wieder"
"м́асло","Butter, Öl; Ölmalerei"
"с́унуть","stecken, hineinstecken, hineinstopfen; zustecken, in die Hand drücken"
"захот́еть","wollen, möchten, Lust bekommen"
"кость","Knochen; Gräte"
"междунар́одный","international"
"воскл́икнуть","rufen, ausrufen"
"полтор́а","anderthalb, eineinhalb"
"пр́инятый","angenommen, akzeptiert; üblich, gebräuchlich"
"вскоч́ить","springen, aufspringen"
"центр́альный","zentral, Zentral-; Mittel-, Haupt-"
"чин́овник","Beamter, Beamtenseele, Bürokrat"
"́эхо","Echo, Widerhall"
"вниз́у","unten, unterhalb"
"здр́авствовать","sich wohl befinden, leben, lebendig sein, wohlauf sein"
"потол́ок","Decke, Zimmerdecke; Obergrenze, Höchstmaß"
"лёгкое","Lunge"
"руков́одство","Führung, ; Leitung; Anleitung; Richtlinie; Lenkung; Leitfaden"
"защ́ита","Schutz; Verteidigung; Abwehr"
"разреш́ить","erlauben, gestatten, bewilligen, genehmigen, zustimmen; beilegen, schlichten, lösen"
"в́ажно","wichtig, bedeutend"
"эн́ергия","Energie, Tatkraft"
"звон́ок","Klingel, Klingelzeichen, Forderung; Anruf"
"постр́оить","bauen, ausbauen, aufbauen; aufstellen"
"сигар́ета","Zigarette"
"закр́ытый","geschlossen"
"пуст́ить","lassen, erlauben; loslassen, weglassen, fortlassen, durchlassen, anlassen, in Bewegung setzen, in Betrieb nehmen, dem Verkehr übergeben; hereinlassen; reinlassen"
"тепл́о","warm, herzlich, es ist warm"
"установ́ить","aufstellen, montieren, einführen; installieren; herstellen, errichten; festsetzen, bestimmen; feststellen"
"з́она","Zone, Gebiet"
"див́ан","Sofa, Couch; Diwan"
"встреч́ать","treffen, begegnen"
"внез́апно","plötzlich, überraschend, unerwartet, ; abrupt, jäh, auf einmal, "
"пред́ел","Grenze, Grenzwert, Extremwert, Limit; Schwelle, Schranke"
"ед́иный","Einheits-; einzig, alleinig; einig, einmütig; einheitlich"
"напр́отив","gegenüber; dagegen, im Gegenteil"
"зря","unnütz; umsonst, vergeblich"
"полаѓать","mutmaßen, annehmen, vermuten, glauben, erwarten, schätzen; setzen, festlegen, auferlegen"
"перейт́и","hinübergehen, konvertieren, überqueren."
"мечт́ать","träumen, schwärmen"
"пятн́адцать","fünfzehn"
"тер́ять","verlieren"
"исп́ытывать","prüfen, erproben, testen, ausprobieren; empfinden, erleiden, verspüren, erfahren, erleben"
"пост́ель","Bett"
"т́айна","Geheimnis"
"лезть","klettern, kraxeln; kriechen, hineinkriechen, eindringen; sich einmischen; ausfallen"
"тум́ан","Nebel"
"др́евний","alt, uralt; antik, altertümlich"
"брос́ать","werfen, bewerfen, zuwerfen; verlassen, im Stich lassen; aufhören, aufgeben"
"кн́ижка","Büchlein; Dritter (Vor)magen"
"ж́алко","schade"
"воспомин́ание","Erinnerung"
"оглян́уться","sich umsehen, sich umwenden, zurückblicken, sich umblicken, um sich blicken"
"Ленингр́ад","Leningrad"
"густ́ой","dicht, dick; dickflüssig, zähflüssig"
"практ́ически","praktisch"
"в́ечный","ewig"
"существов́ание","Existenz, Dasein; Vorhandensein, Bestehen"
"сз́ади","von hinten, hinter"
"корол́ева","Königin"
"принадлеж́ать","gehören, zukommen; dazugehören, hergehören"
"ц́ерковь","Kirche"
"преступл́ение","Verbrechen; Delikt, Straftat, Freveltat, Übeltat"
"муз́ей","Museum"
"план́ета","Planet"
"оп́асность","Gefahr"
"прочит́ать","durchlesen"
"говор́иться","von etwas handeln, die Rede sein von; heißen; gesagt werden, erzählt werden"
"пусќать","lassen, erlauben; anlassen, in Betrieb nehmen; hereinlassen"
"пр́очий","sonstig, anderweitig; übrig, restlich"
"пол́оженный","festgelegt, vereinbart vorgeschrieben, vorgesehen; gelegt"
"иностр́анный","ausländisch, Auslands-, Fremd-, fremd, Außen-, auswärtig"
"н́изкий","niedrig, klein, tief, flach; gemein, niederträchtig, schlecht"
"п́оиск","Suche, Recherche"
"пал́атка","Zelt, Bude, Verkaufsstand, Kiosk"
"приглас́ить","einladen; kommen lassen, rufen, auffordern"
"добр́аться","erreichen; gelangen, hinkommen"
"франц́узский","französisch"
"ист́очник","Quelle, Ursprung"
"ч́естно","ehrlich"
"основ́ание","Grund, Begründung, Anlass, Grundlage; Grundfläche; Basis, Fundament, Unterlage, Unterbau; Gründung; Base"
"вид́ать","sehen, treffen"
"р́одственник","Verwandter, Angehöriger"
"уѓодный","angenehm, gefällig"
"выступ́ать","auftreten; hervortreten, sich zeigen, vorspringen, hervorragen"
"вс́якая","jegliche"
"определ́ить","bestimmen, definieren, festsetzen, abgrenzen"
"взр́ослый","erwachsen, ausgewachsen; Erwachsener"
"заглян́уть","vorbeikommen, vorbeischauen, hinschauen; nachsehen, hineinschauen, hineingucken"
"́осень","Herbst"
"представл́ение","Vorstellung, Auffassung, Idee; Vorführung, Aufführung, Darstellung; Präsentation, Vorlage; Repräsentation"
"спос́обность","Fähigkeit, Befähigung; Begabung, Talent"
"пон́ятие","Ahnung, Idee, Vorstellung; Begriff; Konzept"
"тон","Ton, Klang, Laut, Tönung, Farbe"
"ит́ак","also, ergo, somit, nun, folglich"
"аппар́ат","Apparat, Gerät; Verwaltungsapparat, Personaleinheit"
"вод́итель","Fahrer"
"утвержд́ать","genehmigen, billigen, sanktionieren, verabschieden; behaupten, bekräftigen"
"гл́упый","dumm, doof; albern, töricht"
"б́ольно","schmerzhaft, schmerzlich, schmerzen; sehr, allzu, höchst"
"т́айный","Geheim-, geheim, heimlich, verborgen"
"крыл́о","Flügel, Kotflügel, Tragflügel, Flügel Tragfläche"
"измен́ение","Veränderung, Änderung; Wandel, Wechsel"
"бес́еда","Gespräch, Aussprache; Unterhaltung, Konversation"
"пост","Posten, Position, Wachposten, Stellung, Amt; Fastenzeit, Fasten"
"в́ывод","Abzug, Rückzug; Ausgabe, Hinausbefördern, Output; Folgerung, Schlußfolgerung, Herleitung; Ergebnis, Konsequenz"
"ком́иссия","Komission, Ausschuß, Gremium; Provision"
"мн́ожество","Vielzahl, Menge, große Anzahl; Unmenge"
"явл́ение","Erscheinung, Ereignis, Auftritt, Szene; Phänomen"
"тороп́иться","sich beeilen, sich übereilen; eilen"
"р́озовый","rosa, rosafarben, rosig, Rosen-"
"в́ынуть","herausnehmen, holen, herausziehen, entfernen"
"красот́а","Schönheit"
"дальн́ейший","weitere"
"мор́оз","Frost"
"д́ача","Datscha, Wochenendhaus, Sommerfrische; Gabe, Verabreichung"
"очев́идно","offensichtlich, offenbar, augenscheinlich"
"паст́ух","Hirte, Schäfer"
"верн́уть","zurückgeben, zurückerstatten, wiedergeben, zurückschicken"
"р́ано","früh, zeitig, frühzeitig, vorzeitig"
"стр́оить","bauen, ausbauen, aufbauen, aufstellen"
"стро́ить","verdreifachen, drei Mal wiederholen"
"дон","Don"
"догад́аться","erraten; erahnen, vermuten, auf einen Gedanken kommen"
"остальн́ое","Rest, das übrige"
"мл́адший","der jüngere, der jüngste, untergeordnet, Unter-, der untere"
"стр́ого","streng, hart, genau, strickt"
"площ́адка","Platz, Plattform, Treppenabsatz"
"н́иже","niedriger, kleiner, tiefer, unten, unter"
"ус́илие","Anstrengung, Bemühung"
"при́ятель","Kumpel, Kamerad; Freund"
"р́учка","Schreibstift, Füller, Federhalter; Griff, Klinke; Armlehne; Armlehne; Händchen"
"поверн́уть","drehen, wenden; abbiegen, einbiegen, biegen"
"раст́и","wachsen, zunehmen, steigen, ansteigen"
"ст́олик","kleiner Tisch, Tischchen, Beistelltisch"
"журнал́ист","Journalist"
"наверняќа","sicher, sicherlich, mit an Sicherheit grenzender Wahrscheinlichkeit; bestimmt, zweifellos, zweifelsfrei"
"в́ыстрел","Schuss"
"́озеро","See"
"разобр́аться","sich auskennen, aufklären; Ordnung machen, in Ordnung bringen, ordnen; zerlegt werden, auseinandergenommen werden"
"при́ятно","angenehm"
"с́умка","Tasche, Handtasche"
"кин́о","Kino, Film, Filmkunst, Kinematographie"
"д́олжность","Amt, Dienststellung, Stelle; Posten, Funktion"
"зло","das Böse, Bosheit; Übel"
"поз́иция","Position, Stellung, Haltung, Einstellung, Standpunkt"
"погляд́еть","anblicken, anschauen"
"в́ерхний","oberer, obere, oberes, Ober-"
"удивл́ение","Überraschung; Erstaunen; Verwunderung"
"сл́едователь","Ermittler, Untersuchungsführer"
"учен́ик","Schüler; Lehrling, Auszubildender"
"серьёзно","ernst, ernstlich, im Ernst, in der Tat"
"при́ятный","angenehm, annehmlich; ansprechend, gefällig, sympathisch"
"осн́ова","Basis, Fundament; Grundlage, Stamm"
"ѓоре","Kummer, Gram, Kümmernis, Verdruss; Weh, Leid, Unglück"
"в́ыскочить","herausfallen, ausfallen, entfallen; hinausspringen, herausspringen, hervorspringen"
"повезт́и","fahren, bringen, transportieren; Glück haben"
"рожд́ение","Geburt"
"п́есня","Lied, Song"
"гот́овиться","sich vorbereiten"
"пол́ок","Pritsche"
"выполн́ять","ausführen, erledigen, vollführen, vollziehen, verwirklichen; erfüllen, einlösen"
"старшин́а","Hauptfeldwebel; (Ober)maat; Ältester, Oberhaupt (einer Gemeinde)"
"колес́о","Rad"
"вряд","kaum, schwerlich, "
"шофёр","Chauffeur, Fahrer, Kraftfahrer"
"про́ект","Projekt, Vorhaben; Entwurf, Plan, Vorschlag"
"с́овесть","Gewissen"
"навсегд́а","für immer; auf immer"
"зав́исеть","abhängen, abhängig sein; angewiesen sein"
"суть","Wesentliche, Kern, Kernpunkt"
"реж́им","Regime, politisches Regime, Lebensweise; Ablauf, Modus"
"подним́ать","heben, aufheben, hochheben; erheben; steigern, anheben, erhöhen; hochziehen"
"стен","Sthen"
"чемод́ан","Koffer"
"пл́атье","Kleid; Gewand, Kleidung"
"возраз́ить","erwidern, entgegnen; einwenden"
"хоз́яйство","Wirtschaft, Betrieb; Haushalt"
"пункт","Punkt, Stelle, Paragraph"
"ствол","Stamm, Schaft, Strang; Lauf, Waffe; Rohr, Strahlrohr; Schacht, Röhre"
"толк","Sinn, Nutzen, Bedeutung; Gerede, Gerücht; Richtung, Strömung; Drücken, Stubsen, Stoßen"
"вкус","Geschmack"
"приезж́ать","ankommen, eintreffen, angereist kommen"
"т́отчас","sofort, sogleich; auf der Stelle"
"добр́о","Wohltat; gut, gutherzig, herzlich"
"портр́ет","Porträt; Bildnis, Bild"
"спуст́я","später, danach; nach"
"полк","Regiment"
"отдел́ение","Abteilung, Station, Zweigstelle, Filiale, Abteil, Fach, Teil, Gruppe; Filiale; Station (Krhs)"
"п́одать","Abgabe, Steuer"
"под́ать","reichen, geben; einreichen, zuführen, zuwerfen; servieren, auftragen"
"обстан́овка","Verhältnisse, Umstände, Atmosphäre; Ausstattung, Möblierung"
"пятн́о","Fleck, Flecken"
"жен́иться","heiraten; sich verheiraten"
"бровь","Braue, Augenbraue"
"телев́изор","Fernsehgerät, Fernseher"
"найт́ись","sich finden, sich auffinden, sich zurechtfinden"
"звуч́ать","klingen, tönen, erschallen, erklingen, ertönen"
"б́аза","Basis, Grundlage; Stützpunkt, Militärbasis; Station, Materiallager, Lager, Lagerstätte"
"отлич́аться","sich unterscheiden; sich auszeichnen"
"отдав́ать","weggeben, zurückgeben; hingeben, anvertrauen, überlassen; abgeben; ausgeben"
"трев́ога","Alarm, Aufregung, Angst; Unruhe, Sorge, Besorgnis"
"посл́ушать","zuhören; hinhören, lauschen"
"помещ́ение","Unterbringungsmöglichkeit, Räumlichkeit; Anlage"
"д́елаться","werden; geschehen, vorgehen; gemacht werden"
"перевест́и","übersetzen, dolmetschen; transferieren, überweisen, übertragen; verschieben, versetzen, verlagern, verlegen, versetzt werden"
"ур́ок","Lektion, Unterricht; Stunde, Unterrichtsstunde"
"в́ыдать","ausgeben, aushändigen, ausstellen, auszahlen, ausleihen; verraten, preisgeben offenbaren, enthüllen; vorgeben, sich ausgeben für"
"повед́ение","Benehmen, Betragen; Verhalten"
"созд́ание","Schaffung, Erschaffung, Kreation; Schöpfung, Erschöpfung, Geschöpf; Erstellung, Herstellung; Gründung, Bildung"
"собр́ание","Versammlung; Sammlung; Sitzung, Zusammenkunft"
"д́едушка","Großvater, Opa"
"безоп́асность","Sicherheit, Gefahrlosigkeit"
"н́ервный","nervös; Nerven-, nervlich"
"обо","gegen; über"
"ф́ункция","Funktion"
"наруш́ение","Störung; Verstoß, Bruch; Nichteinhaltung, Verletzung, Übertretung"
"тр́ебоваться","erforderlich sein, nötig sein, verlangt werden"
"экр́ан","Bildschirm; Filmleinwand, Bildwand"
"забр́ать","mitnehmen, abholen; wegnehmen, nehmen, herausnehmen, entnehmen, kürzer machen; verhaften, beschlagnahmen; abschwenken; verschlagen, verschalen"
"ш́апка","Mütze, Kappe"
"убив́ать","töten, umbringen; totschlagen"
"в́ыпустить","hinauslassen, herausgeben; herauslassen, auslassen, entlassen, freilassen"
"полос́а","Streifen, Band, Landstrich; Kolumne, (Druck)spalte; Leiste, Zone; Spur, Bahn; Zeitspanne, Periode"
"хоз́яйка","Besitzerin, Hausherrin, Frau des Hauses, Hausfrau; Wirtin, Gastgeberin"
"штан́ы","Hose, Hosen, Schlüpfer"
"врать","lügen; flunkern, schwindeln"
"грязь","Schmutz, Dreck; Schlamm"
"ж́алить","stechen, beißen"
"заявл́ение","Antrag, Gesuch; Bewerbung; Erklärung"
"н́ижний","Unter-, der untere, der unterste; Nieder-"
"жал́еть","bedauern, bereuen, bemitleiden; sparen, schonen"
"труп","Leiche, Leichnam"
"неож́иданный","unerwartet, wider Erwarten, plötzlich; unvermutet, unverhofft, unversehens, überraschend"
"з́анятый","besetzt, belegt; beschäftigt"
"под́арок","Geschenk"
"руб́ашка","Hemd"
"́август","August"
"преврат́иться","sich verwandeln; werden zu"
"кр́епко","fest, stark"
"объ́ект","Objekt"
"откр́ыться","sich öffnen, aufgehen, geöffnet werden, eröffnet werden, beginnen; sich eröffnen, sich zeigen; entdeckt werden, offenbar werden"
"м́ощный","mächtig, gewaltig; leistungsstark, stark, kräftig"
"университ́ет","Universität"
"ох́ота","Jagd; Lust, Lust haben"
"шт́ука","Stück, Sache, Ding"
"м́уха","Fliege"
"обойт́ись","umgehen, behandeln; abgehen, ablaufen; unverzichtbar; auskommen, entbehren können; kosten"
"махн́уть","winken, zuwinken, abwinken; schwingen, schwenken; einen schwenken, einen kippen, saufen; springen, sich stürzen"
"дов́ольный","zufrieden"
"твёрдый","hart, ; fest, fix, standhaft"
"молоќо","Milch"
"кат́ить","rollen, wälzen, rollen"
"отчеѓо","weshalb, weswegen, warum, deswegen"
"никуд́а","nirgendwohin"
"в́ынужденный","gezwungen, genötigt; notgedrungen"
"напр́авить","richten, zielen, leiten, lenken; einweisen, überweisen, verweisen, zuweisen"
"б́уква","Buchstabe"
"пол́езть","klettern; in Tasche tastend suchen"
"верш́ина","Gipfel, Berggipfel, Wipfel, Baumwipfel; Höchstpunkt, Scheitel, Spitze"
"пов́ерхность","Oberfläche"
"терп́еть","dulden, tolerieren, sich gedulden, geduldig sein; ertragen, erleiden, leiden"
"рассм́атривать","betrachten, untersuchen, prüfen, sich ansehen"
"сход́ить","herabsteigen, niedergehen, hinuntergehen; verlassen, fortgehen; abgehen, sich ablösen, abbröckeln; durchgehen"
"обращ́ать","hinwenden, zuwenden, bekehren, lenken; achten"
"б́ольший","der größere"
"тов́ар","Ware, Artikel"
"доказ́ать","beweisen, nachweisen"
"л́апа","Pfote, Tatze; Fuß, Bein; fig.: Ast (Zweig) von Nadelbäumen"
"од́етый","gekleidet, angezogen"
"спуст́иться","herunterkommen, absteigen, hinuntergehen, hinuntersteigen, runterfahren, runterrutschen; abfallen, abschüssig sein, nach unten verlaufen, sich absenken; niedergehen, landen; sich verringern, weniger werden, sinken"
"воев́ать","Krieg führen; kämpfen gegen etw., streiten um etw."
"абсол́ютно","absolut"
"прод́ать","verkaufen; verraten"
"серед́ина","Mitte"
"с́олнечный","Sonnen-; sonnig"
"назн́ачить","bestimmen, festlegen; benennen, ernennen, einsetzen, berufen zu; festsetzen, anberaumen, ansetzen, anordnen; verordnen, verschreiben, verabreichen"
"дом́ашний","Haus-, Privat-; häuslich"
"бриѓада","Brigade"
"проч́есть","durchlesen; ablesen"
"боѓатый","reich, reichlich"
"пр́изнак","Anzeichen, Zeichen, Indiz; Merkmal, Kennzeichen; Indiz"
"пол́итика","Politik"
"ќапля","Tropfen, ein bißchen, ein wenig"
"вес","Gewicht, Einfluss"
"измен́иться","sich ändern, sich verändern"
"комит́ет","Komitee, Ausschuß; Beirat, Gremium"
"отойт́и","sich entfernen, verlassen, sich zurückziehen; abkommen vom Weg, abweichen, ausweichen"
"плащ","Mantel, Staubmantel; Umhang, Regenmantel"
"н́ету","ist nicht da, ist nicht vorhanden"
"пот́ок","Strom, Strömung; Fluss, Durchfluss"
"реш́ать","lösen; entscheiden, beschließen, einen Entschluß fassen, eine Entscheidung treffen"
"в́ырасти","wachsen, groß werden, erwachsen sein, aufwachsen, wachsen steigen; plötzlich erscheinen, sich entwickeln"
"познаќомиться","kennenlernen; bekannt werden"
"зан́ять","einnehmen, belegen, beanspruchen, besetzen, innehaben; leihen, borgen"
"гул́ять","spazieren gehen, herumspazieren, bummeln; mit jmdm. gehen, zusammensein, es treiben), mit jmdm. in einer Liebesbeziehung sein; ausgehen, sich vergnügen; frei haben, blaumachen"
"посад́ить","pflanzen, einpflanzen; setzen, hinlegen, legen; landen"
"бл́едный","blass, bleich"
"стрем́иться","streben, anstreben, bestrebt sein"
"сост́авить","zusammenstellen, aufstellen, bilden; beträgt, ergeben; verfassen, abfassen"
"зад́уматься","nachdenklich werden, sich in Gedanken vertiefen, nachdenken, sich Gedanken machen, ins Grübeln geraten"
"х́олод","Kälte"
"Пар́иж","Paris"
"незнаќомый","unbekannt, fremd"
"реш́ительно","entschlossen, fest, entschieden, kategorisch"
"позв́ать","rufen; einladen"
"в́ыполнить","ausführen, erledigen, vollführen, vollziehen, erfüllen"
"зап́иска","Zettel, Notiz"
"появл́ение","Erscheinen, Auftreten, Auftauchen"
"плат́ок","Tuch, Kopftuch"
"дв́инуться","sich in Bewegung setzen, in Bewegung kommen; sich bewegen"
"облад́ать","besitzen, haben, verfügen"
"успоќоиться","sich beruhigen, ruhig werden, sich zufriedengeben"
"забыв́ать","vergessen"
"об́язанный","verpflichtet; pflichtig"
"ќорпус","Gebäude, Block; Körper, Rumpf; Korps, Truppe; Gehäuse"
"остан́авливаться","anhalten, halten, stehenbleiben, stillstehen, stoppen; sich aufhalten, Station machen"
"захват́ить","mitnehmen, nehmen, mithaben, ergreifen, hinreißen; erbeuten, erobern; überraschen, ertappen; begeistern, fesseln"
"бл́изко","nah, unweit, nicht weit; in der Nähe, nicht weit von"
"оконч́ательно","endgültig, abschliessend, letztendlich; vollends"
"св́едение","Zusammenziehen, Reduzierung, Hinabführung, Zurückführung; Zusammenführung; Information, Meldung, Auskunft, Angaben -; Angabe"
"свед́ение","Daten; Angaben; Wissen; Information"
"м́ежду те'м","inzwischen, zur gleichen Zeit"
"ш́орт-тре'к","Eiskunstlaufwettbewerbe, Short Track"
