"козёл","Ziegenbock"
"леч́ить","behandeln; heilen"
"в́ытереть","abwischen, abputzen; abtrocknen"
"внез́апный","plötzlich, unerwartet, überraschend, abrupt"
"удивл́енно","überrascht; erstaunt; verwundert"
"над́олго","für lange"
"раб","Sklave"
"максим́альный","Maximal-, maximal, Höchst-"
"включ́ать","einschalten, anschließen, anmachen; einschließen, einbeziehen, einfügen"
"привл́ечь","an sich ziehen, anlocken, reizen, imponieren; heranziehen, hinzuziehen"
"преврат́ить","verwandeln"
"наверх́у","oben"
"образ́ец","Vorbild; Muster, Beispiel, Sample, Vorlage, Prüfstück"
"д́авний","einstig, vor langer Zeit geschehen, längst vergangen, längst gewesen; alt"
"отв́етственный","verantwortlich, schwerwiegend, entscheidend; verantwortungsvoll"
"стесн́яться","sich schämen, sich genieren; sich einschränken, sich beschränken; schüchtern sein"
"сќучно","langweilig, es ist langweilig"
"под́елать","eine Weile etwas tun"
"нап́олнить","füllen, ausfüllen, befüllen"
"выполн́ение","Ausführung, Erfüllung, Erledigung, Vollziehung"
"факт́ически","faktisch, tatsächlich"
"дев́ятый","der neunte"
"пад́ение","Fall, Verfall, Untergang, Niedergang; Absturz, Sturz, Sinken"
"им́ущество","Vermögen, Eigentum; Hab und Gut, Habseligkeiten, Habe, Gut"
"свал́иться","fallen, stürzen; krank werden, zusammenklappen; zufallen, zuteil werden; unerwartet auftauchen, angeschneit kommen"
"ток","Strom; Strömung, Zug; Tenne, Dreschboden; Balzplatz; Toque"
"напряжённый","angespannt, gespannt, angestrengt; anstrengend"
"подосл́ать","entsenden, vorbeischicken; heimlich zuschicken"
"при́езд","Ankunft"
"пляж","Strand, Badestrand; Strandbad"
"забол́еть","erkranken; von einer Leidenschaft ergriffen werden; zu schmerzen beginnen"
"сюжет","Sujet, Thema, Motiv; Handlung, Gegenstand, Inhalt"
"слон","Elefant; Läufer beim Schach"
"прос́ыпаться","verschüttet werden, verstreut werden, ausgeschüttet werden"
"просып́аться","aufwachen, erwachen; ausschlafen; verschüttet werden, verstreut werden, ausgeschüttet werden"
"монаст́ырь","Kloster"
"подр́осток","Teenager, Jugendlicher; Halbwüchsiger, Minderjähriger"
"боѓатство","Reichtum"
"п́ередо","vor"
"сл́едовательно","folglich; somit, also, demnach, infolgedessen"
"дневн́ик","Tagebuch"
"жев́ать","kauen, durchkauen; zerknittern, zerknautschen"
"баз́ар","Basar; Markt, "
"исп́олнить","ausführen, durchführen, erledigen, verrichten, verwirklichen; aufführen, darbieten, darstellen, vorführen, vortragen"
"пр́ыгнуть","springen, losspringen, hüpfen"
"пр́оволока","Draht"
"провол́ока","Verzögerung, Verschleppung"
"зап́исывать","aufschreiben, notieren, nachschreiben, vormerken; aufnehmen, aufzeichnen; eintragen, anmelden, einschreiben"
"́ярость","Wut, Rage; Zorn"
"́искренне","aufrichtig, innig"
"увер́ять","versichern, beteuern"
"хим́ический","chemisch"
"оќончить","beenden, absolvieren, abschließen"
"охран́ять","bewachen, schützen; wahren, bewahren, aufbewahren"
"необ́ычный","ungewöhnlich, außergewöhnlich, ungewohnt; auffällig, ausgefallen, sonderbar"
"зад́умываться","nachdenklich werden, sich in Gedanken vertiefen, nachdenken, sich Gedanken machen"
"предыд́ущий","vorig, vorhergehend"
"кл́ясться","schwören"
"воротн́ик","Kragen"
"р́ослый","hochgewachsen, ; großwüchsig, von hohem Wuchs"
"подполќовник","Oberstleutnant"
"разр́ушить","zerstören, vernichten, zunichte machen; ruinieren, demolieren"
"аэроп́орт","Flughafen"
"́издали","von weitem, aus der Ferne"
"длин́а","Länge"
"заб́ытый","vergessen sein, vergessen werden"
"авторит́ет","Autorität, Ansehen"
"м́ысленно","gedanklich (geistig, mental), innerlich"
"принц́есса","Prinzessin"
"т́уфля","Schuh, Halbschuh"
"тасќать","ziehen, schleppen, schleifen; klauen, mitgehen lassen, stibitzen"
"нанест́и","auftragen, eintragen; herbeitragen, zusammentragen; zufügen, hinzufügen"
"м́удрый","weise, klug"
"ветвь","Ast, Zweig"
"кр́изис","Krise"
"д́ескать","angeblich, es heißt; also"
"остор́ожный","vorsichtig, behutsam, achtsam"
"пожел́ать","wünschen"
"отъ́езд","Abreise; Abfahrt; Aufbruch"
"кгб","KGB"
"накр́ыть","decken, zudecken, bedecken; erwischen, ertappen"
"зал́ить","begiessen, übergiessen; überfluten, überschwemmen"
"нер́едко","nicht selten, ziemlich oft"
"пр́едок","Vorfahr, Urahn; Eltern"
"ж́идкость","Flüssigkeit"
"орќестр","Orchester, Kapelle"
"дыр́а","Loch; Schlupfloch"
"по́есть","ein wenig essen, alles aufessen"
"год́иться","taugen, nützlich sein; sich eignen, geeignet sein, zu gebrauchen sein"
"волш́ебник","Zauberer, Magier"
"счесть","halten, glauben, meinen; rechnen, zählen, zusammenzählen, ermessen"
"скрыв́аться","sich verbergen, sich verstecken; verschwinden"
"обвин́ение","Beschuldigung, Anschuldigung, Anklage"
"бред","Fieberwahn, Fieberphantasie, Delirium; Quatsch, Unsinn, Quatsch"
"рис","Reis"
"стар́ательный","fleißig, beflissen, eifrig; sorgfältig, gewissenhaft, bemüht"
"маршр́ут","Reiseroute, Wanderroute, Strecke, Linie; Streckenführung, Strecke, Linie; Marschroute"
"привяз́ать","anbinden, festbinden"
"м́аршал","Marschall"
"д́ошлый","gewieft, gerissen, findig, clever; erfahren, mit allen Wassern gewaschen"
"зав́идовать","beneiden, neidisch sein"
"большев́ик","Bolschewik, Bolschewist"
"сп́инка","Rückenlehne, Lehne"
"аж","sogar; sage und schreibe, immerhin, doch tatsächlich... (zur Betonung der Aussage)"
"общеж́итие","Wohnheim, Studentenheim"
"предст́авиться","sich vorstellen; entstehen, sich ergeben; scheinen, erscheinen; vorgeben, sich für etwas ausgeben"
"определ́ение","Definition, Bestimmung; Festlegung, Entscheid, Beschluss; Feststellung, Ermittlung"
"см́ертный","sterblich, tödlich"
"спал́ить","verbrennen, versengen; niederbrennen, abbrennen"
"гад","abscheulicher Mensch, Scheusal, Bastard, Ekelpaket, Kotzbrocken; ekeliges Vieh, Amphibie, Weichtier"
"м́едный","Kupfer-, kupfern"
"традици́онный","traditionell"
"рван́уть","reißen, zerren, ziehen; zerfetzen, zerreissen; losstürzen"
"размышл́ять","nachdenken, grübeln, sinnieren"
"прибл́изиться","sich nähern, herantreten, herankommen, heranrücken, nahen"
"прилож́ить","anlegen, dranhalten, auflegen; beilegen, beifügen, dazulegen, auflegen; zulegen, aufwenden, verwenden, anwenden"
"хл́опать","klatschen; schlagen, klopfen; knallen, sich hinter die Binde giessen"
"ерунд́а","Quatsch, Unsinn; Kleinigkeit, Bagatelle, Lappalie"
"пр́иступ","Anfall"
"кр́епость","Festung, Burg; Festigkeit, Stärke; Besitzrecht, Handelsbrief, Kaufbrief, zu Ländereien, Leibeigenschaft, Knechtschaft"
"треск","Krachen, Knacksen, Prasseln, Knallen, Knistern"
"интервь́ю","Interview"
"с́умерки","Dämmerung"
"проводн́ик","Führer, Leiter; Zugbegleiter, Schaffner"
"демократ́ический","demokratisch"
"под́обно","ähnlich"
"уч́ительница","Lehrerin"
"конв́ерт","Briefumschlag, Kuvert; Zudecke"
"анекд́от","Anekdote"
"изобраз́ить","darstellen, zeigen, spielen, verkörpern, widerspiegeln, nachahmen; darlegen, schildern, gestalten"
"физион́омия","Physiognomie, Gesicht, Visage"
"обиж́аться","beleidigt sein, gekränkt sein, sich gekränkt fühlen"
"видн́еться","zu sehen sein, sichtbar sein"
"трамв́ай","Straßenbahn"
"в́ылететь","hinausfliegen, ausfliegen, abfliegen, "
"кварт́ал","Viertel, Stadtviertel, Häuserblock; Quartal, Vierteljahr"
"риск","Risiko"
"друж́ок","Freund, Freundchen; Kumpel, Spezi"
"с́емьдесят","siebzig"
"кол́ючий","stachelig, dornig, kratzend"
"военно","kriegerisch; militär-, militärisch"
"прыж́ок","Sprung, Absprung, Hüpfer"
"ф́абрика","Fabrik, Betrieb"
"отмеч́ать","anmerken, bemerken, erwähnen, feststellen, vermerken, notieren; markieren, kennzeichnen; feiern, begehen, gedenken"
"обол́очка","Hülle; Umhüllung, Haut"
"опис́ание","Beschreibung"
"свид́етельство","Zeugnis, Bezeugung, Zeugenaussage; Bescheinigung, Nachweis, Attest, Urkunde"
"взор","Blick"
"адвоќат","Advokat, Fürsprecher, Verteidiger; Anwalt, Rechtsanwalt"
"раскр́ытый","geöffnet; aufgedeckt, aufgeklärt; unbedeckt, entblößt"
"ж́уткий","unheimlich, gruslig; schaurig, schrecklich, makaber"
"наст́аивать","bestehen, beharren; einen Aufguss machen, ziehen lassen"
"завед́ение","Einrichtung; Anstalt, Institution"
"восстанов́ить","wiederherstellen, wiederaufbauen, restaurieren; sich ins Gedächtnis zurückrufen; aufbringen, aufreizen"
"рядов́ой","gewöhnlich, Durchschnitts-; Reihen-, aneinandergereiht"
"покид́ать","verlassen, im Stich lassen; werfen"
"арх́ив","Archiv, Aktei, Dokumentensammlung"
"серд́иться","sich ärgern, böse werden"
"з́амысел","Absicht, Vorsatz; Idee, Vorhaben"
"попал́ить","eine Weile verbrennen, glühen; eine Zeit lang feuern"
"вс́юду","überall"
"курс́ант","Kursteilnehmer, Kursant, Lehrgangsteilnehmer; Offiziersschüler, Kadett, Flugschüler"
"фур́ажка","Mütze, Schirmmütze"
"февр́аль","Februar"
"капит́ал","Kapital"
"уч́итывать","berücksichtigen, Rücksicht nehmen auf, miteinbeziehen; einkalkulieren, zählen"
"федер́альный","föderal, Bundes-"
"фаш́ист","Faschist"
"вздых́ать","seufzen, aufatmen"
"полот́енце","Handtuch, Geschirrtuch, Badetuch"
"инстр́укция","Anweisung, Anleitung, Instruktion, Vorschrift, Gebrauchsanweisung"
"маг","Magier, Zauberer, Zauberkünstler"
"л́ужа","Pfütze, Lache"
"нар́ужу","nach außen; hinaus"
"т́онна","Tonne"
"мор́альный","moralisch, sittlich"
"пь́еса","Stück, Aufführung, Spiel; Bühnenstück, Bühnenwerk, Theaterstück, Instrumentalstück"
"раздраж́ение","Reizung; Gereiztheit, Ärger, Verdruß"
"перестав́ать","aufhören, etwas bleiben lassen"
"неподв́ижный","unbeweglich, regungslos, starr"
"телев́идение","Fernsehen"
"осозн́ать","erkennen, begreifen, sich bewusst sein; einsehen"
"од́иннадцать","elf, 11"
"жильё","Unterkunft, Quartier, Behausung; Wohnung, Wohnstätte"
"нед́олго","nicht lange"
"шамп́анский","Sekt-, Schampus-"
"выраж́аться","sich ausdrücken; sich äußern, zum Ausdruck kommen, sich zeigen; derbe Ausdrücke gebrauchen, fluchen"
"процед́ура","Prozedur, Verfahren, Heilsverfahren"
"головн́ой","Kopf-, der vordere, Vorder-, Vor-"
"стол́ичный","hauptstädtisch, Hauptstadt-"
"кон́ечный","endlich, final; End-"
"жен́их","Bräutigam, Freier; Verlobter; Bewerber; Freier"
"нат́ура","Natur, Naturell, Wesensart"
"докл́адывать","berichten, melden, informieren; hinzufügen, dazulegen, nachlegen"
"внест́и","eintragen; einbringen, dazutun; hineintragen"
"с́ельский","dörflich, ; ländlich; Dorf-, Land-"
"нел́епый","unsinnig, widersinnig, blödsinnig; absurd, abstrus; lächerlich"
"м́аска","Maske, Larve"
"ќонкурс","Wettbewerb, Preisausschreiben; Konkurs"
"технол́огия","Technologie"
"про́ехать","vorbeifahren; durchfahren; durchreisen, zurücklegen"
"революци́онный","revolutionär, Revolutions-"
"́юность","Jugend"
"рёв","Brüllen, Heulen, Gebrüll, Tosen, Geheul"
"сиб́ирь","Sibirien"
"ад","Hölle, Inferno"
"стру́я","Strahl, Strömung"
"ѓордый","stolz"
"в́идеться","sich kurz sehen; sich treffen"
"непоср́едственно","unmittelbar, direkt, natürlich, unbefangen"
"м́учить","quälen, plagen, peinigen"
"аккумул́ятор","Akkumulator"
"нетерпел́ивый","ungeduldig"
"Берл́ин","Berlin"
"кисть","Hand; Pinsel; Traube; Quaste"
"провед́ение","Durchführung"
"ст́авка","Einsatz; Satz, Tarif, Taxe; Quartier"
"пр́овод","Leitung, Draht, Kabel"
"пров́од","Leitung, Draht, Kabel"
"нарисов́ать","zeichnen, aufzeichnen, skizzieren; malen"
"сдав́ать","ablegen, abgeben, bestehen; überlassen, übergeben, vermieten; nachlassen"
"передов́ой","fortschrittlich, fortgeschritten; Vorder-, vorderster, führend"
"стрельб́а","Schießen, Beschuß, Beschießung, Schießerei"
"исполн́ять","ausführen, durchführen, erledigen, verrichten, verwirklichen; erledigen, aufführen, darbieten, darstellen, vorführen, vortragen"
"рекл́ама","Reklame, Werbung, Werbeanzeige"
"коменд́ант","Kommandant, Hausverwalter"
"оторв́аться","sich losreißen, sich lösen; abreißen, wegreißen, abgehen"
"премь́ера","Premiere, Erstaufführung, Uraufführung"
"повор́ачиваться","sich umdrehen, sich wenden"
"поцел́уй","Kuss"
"нехорош́о","nicht gut, ; schlecht"
"проѓулка","Spaziergang, Spazierfahrt; Ausflug"
"Яп́ония","Japan"
"нар́очно","absichtlich, mit Absicht, eigens, extra, zum Spaß; mutwillig, vorsätzlich"
"орёл","Adler"
"приступ́ить","beginnen, anfangen, in Angriff nehmen; herantreten"
"т́ехник","Techniker, Ingenieur"
"прогр́есс","Fortschritt"
"н́овенький","nagelneu"
"тр́удность","Schwierigkeit; Beschwernis, Mühe"
"каз́арма","Kaserne"
"наб́итый","vollgestopft, prall gefüllt, prallvoll"
"часов́ой","Uhr-, Uhren-; einstündig, stundenweise, Stunden-; Wache, Wachpsten"
"нар","Nar, Kamelhybrid"
"кислот́а","Säure"
"пл́отно","dicht, kompakt, kräftig; eng, fest, stramm"
"удив́ить","überraschen, ; erstaunen; verwundern"
"защит́ить","beschützen, in Schutz nehmen; verteidigen"
"́юбка","Rock"
"внач́але","anfangs, am Anfang, zu Beginn"
"промолч́ать","schweigen"
"п́олдень","Mittag"
"раст́ерянно","ratlos, fassungslos, verstört, verwirrt, perplex"
"овр́аг","Schlucht; Hohlweg"
"непри́ятно","unangenehm, peinlich, ärgerlich"
"пешќом","zu Fuß"
"достиѓать","erreichen, erlangen; erzielen"
"ч́ереп","Schädel"
"дов́ерие","Vertrauen; Kredit"
"предост́авить","überlassen, bereitstellen, zur Verfügung stellen, ermöglichen; gewähren, geben, überlassen, erteilen, ermöglichen, zuweisen"
"отн́ять","wegnehmen, abnehmen, rauben, entziehen; abziehen, subtrahieren"
"р́ожа","Rotlauf, Wundrose, Erysipel; Fresse, Fratze"
"тал́антливый","talentiert, begabt, talentvoll"
"ка́юта","Kajüte; Kabine"
"с́имвол","Symbol, Sinnbild; Zeichen"
"д́ата","Datum"
"пром́ышленный","Industrie-, industriell"
"ф́изика","Physik"
"неуд́обно","unbequem, ungünstig, es ist unbequem, es ist ungünstig, es ist peinlich, es ist nicht angebracht, es schickt sich nicht"
"реги́он","Region"
"игр́ушка","Spielzeug"
"шепт́ать","flüstern, raunen, wispern"
"прозвуч́ать","ertönen, erschallen, eine Zeitlang tönen; erklingen"
"сн́иться","träumen"
"стыд","Scham; Schande"
"матр́ос","Matrose, Seemann"
"прот́ивный","widerlich, abstoßend, ekelhaft, widerwärtig; entgegengesetzt, gegenteilig"
"поклон́иться","sich verbeugen, sich verneigen; grüßen, grüßen lassen"
"исп́ортить","verderben, verpfuschen, versauen; beschädigen, kaputtmachen, ruinieren; verschlechtern, vermiesen, vermasseln, madig machen"
"оказ́ать","erweisen, bezeigen; leisten"
"пуѓать","erschrecken, ängstigen, einschüchtern"
"м́утный","trübe, getrübt, matt, glanzlos"
"отлож́ить","beiseite legen, weglegen, zurücklegen; verschieben, aufschieben, hinauszögern; aufschieben"
"гар́аж","Garage"
"жрать","fressen, verschlingen, schlucken"
"в́ыпилить","aussägen"
"ф́юрер","der Führer"
"вступ́ать","eintreten; beitreten"
"отч́аянный","verzweifelt, tollkühn, verwegen, waghalsig; hoffnungslos, "
"в́ыжить","am Leben bleiben, überleben; herausekeln, verjagen"
"окр́аина","Rand; Randgebiet"
"изд́ательство","Verlag"
"происш́ествие","Vorfall, Vorkommnis, Zwischenfall; Ereignis"
"извл́ечь","herausholen; herausziehen, Nutzen ziehen"
"ноль","null, Null"
"прих́од","Ankunft, Eintreffen, Zugang; Pfarrgemeinde, Pfarrei, Pfarre; kurzer Besuch"
"пр́емия","Prämie, Preis, Leistungsprämie"
"ч́айник","Teekanne, Teekessel; Neuling, Dummie, Grünschnabel"
"прих́ожая","Hausflur, Korridor; Vorraum, Vorzimmer, Diele"
"сос́уд","Behälter, Gefäß"
"свест́и","hinabführen, herunterführen; zusammenführen, zusammenbringen; sich zusammenkrampfen, sich zusammenziehen; zurückführen, reduzieren, entfernen"
"провод́иться","stattfinden, durchgeführt werden, abgehalten werden"
"отказ́ать","ablehnen, absagen; versagen"
"́огненный","feurig, Feuer-"
"зд́ешний","von hier; hiesig"
"кос́ой","schief, schräg, scheel; schielend, schieläugig"
"котел́ок","Kochgeschirr; Kessel"
"безусл́овно","unbedingt; zweifellos"
"влезть","hineinklettern, eindringen, einsteigen; hinaufklettern, hinaufkriechen"
"́юмор","Humor"
"́округ","Bezirk, Kreis; Umkreis"
"забр́осить","werfen; vernachlässigen; auswerfen"
"хор","der Chor; der Chorus"
"боќал","Becher, Glas; Pokal"
"Л́ондон","London"
"зап́олнить","ausfüllen"
"маш́инка","Maschinchen"
"щит","Schild, Tafel; Panzer, Schutzschild"
"рюкз́ак","Rucksack"
"вытир́ать","abwischen; abtrocknen"
"фант́азия","Phantasie, Einbildungskraft, Phantasiegebilde, Trugbild, Phantasterei, Einfall, Grille, Laune, Fantasie, Improvisation"
"учёт","Erfassung, Berücksichtigung; Rechnungswesen, Statistik; Registrierung, Eintragung; Bestandsaufnahme, Inventur"
"сверќать","blitzen, aufblitzen; funkeln, glitzern"
"ткнуть","hineinstossen, hineinstecken, einstecken; weisen, zeigen"
"благод́арный","dankbar"
"молчал́ивый","schweigsam, stillschweigend"
"отст́ать","zurückbleiben; ablassen, weg bleiben, in Ruhe lassen; verschwinden, sich ablösen, abgehen"
"меропри́ятие","Veranstaltung; Maßnahme"
"дел́иться","teilen, eingeteilt werden, mitteilen, teilen, untereinanderteilen, teilbar sein"
"траѓедия","Tragödie"
"чуд́овищный","monströs; ungeheuerlich, abscheulich, ungeheuer"
"тряст́и","schütteln, rütteln, hin und her schwingen, ausschütteln, ausschütten; zittern"
"разверн́уться","sich auftun, ausrollen; wenden, eine Wendung machen, sich kehren, sich umformieren; sich im rechten Licht zeigen"
"нагр́ада","Auszeichnung, Belohnung, Lohn, Prämie, Preis"
"партнёр","Partner, Mitspieler, Gegenspieler"
"соотв́етственно","gemäß, entsprechend"
"отступ́ать","zurückweichen, weichen, sich zurückziehen, zurücktreten, wegtreten; abweichen"
"провал́иться","scheitern, misslingen, fehlschlagen, durchfallen; einstürzen, einbrechen, hineinfallen; verschwinden"
"отпусќать","gehen lassen, loslassen, freilassen, lassen; beurlauben, entlassen; nachlassen; wachsen lassen"
"вопль","Schrei, Wehklagen, Geheul, Gejammer, Klageruf"
"перер́ыв","Unterbrechung; Pause, Unterrichtspause"
"прощ́аться","sich verabschieden, Abschied nehmen, Lebewohl sagen"
"приним́аться","sich vornehmen, angehen, sich daran machen; Wurzeln schlagen; sich jmdn vorknöpfen"
"н́абережная","Uferpromenade, Strandpromenade, Uferstraße"
"п́ыльный","staubig, bestaubt"
"руѓать","schimpfen, beschimpfen"
"воспит́ание","Erziehung"
"вес́енний","Frühlings-, Frühjahrs-"
"недоум́ение","Erstaunen, Befremden"
"огляд́еться","sich umblicken, um sich blicken, sich umsehen, sich zurechtfinden"
"казённый","fiskalisch; Staats-, Staatskassen-"
"проявл́ять","zeigen, bekunden, bezeigen, äußern; entwickeln"
"преподав́атель","Lehrer, Lektor"
"пригов́ор","Urteil; Verurteilung"
"ст́адо","Herde"
"кал́итка","Tor, Pforte, Zauntür"
"трев́ожный","beunruhigt, unruhig; beunruhigend, alarmierend, besorgniserregend; verstörend, beängstigend"
"торгов́ать","handeln, verkaufen; geöffnet haben, geöffnet sein"
"ќопия","Kopie, Abschrift, Zweitschrift, Abzug"
"отнест́и","hinbringen, hinschaffen, fortbringen; anlasten, anrechnen, zurechnen, zuschreiben"
"гени́альный","genial"
"л́асковый","liebevoll, zärtlich, sanft"
"в́ица","biegsamer Zweig, Rute"
"увелич́ение","Erhöhung, Vermehrung, Anstieg, Vergrößerung; Zunahme, Zuwachs, Steigerung"
"стрем́ительно","schnell, rasch, rapide, zügig; heftig, ungestüm"
"мад́ам","Dame"
"унест́и","forttragen, fortbringen, wegschaffen, tragen, forttreiben, wegschwemmen fortwehen"
"кат́иться","rollen, kugeln, sich wälzen, fließen"
"раздел́ить","teilen, aufteilen, dividieren, einteilen, unterteilen; trennen, zerteilen, verteilen"
"гл́адкий","glatt, eben; ungemustert; einfarbig"
"грем́еть","donnern, dröhnen; klappern, klirren; erschallen, ertönen, sich verbreiten"
"наслажд́ение","Genuss; Wonne"
"таб́ак","Tabak"
"ќосмос","Kosmos, Weltall, Weltraum"
"придав́ать","zugeben, hinzufügen, einflößen; beimessen, beigeben"
"катастр́офа","Katastrophe, Katastrophenfall, Unglück"
"изб́авиться","sich befreien, sich retten, entrinnen; sich entledigen, loswerden, loskommen"
"командир́овка","Dienstreise, Geschäftsreise; Abkommandierung"
"пл́юнуть","spucken, speien, anspucken"
"убед́ить","überzeugen, überreden"
"холод́ильник","Kühlschrank, Kühlraum, Kühlwagen"
"рассчит́ать","rechnen, sich verlassen; berechnen, ausrechnen, abzählen; entlassen, entlohnen"
"в́ыгнать","hinaustreiben, hinausjagen, wegjagen; destillieren"
"пройт́ись","spazieren, spazierengehen; durchgehen"
"заж́ать","zusammendrücken, zusammenpressen, zudrücken, zuhalten; einklemmen, festklemmen, einspannen; unterdrücken"
"приж́аться","sich drücken, sich schmiegen"
"подх́од","Herantreten, Heranrücken, Anmarsch; Zugang, Herangehensweise; Zugangsweg, Zugang"
"цеп́очка","Kette, Halskette"
"з́ависть","Neid"
"д́ействующий","handelnd, wirkend; wirksam, gültig, geltend"
"гул","Getöse, Lärmen"
"корол́евский","königlich, Königs-"
"зерн́о","Korn, Getreide"
"м́учиться","sich quälen, leiden; sich plagen, geplagt sein"
"комм́ерческий","kommerziell; Handels-, "
"пуст́як","Kleinigkeit, Bagatelle, Lappalie"
"класс́ический","klassisch"
"котёл","Kessel"
"таков́ой","derartig(er), solcher, dieser, solch ein(er)"
"об́идно","schmerzlich, kränkend"
"подр́яд","hintereinander, der Reihe nach, nacheinander; Auftrag, Vertrag, Kontrakt"
"ст́укнуть","klopfen, anklopfen, pochen, hämmern; schlagen; verklopfen, denunzieren"
"свид́етельствовать","bezeugen, bestätigen, beglaubigen, visieren (beglaubigen, dt. alt), bescheinigen, attestieren"
"скрыть","verbergen, verschleiern, verhüllen, verstecken; verheimlichen, verschweigen, geheim halten"
"х́оббит","Hobbit"
"флаг","Flagge"
"наблюд́аться","beobachtet werden; zu beobachten sein"
"ступ́ать","schreiten, treten"
"пион́ер","Pionier, Bahnbrecher"
"пов́ышенный","erhöht, erhoben, gesteigert"
"ман́ера","Manier, Art und Weise"
"злость","Bosheit, Wut, Zorn"
"поќончить","abschließen, beenden, erledigen, Schluß machen"
"ж́алоба","Klage; Beschwerde, "
"полож́ительный","positiv"
"двойн́ой","doppelt, zweifach, Doppel-"
"попул́ярный","populär; beliebt, angesehen"
"уч́ение","Schulung, Studium, Übung; Lehre, Lernen"
"мед́аль","Medaille"
"откров́енно","offen, unumwunden"
"шпи́он","Spion"
"сез́он","Saison, Jahreszeit; Staffel"
"приш́елец","Zuwanderer, Ankömmling; Außerirdischer, Alien"
"пов́ерх","über, oberhalb"
"мельќать","flimmern, schimmern; aufleuchten, aufblitzen; auftauchen und wieder verschwinden, vorbeihuschen"
"одев́аться","sich anziehen, sich kleiden"
"ќинуть","werfen, schleudern; betrügen, täuschen"
"танц́ор","Tänzer"
"преим́ущество","Vorteil; Vorrang, Präferenz, Privileg, Vorzug"
"завал́ить","versagen, durchfallen; verschütten, zuschütten, überhäufen"
"дёрнуть","ziehen, zupfen, reißen, ruckartig bewegen; nerven, zerren; reinziehen, süffeln"
"́облик","Habitus, Erscheinungsbild, Wesenszüge, Charakter, Denkweise, Haltung"
"ф́ормула","Formel"
"сын́ок","kleiner Sohn"
"беспоќоить","beunruhigen, Sorgen machen; stören, belästigen"
"раздав́аться","ertönen, erklingen, erdröhnen; in die Breite gehen, sich ausweiten"
"хрон́ический","chronisch"
"неув́еренный","unsicher"
"мк","Mikrometer; Seefahrtfachschule; Millikelvin; Magnetkarte; Magnetkurs; Tonbandkassette; Kleinkaliber-"
"намёк","Anspielung, Andeutung, Wink"
"ком́андование","Kommando, Leitung, Truppenführung"
"убеждённый","überzeugt, sicher"
"заст́ать","antreffen, vorfinden; ertappen, erwischen"
"прот́ягивать","ausstrecken, reichen; ziehen, strecken, in die Länge ziehen; langsam sprechen, gedehnt sprechen"
"грек","Grieche"
"обор́от","Umdrehung, Umlauf, Zirkulation; Umsatz, Umschlag; Wendung, Rückseite"
"прилет́еть","herbeifliegen, kommen, ankommen"
"т́ермин","Terminus, Fachbegriff, Fachwort, Fachausdruck"
"д́енежный","Geld-"
"извин́яться","sich entschuldigen"
"неподв́ижно","unbeweglich, regungslos, starr"
"поѓаснуть","erlöschen, ausgehen"
"чеч́енский","tscheschenisch"
"об́идеть","beleidigen, kränken"
"иде́ал","Ideal"
"марш","Marsch"
"реш́ительный","entschieden, kategorisch, fest, entscheidend, entschlossen"
"ум́ение","Fähigkeit, Fertigkeit; Können, Geschicklichkeit"
"волнов́ать","aufregen, in Aufregung bringen, Sorgen machen, bewegen; beunruhigen"
"стр́ойный","schlank, harmonisch, geordnet, gut aufgebaut, logisch; gut gebaut"
"стихотвор́ение","Gedicht"
"возбуд́ить","erregen, anregen; hervorrufen, erwecken, "
"торж́ественный","feierlich, festlich, pompös; Fest-"
"н́екого","niemand"
"прох́ожий","vorbeigehen; durchgehen"
"психолоѓический","psychologisch"
"покуп́атель","Käufer, Kunde"
"безнадёжный","hoffnungslos"
"споќойствие","Ruhe, Stille, gute Gelassenheit"
"сгор́еть","verbrennen, ausbrennen, abbrennen"
"располаѓаться","sich niederlassen, sich einrichten, es sich bequem machen; sich plazieren, sich aufstellen, stationieren, campen, gelegen sein, liegen, sich befinden; sich sympathisch sein, Symphatie empfinden"
"нефть","Erdöl"
"жел́ающий","willig, begierig"
"в́ена","Vene, Blutader"
"тр́актор","Traktor"
"разноцв́етный","vielfarbig, bunt"
"килогр́амм","Kilogramm"
"́этакий","so ein, ein derartiger, eine Art von"
"прон́икнуть","eindringen, vordringen; durchdringen"
"сл́ышный","hörbar, vernehmbar"
"заж́ечь","anzünden, entzünden; in Stimmung bringen, begeistern, inspirieren"
"Эст́ония","Estland"
"очут́иться","geraten, gelangen"
"оќазывать","erweisen, bezeigen; leisten, angedeihen lassen"
"любоп́ытный","neugierig; interessant"
"доб́ыча","Förderung, Abbau, Gewinnung; Beute, das Erbeutete"
"росќошный","luxuriös, Luxus-; prachtvoll, prunkvoll, üppig, Pracht-"
"́ежели","wenn; falls, sofern"
"воз́ить","herumfahren, befördern, kutschieren"
"об́ычай","Brauch, Sitte, Gepflogenheit, Usus; Gewohnheit"
"опубликов́ать","veröffentlichen"
"мотоц́икл","Motorrad"
"кн́ижный","Buch-, Bücher-; Buchhandlung"
"разб́ить","zerschlagen, zerbrechen; aufschlagen, ausbreiten, anlegen; in Stücke brechen, teilen, aufteilen"
"в́анна","Badewanne, Wanne; Bad"
"продолж́ение","Fortsetzung; Erweiterung, Extra, Zusatz"
"политбюр́о","Politbüro"
"диск","Scheibe, Platte, Disk; Diskus"
"сс́ылка","Verweis, Referenz, Link, Hinweis, Bezugnahme, Fußnote; Ausweisung, Verbannung, Deportierung, Verbannungsort"
"соверш́енный","vollkommen, ganz, völlig, komplett; perfekt, vollendet"
"цен́ить","schätzen, abschätzen; wertschätzen, würdigen"
"подчинённый","Untergebener, Untergeordneter, Unterstellter"
"тёща","Schwiegermutter, Mutter der Ehefrau"
"п́алуба","Deck"
"м́еньший","kleiner, geringer, minder; jünger"
"перч́атка","Handschuh"
"влож́ить","hineinlegen, hineintun, deponieren; investieren, anlegen"
"в́ыбить","ausschlagen, ausklopfen; einschlagen"
"кор́ейский","koreanisch"
"пуз́ырь","Blase; Pulle, Flasche; Knirps, Wonneproppen"
"с́ерия","Serie, Reihe; Folge, Teil"
"приб́авить","hinzufügen, addieren; zugeben, dazutun, dazugeben; zulegen"
"верх́овный","oberst, Ober-"
"в́ыносить","austragen, ausbrüten, gebären, aushecken, aussinnen"
"вынос́ить","hinaustragen, rausbringen; ertragen, aushalten"
"прост́орный","geräumig, weiträumig; weit, weitläufig"
"неопределённый","unbestimmt; ungewiß, vage"
"велосип́ед","Fahrrad, Rad"
"косн́уться","berühren, streifen, tangieren; betreffen"
"рес́урс","Ressource, Vorräte; Standzeit, Laufleistung, Lebensdauer"
"задых́аться","ersticken; außer Atem sein, keuchen"
"эффект́ивный","effektiv; wirksam, wirkungsvoll"
"тетр́адь","Heft"
"хран́иться","bewahrt, aufbewahrt werden, lagern, in Verwahrung sein"
"злов́ещий","unheilvoll; unheilverkündend, unheilschwer; unheimlich"
"абсол́ютный","absolut"
"ж́ажда","Durst"
"посто́ялый","Gast-, Quartier-, Hotel-"
"́алый","rot, purpurrot, scharlachrot"
"разорв́ать","zerfetzen, zerreißen, in Stücke reißen"
"м́усор","Müll, Unrat, Abfälle, Kehricht, Schutt"
"пет́ух","Hahn"
"порош́ок","Pulver, Mehl, Puder"
"религи́озный","religiös, gläubig, fromm; Religions-, "
"донест́ись","herüberschallen, klingen, tönen; sich ausbreiten"
"перехват́ить","abfangen, auffangen; umgreifen, abfangen, umschlingen"
"раст́ение","Pflanze; Gewächs"
"восприним́ать","wahrnehmen, aufnehmen, auffassen, ; annehmen, akzeptieren, aneignen"
"уд́ав","Riesenschlange"
"башм́ак","Schuh"
"сего","diese(r,s) / jene(r,s) -> siehe сей"
"л́ыжа","Ski"
"пропаѓанда","Propaganda, Propagierung"
"руковод́ить","leiten; anleiten; an die Hand nehmen; einarbeiten; betreuen (Projekt)"
"задерж́аться","sich aufhalten, länger bleiben, sich länger aufhalten; stocken, stehenbleiben, sich verzögern; sich verklüngeln, zu lange mit etwas aufhalten"
"бык","Stier, Bulle, Ochse; Krimineller"
"б́ешеный","tollwütig, wütend; rasend, wahnsinnig"
"сниж́ение","Verringerung, Reduzierung, Ermäßigung; Senkung, Herabsetzung"
"оп́асно","gefährlich, es ist gefährlich"
"пасть","sinken; fallen, stürzen, verfallen; entfallen, zuteil werden"
"плач","Weinen, Klagelied"
"переверн́уть","wenden, umdrehen, umkehren, umschlagen, umstülpen; umwerfen, umkippen"
"тип́ичный","typisch, kennzeichnend, charakteristisch"
"сал́он","Vorführraum, Salon, Fahrgastraum, Kabine"
"надев́ать","anziehen, überziehen, anlegen, anstecken; aufsetzen"
"замеч́ание","Anmerkung, Bemerkung, Äußerung, Hinweis; Verweis, Verwarnung"
"беспоќойство","Unruhe, Ruhelosigkeit; Beunruhigung, Besorgnis, Sorge; Ruhestörung"
"бр́атец","Brüderchen"
"увезт́и","abtransportieren, fortschaffen. mitnehmen; wegbringen, bringen"
"наруш́ать","brechen, verletzen, übertreten, gegen etw. verstoßen, nicht einhalten, nicht befolgen; unterbrechen, stören, zerstören"
"выходн́ой","arbeitsfrei, feiertäglich; Ausgangs-, Austritts-"
"заверн́уть","einbiegen, abbiegen, um die Ecke gehen; einwickeln, einpacken, einhüllen, umschlagen; drehen, verdrehen, umdrehen, zudrehen, umschlagen"
"гост́иный","Gast-; Kauf-, Handels-"
"обор́удование","Einrichtung; Ausstattung, Ausrüstung, Anlagen"
"буф́ет","Imbißraum, Erfrischungsraum"
"аргум́ент","Argument, Beweis"
"рекомендов́ать","empfehlen, raten"
"лёт","Flugzeit; Flug"
"пр́аздничный","festlich, feierlich; Fest-, Feier-, Feiertags-"
"спуст́ить","herablassen, hinunterlassen, herunterlassen; ablassen; loslassen; herabsetzen, senken"
"набир́ать","wählen; aufsammeln, aufnehmen, sammeln, pflücken, zusammenraffen, zusammenstellen; zulegen, zunehmen"
"неож́иданность","Unerwartetes; Überraschung"
"цирк","Zirkus"
"светл́о","hell, klar; licht"
"зараб́атывать","verdienen; sich zuziehen, sich einhandeln"
"луг","Wiese"
"перевод́ить","übersetzen, dolmetschen; transferieren, überweisen, übertragen; verschieben, verlagern"
"подозр́ительный","verdächtig, suspekt; misstrauisch machend, Argwohn erregend, fragwürdig"
"инвал́ид","Invalide"
"исх́од","Ausgang; Abschluß, Resultat, Ablauf, Ergebnis, Ende"
"обрест́и","finden, gewinnen"
"нен́ужный","unnötig, unnütz"
"бюр́о","Büro, Stelle"
"отд́ельно","getrennt, gesondert; einzeln; separat"
"бедр́о","Hüfte; Oberschenkel, Schenkel"
"допусќать","zulassen, gestatten; annehmen, zugeben; begehen, machen; akzeptieren, einräumen, zulassen"
"квадр́атный","quadratisch, Quadrat-; eckig, vierkant"
"подр́обно","ausführlich, eingehend; detailliert"
"сжать","zusammendrücken, zusammenballen, zusammenpressen; ernten, abschneiden, abmähen"
"вздох","Seufzer"
"з́елень","das Grün; Grünzeug"
"освобожд́ение","Befreiung; Freistellung, Entlassung, Freilassung, Dienstbefreiung"
"покос́иться","schielen, schief ansehen, anschielen; schief sein, schief werden"
"прест́упный","verbrecherisch, sträflich"
"сел́о","Dorf, größere Siedlung, Marktflecken, ländliche Kleinstadt"
"отступ́ить","zurückweichen, weichen, sich zurückziehen, zurücktreten, wegtreten; abweichen"
"аэродр́ом","Flugplatz"
"чин","Rang, Dienstgrad"
"влюблённый","verliebt, der Verliebte"
"расстегн́уть","aufmachen, öffnen, lösen, aufknöpfen, aufhaken, aufschnallen"
"пл́емя","Volksstamm"
"л́агерный","Lager-"
"мышь","Maus"
"гр́убо","grob, barsch, rauh, hart"
"ш́уба","Pelzmantel; Pelz"
"вс́адник","Reiter"
"д́оступ","Zugang, Zutritt; Zugriff"
"крюч́ок","Haken"
"упер́еться","sich stemmen, sich stützen; sich sträuben, sich widersetzen, sich weigern; stoßen, geraten"
"небр́ежно","nachlässig, liederlich, lässig; achtlos"
"очев́идный","offensichtlich, offenbar, offenkundig"
"медиц́ина","Medizin"
"крут́иться","sich drehen"
"боев́ик","Bewaffneter Kämpfer, Freischärler; Actionfilm, Triller"
"осв́едомиться","sich informieren, erfragen; sich erkundigen, nachfragen"
"др́огнуть","zittern, frieren; ins Wanken kommen, ins Schwanken kommen"
"пос́ольство","Botschaft"
"бум́ажный","Papier-"
"прикрыв́ать","zudecken, bedecken; vertuschen, verheimlichen; anlehnen, nicht ganz schließen; decken, schützen"
"пребыв́ание","Aufenthalt; Verweilen"
"ќончик","Spitze; Endstück"
"упомян́уть","erwähnen"
"вцеп́иться","sich anklammern, sich festklammern"
"милли́ард","Milliarde"
"напеч́атать","tippen, maschineschreiben; drucken, veröffentlichen"
"мон́ета","Münze"
"свист","Pfeifen, Pfiff"
"нисќолько","gar nicht, nicht im geringsten, durchaus nicht, überhaupt nicht"
"сол́идный","solide, haltbar, gediegen, gründlich, gesetzt"
"шерсть","Wolle, Haar; Fell"
"предполож́ение","Vermutung, Annahme, Mutmaßung; Vorraussetzung"
"ст́алинский","Stalin-, stalinistisch"
"раздраж́ать","verärgern, ärgern; irritieren, reizen, aufbringen"
"п́овар","Koch"
"тварь","Kreatur; Luder"
"торж́ественно","feierlich, ; festlich, pompös"
"уточн́ить","präzisieren, klarstellen"
"каз́ак","Kosak"
"обесп́ечивать","versorgen, versehen; gewährleisten, sicherstellen, garantieren"
"неуд́ача","Misserfolg, Pech, Schlappe; Fehlschlag, Rückschlag"
"электр́онный","elektronisch; Elektronen-"
"приглаш́ение","Einladung, Aufforderung"
"размышл́ение","Nachdenken; Überlegung, "
"гр́адус","Grad"
"шќольник","Schuljunge, Schüler"
"зас́унуть","hineinstecken, einstecken"
"предсто́ящий","bevorstehend, kommend; künftig, zukünftig"
"биогр́афия","Biographie, Lebenslauf"
"симпат́ичный","sympathisch, anziehend, angenehm, einnehmend"
"дровос́ек","Holzbock, Borkenkäfer; Holzfäller, Holzhacker"
"кр́итика","Kritik"
"об́едать","zu Mittag essen"
"кит́аец","Chinese"
"филос́офия","Philosophie"
"заодн́о","zugleich, nebenbei; einvernehmlich, gemeinsam, einträchtig"
"в́идный","sichtbar, erkennbar, bedeutend, , ansehnlich; ansehnlich, angesehen, prominent, stattlich"
"наб́ор","Satz, Set, Garnitur, Konvolut; Wählen"
"п́ошло","flach"
"заѓадка","Rätsel, Geheimnis, Mysterium"
"характер́истика","Charakteristik, Beurteilung"
"прожив́ать","wohnen, verbleiben, leben; durchbringen, verprassen, ausgeben"
"фантаст́ический","fantastisch, phantastisch, unwirklich, wunderlich, großartig"
"расст́аться","auseinandergehen, sich verabschieden, sich trennen"
"по́эзия","Poesie; Dichtung, "
"англич́анин","Engländer"
"бин́окль","Fernglas, Opernglas, Feldstecher"
"благопол́учно","wohlbehalten; glücklich, geglückt, günstig verlaufend, reibungslos; prosperierend, erfolgreich, blühend"
"бесп́омощный","hilflos, ratlos, unbeholfen"
"кол́одец","Brunnen"
"седл́о","Sattel"
"укра́инский","ukrainisch"
"пов́язка","Binde; Verband"
"ќорточки","Hocke, kauernde Position"
"существ́ующий","existent; bestehend"
"темн́еть","dunkel werden, dunkeln, sich verdunkeln, eindunkeln"
"зад́умать","beabsichtigen, planen, gedanklich durchgehen"
"пор́ыв","Aufwallung, Anfall; Ausbruch, Impuls"
"проб́ить","schlagen; durchschlagen, durchbrechen"
"вгл́ядываться","genau ansehen, aufmerksam betrachten"
"гран́ата","Granate"
"италь́янский","italienisch"
"х́утор","Hof, Einödhof, Gehöft, Hofstatt; Weiler, bäuerliche Siedlung"
"комсом́ольский","Komsomol-"
"непоср́едственный","unmittelbar, direkt, natürlich, unbefangen"
"ѓусто","dicht, dick; dickflüssig"
"ч́увствоваться","zu spüren sein, spürbar, fühlbar"
"практ́ический","praktisch"
"воспал́ение","Entzündung"
"добавл́ять","hinzufügen, dazugeben, dazutun; ergänzen"
"паци́ент","Patient"
"доб́ыть","fördern, gewinnen; sich verschaffen, auftreiben, beschaffen"
"подъ́ехать","heranfahren, anreisen, vorfahren; sich heranmachen, sich einschmeicheln"
"печ́ально","traurig, kummervoll; betrübt, wehmütig"
"п́алочка","Stäbchen, kleiner Stab, Stöckchen, kleine Stange (Stick), Riegelchen; Essstäbchen; Stäbchenbakterie"
"р́азвитый","entwickelt, auseinandergewickelt"
"граф́а","Spalte, Rubrik"
"поќупка","Einkauf; Kauf"
"объявл́ение","Ankündigung, Bekanntmachung, Ansage, Durchsage, Verkündung, Aushang, Information; Anzeige, Inserat, Annonce"
"рос́а","Tau"
"сдв́инуть","verschieben, wegrücken, zusammenrücken"
"без́умный","wahnsinnig; sinnlos"
"вороб́ей","Sperling, Spatz"
"простын́я","Laken, Bettlaken, Bettuch"
"Од́есса","Odessa"
"десятил́етие","Jahrzehnt, der zehnte Jahrestag"
"направл́яться","sich begeben, gehen, hinfahren"
"на́учно","wissenschaftlich, wissenschaftsbasiert, akademisch"
"невыс́окий","nicht hoch, niedrig, nicht groß, klein, mäßig, erschwinglich"
"дрем́ать","schlummern, dösen"
"корз́ина","Korb"
"петл́я","Schlinge, Schlaufe, Schleife, Masche; Öse, Knopfloch; Türschanier"
"бол́езненный","kränklich; krankhaft, schmerzhaft, schmerzlich"
"камп́ания","Kampagne, Feldzug, Aktion; Kampanien"
"всп́ышка","Aufflammen, Auflodern, Aufblitzen, Ausbruch; Blitzlicht"
"наказ́ать","bestrafen"
"гнезд́о","Nest, Horst, Sitz; Buchse, Sockel"
"столкн́уться","kollidieren, zusammenstoßen; aufeinanderprallen, konfrontiert sein, aufeinandertreffen; stoßen"
"н́ежно","zärtlich; zart, sanft"
"вмеш́аться","sich einmischen"
"л́ысый","kahl, kahlköpfig; Glatzkopf"
"перебир́ать","sortieren, durchsehen, durchgehen, auslesen; nacheinander nehmen, nacheinander berühren; zuviel nehmen, wiederholt nehmen"
"своеобр́азный","eigenartig, einzigartig, eigen, urtümlich, originell; eine Art von, eigentümlich"
"опозд́ать","zu spät kommen, sich verspäten; verpassen, versäumen"
"общ́аться","sich unterhalten, sich verständigen; Umgang pflegen, verkehren mit"
"поќойник","Verstorbener, Toter"
"изв́естие","Nachricht"
"П́ольша","Polen"
"кач́ать","schaukeln, wippen, schwingen, pendeln, wiegen; schütteln, hin und her bewegen; pumpen, downloaden"
"́ягода","Beere"
"стол́етие","Jahrhundert; 100. Jahrestag, hundertster Jahrestag, Hundertjahrfeier"
"сдав́аться","aufgeben, sich ergeben, nachgeben, sich stellen, kapitulieren, klein beigeben; abgeben, abtreten; * scheinen, glauben"
"дл́иться","dauern, sich hinziehen; sich erstrecken (zeitlich)"
"бенз́ин","Benzin"
"окруж́ать","umgeben, umgeben sein; einkreisen, umzingeln"
"франц́уз","Franzose"
"угов́аривать","überreden, zureden"
"уп́ор","Anschlag, Bock, Rast, Stütze, Abstützung; Gegendruck, Nachdruck"
"отв́ерстие","Öffnung, Loch, Spalt"
"р́ама","Rahmen"
"п́ольский","polnisch"
"один́очка","Einzelner, Einzelgänger, Alleinstehender; Einzelzelle; Einsiedler"
"оп́исывать","beschreiben, schildern; inventarisieren, auflisten, pfänden"
"заќонный","gesetzlich, , rechtmäßig, legitim, ; gesetzmäßig; legitim"
"уќаз","Erlass, Verordnung, Dekret"
"спр́ятаться","sich verstecken, sich verbergen"
"улов́ить","einfangen, auffangen, erwischen; erfassen, wahrnehmen, spüren, bemerken"
"ф́инский","finnisch"
"огр́ада","Umzäunung, Zaun, Hecke; Einfriedung"
"ступ́ень","Stufe; Entwicklungsstufe, Phase"
"зл́оба","Bosheit, Wut, Haß"
"скамь́я","Bank, Sitzbank"
"смесь","Gemisch, Gemenge; Mischung"
"в́едать","wissen, kennen; leiten, verwalten, bewirtschaften, zuständig sein"
"неплох́ой","nicht schlecht, ganz gut, akzeptabel"
"управл́ять","verwalten, leiten, führen; steuern, bedienen, lenken"
"кран","Hahn; Kran"
"пож́арный","Feuer-, Brand-; Feuerwehr-"
"погл́адить","bügeln; streicheln"
"смерт́ельный","tödlich, letal, Tod-, Todes-, Sterbens-"
"лен́иво","faul"
"откр́ыто","offen, aufrichtig"
"ежедн́евно","täglich, jeden Tag"
"усп́ешно","erfolgreich, mit Erfolg"
"ж́идкий","flüssig, liquide; dünn, dünnflüssig, wässerig; spärlich"
"успоќаивать","beruhigen, beschwichtigen"
"сует́а","Hektik, Gehetze, Hast; Eitelkeit"
"зр́елище","Anblick, Schauspiel"
"возмут́иться","sich empören, empört sein"
"обш́ирный","umfangreich, weitreichend, umfassend, groß; geräumig, weitläufig, ausgedehnt"
"уч́ебник","Lehrbuch, Schulbuch"
"пов́иснуть","hängenbleiben; herunterhängen; hängen"
"потих́оньку","ganz leise, sang- und klanglos; in aller Stille, heimlich, verstohlen, allmählich, langsam, nach und nach"
"противор́ечие","Widerspruch, Gegensatz, Diskrepanz"
"в́ыстрелить","schießen, einen Schuß abgeben"
"ресн́ица","Wimper"
"изумл́ение","Erstaunen; Verwunderung, "
"п́олно","voll"
"пр́истально","unverwandt, durchdringend"
"крут́ить","drehen, pulen; festdrehen, zudrehen, festziehen, anschrauben; verdrillen, zwirnen, zusammenbinden; kreisen lassen, in Umlauf bringen; abspielen, drehen lassen; um den kleinen Finger wickeln; ein Verhältnis haben"
"башќа","Kopf, Birne, Rübe"
"свящ́енник","Priester, Pfarrer; Geistlicher"
"серд́ечный","herzlich, innig, Herz-"
"переспрос́ить","nachfragen, nochmals fragen"
"подтвержд́ать","bestätigen, belegen"
"поб́ег","Flucht, Entweichen; Trieb, Spross"
"прив́етствовать","begrüßen, willkommen heißen, grüßen, gutheißen, zustimmen"
"опир́аться","sich stützen, sich aufstützen; sich lehnen, sich anlehnen"
"дуб","Eiche, Eichenholz"
"б́урный","stürmisch, ungestüm, heftig; aufgewühlt"
"сжим́ать","zusammendrücken"
"протяж́ение","Ausdehnung, Strecke, Zeitspanne"
"подмигн́уть","blinzeln; zuzwinkern"
"шт́урман","Steuermann, Navigationsoffizier, "
"п́охороны","Beerdigung; Begräbnis"
"плев́ать","spucken, speien; pfeifen"
"нал́оговый","steuerlich"
"х́ата","Hütte, Bude; Chata, Bauernhaus, Dorfhaus"
"мр́ачно","dunkel, finster; düster, trübselig"
"сб́оку","von der Seite, an der Seite; seitlich, seitwärts"
"нем́алый","erheblich, nicht wenig"
"занест́и","hineintragen, vorbeibringen, mitbringen, bringen; eintragen, hineinschreiben; bedeckt werden, verwehen; schleudern, zur Seite drehen; hochheben, anheben"
"мм","Millimeter"
"кр́охотный","winzig, klitzeklein"
"фил́ософ","Philosoph"
"с́онный","schläfrig, verschlafen"
"заб́отиться","sich sorgen; sich kümmern"
"двадц́атый","zwanzigster"
"шепн́уть","flüstern"
"невозм́ожный","unmöglich, unerfüllbar, unerträglich"
"уцел́еть","heil bleiben, ganz bleiben; unversehrt bleiben, am Leben bleiben"
"помер́еть","sterben, hinscheiden, dahingehen"
"т́аять","tauen, ; schmelzen, wegschmelzen, zergehen; schwinden, abnehmen, abmagern, vergehen"
"под́и","wohl, wahrscheinlich; geh hin..., versuch..."
"располож́ение","Lage, Anordung, Position, Standort, Aufstellung; Neigung, Zuneigung, Gewogenheit, Wohlgesinntheit, Sympathie; Stimmung, Laune"
"разработ́ать","entwickeln; ausarbeiten, erarbeiten"
"м́одный","modisch, modern; Mode-"
"отбр́осить","wegwerfen, beiseite werfen, verwerfen, aufgeben, fallenlassen; zurückwerfen"
"швырн́уть","schleudern, schmeissen, werfen; verschwenden, vergeuden"
"прир́одный","natürlich, naturgegeben, angeboren; Natur-"
"ребят́ишки","Kinder"
"пл́енный","gefangen"
"эпиз́од","Episode"
"офици́ально","offiziell, amtlich"
"упуст́ить","versäumen, verpassen; unterlassen, auslassen, entwischen lassen"
"прижим́ать","drücken; bedrängen"
"зн́амя","Fahne, Banner"
"расст́авить","aufstellen, stellen; anordnen, zurechtrücken; spreizen"
"яд","Gift"
"сук","Ast, Knorren"
"с́ухо","trocken"
"пол́оска","Band, Streifen, Streifchen; Strich, Linie, Rille; Leiste, Saum, Falz"
"заруб́ежный","ausländisch, Auslands-"
"сохран́ять","bewahren, wahren; aufbewahren, speichern; behalten, beibehalten, erhalten"
"обм́ан","Betrug; Täuschung"
"стон́ать","stöhnen, ächzen, wimmern"
"вооруж́ение","Bewaffnung, Waffen; Ausrüstung; Rüstung"
"кап́уста","Kohl; Kraut"
"бер́ечь","bewahren, aufbewahren, sparen, schonen; hüten, behüten, schützen"
"звен́еть","klingen, läuten"
"аппет́ит","Appetit"
"нуль","Null"
"группир́овка","Gruppierung"
"проигр́ать","verlieren"
"партиз́ан","Partisan"
"дуть","blasen, pusten, aufblähen, aufplustern; wehen; mit Eifer tun, pausenlos tun, mit Eifer spielen; saufen, schnell und in Mengen trinken, hinterstürzen"
"заќат","Sonnenuntergang; Niedergang, Verfall"
"троп́инка","Pfad, Fußspur"
"вест́ись","üblich sein, Sitte sein; ablaufen, im Laufen sein, verlaufen, vorgenommen werden, geschehen; nachgeben, zustimmen, sich einlassen, einverstanden sein, anbeißen; reinfallen"
"рев́еть","brüllen, tosen; heulen, plärren"
"справедл́ивый","gerecht, fair, ; berechtigt"
"самосто́ятельный","selbständig, Selbst-, unabhängig, souverän"
"д́еться","hingeraten, hingelangen, hinkommen; verschwinden"
"чепух́а","Unsinn, dummes Zeug"
"ист́орик","Historiker, Geschichtsforscher"
"хоз́яйственный","wirtschaftlich, haushälterisch, ökonomisch, herrisch; Wirtschafts-, Haushalts-"
"удовлетвор́ение","Befriedigung, Erfüllung; Genugtuung, Zufriedenheit"
"презр́ительный","verächtlich, verachtend"
"разнообр́азный","verschiedenartig; mannigfaltig; vielfältig; abwechslungsreich"
"дерьм́о","Scheiße, Dreck; Scheißkerl, Drecksack, Dreckskerl, Arschloch, Armleuchter"
"специ́альность","Fach, Fachgebiet, Beruf; Spezialität, Spezialgebiet"
"кабл́ук","Schuhabsatz"
"яп́онец","Japaner"
"фрукт","Frucht, Früchtchen; Obst"
"ч́ертовый","teuflisch, Teufels-"
"равнод́ушно","gleichgültig"
"инициат́ива","Initiative, Begehren"
"опусќаться","sinken, niedergehen, herunterkommen, sich senken, sich niederlassen"
"б́уркнуть","knurren, brummen, ; murmeln"
"забир́ать","mitnehmen, abholen; wegnehmen, nehmen, herausnehmen, entnehmen, kürzer machen; verhaften, beschlagnahmen; abschwenken"
"ѓорько","bitter, bitterlich"
"сцен́арий","Szenarium; Drehbuch, Script"
"целиќом","gänzlich, komplett, total, ganz, vollständig, voll und ganz"
"м́илость","Gunst, Gewogenheit; Gnade, Erbarmen"
"всел́енная","Weltall, Universum"
"пуст́ынный","wüst, Wüsten-; öde, unbewohnt, menschenleer"
"п́устынный","Eremitagen-; Kloster-"
"дост́упный","zugänglich, erreichbar; erschwinglich; verfügbar"
"нр́авственный","moralisch, ; sittlich"
"поруч́ить","beauftragen, auftragen, zuweisen, zuteilen; anvertrauen, "
"куп́аться","baden"
"крупн́ейший","größte; bedeutendste"
"привлеќать","anziehen, reizen, anlocken, imponieren; heranziehen, hinzuziehen"
"сочин́ять","erfinden, erdichten, flunkern, aufschneiden; dichten, komponieren; verfassen, abfassen"
"свод́ить","hinabführen, herunterführen; zusammenführen, zusammenbringen; sich zusammenziehen, sich zusammenkrampfen; reduzieren, entfernen"
"беспл́атно","gratis"
"мол́иться","beten; anbeten, vergöttern"
"офици́ант","Kellner, Ober"
"гол́овка","Kopf"
"продав́ец","Verkäufer"
"гит́ара","Gitarre"
"тр́ойка","Troika, Dreiergespann, Trio, Dreiergruppe; Dreier"
"нап́иться","sich betrinken, sich volllaufen lassen, sich zuschütten; seinen Durst stillen, seinen Durst löschen"
"незав́исимый","unabhängig; selbständig"
"дос́ада","Ärger, Missmut, Verdruss, Verärgerung; Unmut"
"увест́и","wegführen, fortführen, abführen; mitgehen lassen, klauen, mitnehmen, wegnehmen; ausspannen"
"прост́ор","Raum, Weite; Freiraum, Spielraum"
"театр́альный","theatralisch; Theater-"
"в́ыключить","ausschalten, abstellen, ausmachen, abdrehen"
"т́анковый","Panzer-, Tank-"
"б́итва","Schlacht"
"м́ирно","friedlich"
"добив́аться","erreichen; erstreben, streben nach, zu erlangen suchen"
"вздр́агивать","zucken, zusammenzucken, zusammenfahren; aufschrecken, auffahren"
"утвержд́ение","Behauptung, Aussage; Bestätigung, Genehmigung, Sanktionierung, Verabschiedung"
"стратеѓический","strategisch"
"выдел́яться","sich hervortun, herausstechen, sich abheben, sich hervorheben, sich auszeichnen; sich absondern, hervortreten"
"оч́аг","Herd, Feuerstelle; Herd, Zentrum"
"энерѓичный","energisch, tatkräftig"
"обход́ить","herumgehen, durchstreifen; vermeiden, umgehen, ausweichen; überholen, vorbeigehen, den Rang ablaufen"
"н́ервно","nervös"
"примен́яться","angewendet werden, Anwendung finden, Verwendung finden; eingesetzt werden, zum Einsatz kommen"
"коп́ыто","Huf"
"чистот́а","Sauberkeit, Reinlichkeit; Reinheit, Keuschheit"
"информаци́онный","Informations-"
"бульв́ар","Boulevard"
"ор́анжевый","orange, orangefarben, orangefarbig"
"интеллиѓент","Intellektueller"
"мет́аться","sich hin- und herwerfen, sich wälzen; herumirren, hin und her rennen; schwanken"
"утр́атить","verlieren, einbüßen"
"драќон","Drache"
"матёрый","erfahren, eingefleischt, mit allen Wassern gewaschen, ausgekocht, hartgesotten; ausgewachsen"
"мэр","Bürgermeister"
"пил́от","Pilot, Flugzeugführer"
"поднест́и","herantragen, heranbringen, heranführen, heranschaffen; anbieten, überreichen"
"з́аговор","Verschwörung, Komplott"
"з́аговор","Beschwörung, Zauber, Magie, schwarze Magie"
"кол","der Pfahl"
"шлем","Helm"
"сложённый","gebaut, proportioniert"
"оќурок","Zigarettenstummel, Zigarrenstummel, Kippe"
"кр́ыса","Ratte"
"вой","Geheul, Heulen"
"госпож́а","Frau, Fräulein"
"повор́ачивать","abbiegen, wenden, umdrehen; zur Seite drehen, schwenken"
"объясн́яться","sich verständigen; sich erklären, sich aussprechen"
"приоткр́ыть","ein wenig öffnen"
"пропусќать","durchlassen, vorbeilassen, eintreten lassen; vorübergehen lassen, versäumen, verpassen; auslassen, überspringen, übersehen, weglassen"
"здоров́енный","kerngesund, kraftstrotzend; baumstark, mächtig, riesig, riesiggroß, Riesen-"
"отт́енок","Farbton, Tönung, Farbstich; Schattierung, Nuance"
"обречённый","verdammt, verurteilt"
"прав́итель","Regent, Herrscher; Verwalter, Vorsteher, Leiter"
"весл́о","Ruder"
"униќальный","einzigartig, Einzel-, als Unikat"
"кишќа","Darm"
"б́уря","Sturm; Unwetter"
"прокурат́ура","Staatsanwaltschaft"
"сн́имок","Aufnahme, Foto, Bild"
"арм́ейский","Armee-"
"реаѓировать","reagieren"
"удерж́ать","halten, festhalten; zurückhalten, unterdrücken; zurückbehalten, behalten, abziehen"
"пробеж́ать","durchlaufen, vorbeilaufen; überfliegen, hinwegeilen"
"негод́яй","Taugenichts, Nichtsnutz, Halunke, Schuft, Lump"
"пр́оза","Prosa"
"терп́ение","Geduld"
"предназн́ачить","vorherbestimmen, vorbestimmen, prädisponieren, vorsehen (für), bestimmen, benennen"
"отч́аянно","verzweifelt, tollkühn, verwegen, waghalsig; hoffnungslos, "
"призыв́ать","aufrufen, rufen nach, auffordern; einberufen"
"н́изко","niedrig, tief; gemein, niederträchtig"
"схват́иться","greifen, sich festhalten, klammern; handgreiflich werden, packen, anfassen; sich stürzen auf, etw. mit Eifer anfangen; vermissen, sich entsinnen; hochspringen, hochschrecken"
"рай́онный","Kreis-, Bezirks-, Stadtbezirks-; bezirklich, regional"
"склон́иться","sich neigen, sich verneigen, sich niederbeugen; neigen, tendieren, sich entschließen; sich beugen"
"терпел́иво","geduldig"
"прош́едший","vergangen, vorig"
"ќузов","Karosserie, Wagenkasten; Ladefläche"
"вн́ешность","Ausehen, Erscheinung, Anschein; Exterieur, Außenseite, das Äußere"
"потр́ебоваться","erforderlich sein, nötig sein, verlangt werden"
"вдал́и","in der Ferne"
"строч́ок","Giftlorchel, Bischofsmütze"
"дипл́ом","Diplom"
"интеллиѓентный","intelligent, gebildet"
"см́утный","undeutlich, vage verworren; unruhig, wirr, aufrührerisch"
"почит́ать","lesen; ehren, anerkennen"
"обм́анывать","betrügen, täuschen, hintergehen, belügen"
"забр́аться","eindringen, sich einschleichen, hineinkriechen; hineinsteigen, hinaufsteigen, hineinklettern, hinaufklettern; erreichen, an einen Ort gelangen"
"п́орция","Portion"
"сл́ушаться","gehorchen, hören auf"
"витр́ина","Vitrine; Schaufenster, Auslage, Schaukasten"
"мат́ерия","Materie; Stoff"
"пров́ал","Scheitern, Durchfallen, Reinfall, Mißerfolg, Fiasko; Einsturzstelle"
"нахм́уриться","finster dreinschauen, Stirn runzeln, Augenbrauen hochziehen; sich verfinstern"
"бессм́ертный","unsterblich"
"сќучный","langweilig, fade, öde, trist; gelangweilt, missgestimmt"
"пох́одка","Gang, Gangart"
"тр́авма","Trauma; Verletzung"
"св́язывать","binden, zusammenbinden; verbinden, verknüpfen"
"любов́аться","bewundern, sich weiden an, bestaunen"
"отраж́ение","Widerspiegelung, Reflexion, Widerhall, Spiegelbild, Abbild; Abwehr, Gegenwehr, Parieren"
"гл́ухо","taub, dumpf, stimmlos; abgelegen, still"
"л́опнуть","platzen, bersten"
"т́яжкий","schwer, mühsam, qualvoll"
"п́усто","leer"
"оборв́ать","abreißen, zerreißen; abbrechen; pflücken"
"поперёк","quer, quer über"
"гл́адить","bügeln; streicheln"
"бак","Behälter; Tank, Kanister"
"освобод́иться","sich befreien, loswerden, frei sein"
"поползт́и","loskriechen, zu kriechen beginnen"
"в́осемьдесят","achtzig"
"м́етод","Methode, Verfahren"
"бесш́умно","geräuschlos, lautlos"
"мяч","Ball"
"н́ищий","bettelarm, bitterarm"
"скрип́еть","knarren, knirschen; quietschen"
"тр́асса","Trasse, Bahn, Strecke"
"вплоть","bis; ganz dicht, ganz nah"
"отвезт́и","abtransportieren; wegbringen, fortbringen, hinfahren"
"грамм","Gramm"
"торжеств́о","Feier, ; Fest, ; Triumph, Sieg, Jubel"
"св́ойственный","eigen, eigenschaftlich, eigentümlich, innewohnend, charakteristisch"
"пресл́едовать","verfolgen; nachstellen, nachjagen"
"ќупол","Kuppel"
"мрак","Dunkelheit, Dunkel, ; Finsternis"
"подсказ́ать","vorsagen, soufflieren, zuflüstern; auf einen Gedanken bringen"
"хреб́ет","Rücken, (Rück)grat, (Gebirgs)rücken"
"шестн́адцать","sechzehn"
"обяз́ательный","verbindlich, Pflicht-, obligatorisch; verpflichtend"
"проявл́яться","sich zeigen, sich äußern, zutage treten"
"идеол́огия","Ideologie"
"выда́ющийся","hervorragend, herausragend; außergewöhnlich"
"изд́ать","herausgeben, veröffentlichen, verlegen, erlassen; von sich geben, ausstoßen, ausströmen"
"узнав́ать","erkennen, wiedererkennen; erfahren, in Erfahrung bringen, sich erkundigen nach; kennenlernen"
"угрож́ать","drohen; gefährden; androhen"
"ребр́о","Rippe; Kante, Rand, Grat"
"ком́андующий","Befehlshaber"
"повс́юду","überall"
"зал́езть","hineinklettern, hineinkriechen, reinkommen, eindringen; hinaufklettern, hochklettern, klettern; sich verkriechen"
"рел́игия","Religion"
"б́атюшка","Väterchen; orthodoxer Geistlicher"
"разм́ахивать","schwingen, schwenken"
"преодол́еть","überwinden, überwältigen; bewältigen; überwinden"
"основ́ать","gründen, begründen, stiften"
"улет́еть","fortfliegen, wegfliegen, fliegen, abfliegen"
"пар́адный","Parade-, Gala-; Fest-, festlich; Haupt-"
"упир́аться","sich stemmen, sich stützen, sich sträuben, stoßen; stoßen, geraten; sich sträuben, sich weigern; an etwas grenzen"
"артилл́ерия","Artillerie"
"труд́иться","arbeiten, ; sich bemühen, sich Mühe geben"
"поспеш́ить","sich beeilen"
"пех́ота","Infanterie, Fußvolk"
"поп","Pope; Pop, Popkultur"
"вылез́ать","herauskriechen; ausfallen, ausgehen; herausplatzen, unpassend bemerken"
"урон́ить","fallen lassen"
"побед́итель","Sieger; Gewinner"
"вод́иться","verkehren, Umgang haben; vorkommen, sich aufhalten; üblich sein"
"в́ыглянуть","hinaussehen, hinauslehnen, hinausschauen, blicken, hervortreten, hervorschauen"
"́эмоциональный","emotional"
"уговор́ить","überreden, zureden"
"спр́ыгнуть","herunterspringen, hinabspringen"
"платф́орма","Bahnsteig; Haltepunkt; Plattform"
"матч","Match, Wettkampf, Spiel, "
"рж́авый","rostig"
"эм́оция","Emotion"
"др́ужно","einmütig, einträchtig, freundlich; gemeinsam"
"пац́ан","Bursche, Bengel, Lausejunge; Kerl, Spitzbube, Bürschchen, Lümmel"
"воров́ать","stehlen, klauen"
"убежд́ение","Anschauung, Ansicht; Überzeugung, Überreden, Überzeugen"
"оконч́ательный","endgültig"
"обр́ыв","Abhang, Steilhang, Klippe; Abriss, Abreißen, Bruch"
"плёнка","dünne Schicht, Häutchen, Membran; Beschichtung, Belag; Folie, Film, flexibles beschichtetes Band"
"изнутр́и","von innen, von der Mitte, aus den Tiefen von etwas"
"пос́адка","Pflanzen, Setzen; Landung; Einsteigen, Einschiffen"
"невынос́имый","unerträglich; unausstehlich"
"блокн́от","Notizblock, Schreibblock"
"разб́ойник","Räuber"
"откл́икнуться","antworten, erwidern, sich äußern; reagieren"
"обит́атель","Bewohner"
"расход́иться","auseinandergehen, sich trennen, sich scheiden lassen; sich zerstreuen, auseinanderlaufen, divergieren"
"чёткий","deutlich, klar; scharf"
"сверќающий","blitzend; funkelnd, glitzernd"
"мот́ив","Motiv, Beweggrund, Melodie"
"сооруж́ение","Anlage; Bauwerk, Gebäude, Struktur; Errichtung"
"один́аково","gleichermaßen, ebenso"
"уничтож́ение","Vernichtung, Ausrottung, Zerstörung, Beseitigung, Abschaffung"
"п́олость","Höhle; Hohlraum"
"наскв́озь","hindurch; durch und durch"
"расспр́ашивать","befragen, ausfragen, "
"удал́иться","sich entfernen, sich zurückziehen, fortgehen"
"́уличный","Straßen-"
"вывод́ить","herausführen, wegführen; entfernen, beseitigen, vertilgen"
"в́ыводить","einen Fisch aus dem Wasser ziehen; zu verschiedenen Orten führen"
"рассл́едование","Untersuchung, Ermittlung; Nachforschung, Nachverfolgung"
"н́итка","Faden"
"подав́ить","unterdrücken, niederschlagen; niederdrücken, drücken, erdrücken, abwürgen"
"сопротивл́яться","sich widersetzen, widerstehen, sich auflehnen, sich sträuben"
"млад́енец","Säugling, Kleinkind; Baby"
"подчин́яться","sich unterordnen, sich fügen; sich unterwerfen"
"посто́ять","eine Zeitlang stehen; einstehen"
"рез́иновый","Gummi-"
"фиѓурка","Figürchen"
"тр́езвый","nüchtern, abstinent; vernünftig, nüchtern"
"образ́ованный","gebildet; herausgebildet"
"пом́орщиться","das Gesicht verziehen; Falten werfen"
"драгоц́енный","kostbar, edel; wertvoll"
"игр́ок","Spieler"
"коз́а","Ziege"
"поисќать","suchen"
"интон́ация","Intonation, Tonfall"
"кач́аться","schaukeln, schwanken, wippen; schwingen, pendeln; die Muskeln trainieren, Gewichte heben"
"пор́ода","Rasse, Gattung; Art; Abstammung, Geschlecht"
"л́озунг","Losung, Parole, Devise, Spruchband"
"уступ́ать","überlassen, zugestehen; nachgeben, nachlassen; nachstehen"
"профессион́ал","Profi, Fachmann"
"сотр́удничество","Zusammenarbeit, Mitarbeit, Mitwirkung, Partnerschaft"
"темп","Tempo"
"обещ́ание","Versprechen"
"презир́ать","verachten; gering schätzen, missachten"
"перев́одчик","Übersetzer, Dolmetscher"
"занав́еска","Vorhang; Gardine"
"ж́адно","gierig; geizig"
"соглаш́ение","Abmachung, Übereinkommen, Vereinbarung, Einverständnis, Abkommen"
"дав́ить","drücken, Druck ausüben; pressen, auspressen, ausquetschen; zerdrücken, zerquetschen, überfahren, erwürgen"
"печ́аль","Trauer, Kummer, Gram"
"тюр́емный","Gefängnis-"
"нев́ажно","egal, es ist egal, das macht nichts aus; unwichtig, es hat keine Bedeutung"
"в́ырезать","ausschneiden, herausschneiden, herausoperieren; schnitzen, ausstanzen, einmeißeln; abschlachten, niedermetzeln"
"вырез́ать","ausschneiden, herausschneiden, herausoperieren; schnitzen, ausstanzen, einmeißeln; abschlachten, niedermetzeln"
"зн́ающий","wissend, kundig, erfahren"
"в́ыпуск","Ausstoß, Emmision; Ausgabe; Abgang, Abschlussjahrgang; Herauslassen, Auslassen; Ausstrahlung, Folge"
"незнаќомец","Fremder; Unbekannter"
"гром","Donner"
"уќазанный","angegeben, angeführt"
"формиров́ание","Formation, Formierung (Bildung), Herausbildung, "
"недост́аточно","ungenügend, unzureichend, nicht hinreichend"
"изд́елие","Erzeugnis, Produkt, Ware, Arbeitsgut"
"казнь","Hinrichtung"
"м́естность","Ort, Gegend, Örtlichkeit; Landschaft, Gelände; Gebiet, Region"
"невр́оз","Neurose"
"прощ́ение","Verzeihung; Vergebung"
"подчёркивать","unterstreichen, betonen, hervorheben"
"зап́еть","anfangen zu singen, ein Lied anstimmen"
"поќачиваться","wanken, schwanken, taumeln; schaukeln"
"кр́ошечный","winzig, winzig klein"
"вис́ок","Schläfe"
"б́анда","Bande, Horde"
"х́охот","Gelächter, (lautes) Lachen"
"рассужд́ение","Überlegung, Erwägung; Gedankengang, Schlußfolgerung"
"избеж́ать","meiden, vermeiden; vermeiden; aus dem Weg gehen, ausweichen, entgehen, entrinnen"
"транш́ея","Laufgraben, Deckungsgraben; Grabensenke, Einschnittsgraben"
"подбеж́ать","herbeilaufen, zulaufen"
"выт́аскивать","herausziehen, herausholen, herausbekommen"
"отврат́ительный","abscheulich, widerlich, grässlich; ekelhaft, schauderhaft"
"круж́иться","sich drehen, kreisen, wirbeln; sich umherbewegen, herumirren"
"холл","Halle, Empfangshalle"
"ѓордо","stolz"
"ч́истить","reinigen, säubern; schälen, putzen"
"мунд́ир","Montur, Uniform, Dienstkleidung"
"гол́убчик","Täuberich, Täubchen, Liebster, Liebling, Schätzchen"
"запуст́ить","starten, in Gang setzen; einlassen, durchlassen; vernachlässigen"
"не́ясный","unklar; undeutlich, diffus"
"уп́орно","hartnäckig, beharrlich"
"ќукла","Puppe"
"бессм́ысленный","sinnlos; unsinnig, blödsinnig"
"впр́аво","nach rechts"
"констр́укция","Konstruktion, Aufbau, Bauart, Bau"
"на́ивный","naiv"
"печ́атать","drucken; tippen, maschineschreiben"
"в́ыложить","auslegen, ausbreiten; herauslegen, herausnehmen"
"скл́адываться","sich herausbilden; entstehen"
"распростран́ить","verbreiten; ausdehen, ausweiten"
"капитал́изм","Kapitalismus"
"произв́одственный","Fertigungs-, Produktions-, Herstellungs-; betrieblich, Betriebs-"
"в́еко","das Augenlid"
"корпор́ация","Korporation, Körperschaft"
"тьфу","äks, pfui"
"т́ощий","dürr, mager, hager"
"теќущий","laufend, gegenwärtig, aktuell; fließend; regelmäßig"
"поруч́ение","Auftrag, Beauftragung"
"прот́ест","Protest"
"бар́ан","Hammel"
"кл́ичка","Spitzname, Beiname; Pseudonym, Deckname, Alias"
"поѓон","Schulterstück, Schulterklappe"
"пот́омок","Nachkomme, Nachfahre"
"л́унный","Mond-; lunar"
"сд́ерживать","zurückhalten, unterdrücken; zügeln, bezähmen, beherrschen; halten, festhalten"
"толќать","stoßen, drängen, schieben, schubsen; anspornen, anstacheln"
"басс́ейн","Schwimmbad; Becken, Bassin"
"пребыв́ать","sich befinden; verweilen, verharren"
"п́опросту","einfach, ohne Umstände"
"уд́ерживать","halten, festhalten; zurückhalten, unterdrücken; zurückbehalten, behalten, abziehen"
"пор́ядочный","anständig, ehrenhaft, rechtschaffen, ehrlich, gehörig; ziemlich groß - beträchtlich"
"ув́олить","entlassen, kündigen"
"п́ечень","Leber"
"мост́овый","Brücken-; achsig, Achsen-"
"под́аться","nachgeben, weichen, verrücken, versetzt werden; sich begeben, aufbrechen, sich aufmachen"
"неприв́ычный","ungewohnt, ungewöhnlich, nicht gewohnt"
"защ́итник","Beschützer, Schützer, Fürsprecher; Verteidiger, Verfechter, Abwehrspieler"
"обесп́ечение","Ausstattung, Ausrüstung; Versorgung, Fürsorge, Deckung; Sicherstellung, Sicherung"
"потерп́еть","dulden, tolerieren, sich gedulden, geduldig sein; ertragen, erleiden, leiden"
"засл́уга","Verdienst, Meriten"
"отвращ́ение","Abscheu, Ekel; Abneigung, Widerwille"
"присл́ушаться","hinhören, zuhören; lauschen, horchen"
"суд́ебный","gerichtlich, Gerichts-, Rechts-"
"стро́итель","Bauarbeiter; Erbauer, Schöpfer"
"ось","Achse; OS"
"уст́ало","müde, ermüdet"
"приобрет́ать","erwerben, gewinnen, finden, annehmen, bekommen"
"стон","Stöhnen, Gestöhne"
"пёстрый","bunt"
"земл́янка","Erdhütte, Unterstand"
"спохват́иться","sich besinnen, plötzlich bemerken, plötzlich einfallen"
"иде́альный","ideal, perfekt"
"хир́ург","Chirurg"
"равнод́ушный","gleichgültig, uninteressiert, desinteressiert, teilnahmslos"
"сексу́альный","sexuell, Sexual-, sexy"
"устан́овленный","installiert, montiert, eingerichtet; festgelegt, festgesetzt, bestimmt"
"пригод́иться","sich eignen, geeignet sein, taugen, zu gebrauchen sein; nützlich sein, hilfreich sein"
"мол́оденький","blutjung, sehr jung"
"т́есно","eng"
"рельс","Schiene"
"изуч́ение","Erlernen, Erforschung; Studium"
"приз́ыв","Aufruf, Ruf, Aufforderung; Einberufung"
"всп́ыхивать","aufflammen, auflodern, ausbrechen, entbrennen; aufblitzen, ; erglühen, erröten"
"объедин́ить","vereinen, verbinden, vereinigen, zusammenfassen"
"быт","Alltag, Alltagsleben, Lebensweise, Lebensformen, Lebensbedingungen"
"рожд́аться","geboren werden"
"отдалённый","entfernt, fern, entlegen"
"сорт","Sorte, Art; Güteklasse, Kategorie"
"пласт́инка","Platte, Scheibe"
"бр́юхо","Bauch; Wanst"
"впр́авду","wirklich, tatsächlich"
"сто́янка","Parkplatz, Standplatz, Liegeplatz, Rastplatz"
"правл́ение","das Regieren, Herrschaft, Regentschaft; Vorstand, Verwaltungsrat, Management, Direktorium"
"п́адаль","Aas, Kadaver; Bastard; Fallobst"
"исп́уг","Schreck"
"увел́ичить","vergrößern, vermehren, erweitern; erhöhen, steigern"
"брит́анский","britisch"
"б́удка","Bude, Häuschen; Hundehütte"
"постановл́ение","Beschluß, Resolution, Verordnung"
"Рим","Rom"
"опусќать","senken, herablassen; herunterlassen, fallenlassen; einwerfen"
"издалёка","von weitem, aus der Ferne"
"жил́ец","Bewohner, Anwohner, Einwohner, Insasse; Mieter, Untermieter"
"обсужд́ение","Besprechung, ; Diskussion, Erörterung, "
"д́орого","teuer"
"зар́я","Morgenrot, Morgenröte, Abendrot, Abendröte; Zapfenstreich"
"разраб́отка","Ausarbeitung; Erarbeitung, Entwicklung"
"отправл́ять","schicken, senden, aufgeben, abfertigen"
"ќасса","Kasse, Schalter, Zahlbox"
"уступ́ить","überlassen, zugestehen; nachgeben, nachlassen; nachstehen"
"впрямь","tatsächlich, in der Tat, wirklich"
"кип́еть","kochen, brodeln, sieden, aufwallen"
"ц́арство","Zarenreich, Königreich; Reich"
"попл́ыть","schwimmen, fahren, segeln; losschwimmen; treiben"
"ворв́аться","eindringen, hineinstürmen, einbrechen; hineinplatzen"
"нич́уть","gar nicht, durchaus nicht, keineswegs"
"создав́аться","entstehen; sich herausbilden"
"табл́етка","Tablette; Tablet"
"излож́ить","darlegen, vorbringen"
"сейф","Safe, Panzerschrank, Tresor, Geldschrank"
"нагр́узка","Belastung, Auslastung, Last"
"горож́анин","Städter, Stadtbewohner"
"ѓоречь","Bitterkeit, Bitternis; bitterer Geschmack"
"р́имский","römisch"
"пейз́аж","Landschaft, Landschaftsbild"
"посет́ить","besuchen, aufsuchen"
"студ́енческий","Studenten-, ; studentisch"
"почётный","ehrenvoll, ehrenhaft, Ehren-"
"ш́умно","laut"
"секрет́арша","Sekretärin"
"толч́ок","Stoß, Ruck, Schub; Anstoß, Abstoß; Erdstoß, Erschütterung"
"замёрзнуть","gefrieren, zufrieren, frieren; erfrieren"
"визг","Gekreisch, Quietschen, Gewinsel"
"прохл́адный","kühl, frisch"
"́атомный","Atom-, atomar"
"сущ́ественный","wesentlich, bedeutend, relevant"
"дым́иться","rauchen, dampfen, qualmen"
"соедин́ение","Verbindung; Vereinigung; Verbund, Bund"
"заявл́ять","erklären, kundgeben; melden"
"млрд","Milliarde"
"различ́ать","unterscheiden, auseinanderhalten"
"вним́ательный","aufmerksam; achtsam, rücksichtsvoll, zuvorkommend"
"с́емя","Same; Sperma"
"осёл","Esel"
"дел́ить","teilen, aufteilen, einteilen, verteilen, dividieren, unterteilen"
"сл́изистый","schleimig, Schleim-"
"изуч́ить","erlernen, sich aneignen; studieren, erforschen, untersuchen"
"похорон́ить","beerdigen, begraben"
"отриц́ательный","negativ; verneinend"
"багр́овый","purpurrot, flammendrot"
"с́етка","Netz, Einkaufsnetz; Gitter, Gitternetz"
"л́ожный","falsch, Fehl-; unwahr, erlogen, Trug-"
"подраздел́ение","Unterteilung, Untergliederung, Gliederung; Unterabteilung, Einheit, Abteilung"
"контр́акт","Kontrakt, Vertrag"
"уст́ав","Satzung, Statut, Charta; Ordnung"
"равнов́есие","Gleichgewicht, Parität"
"том","Band; logisches Laufwerk, Volumen"
"пруд","Teich; Weiher"
"плоть","Fleisch; fleischliche Hülle"
"употребл́ять","gebrauchen, benutzen, ; verwenden, anwenden; verbrauchen"
"дым́ок","Rauchwölkchen, Rauchfahne"
"снисход́ительный","nachsichtig, herablassend, mild, geduldig"
"самоуб́ийство","Selbstmord, Suizid"
"пос́ол","Botschafter"
"пров́инция","Provinz"
"грань","Rand, Kante; Facette, Fläche"
"поздор́оваться","grüßen, begrüßen"
"публиќация","Publikation, Verröffentlichung"
"ш́умный","laut, lärmend"
"ком́ар","Mücke"
"куп́ец","Kaufmann"
"́офис","Büro"
"ф́окус","Fokus, Brennpunkt, Schwerpunkt; Kunststück, Trick, Kniff; Herd"
"в́ыкинуть","hinauswerfen, auswerfen, wegwerfen; austreiben; hissen"
"разр́яд","Klasse, Kategorie, Rang; Entladung"
"гон́ять","antreiben, scheuchen; jagen, hetzen, rasen; laufen, gehen"
"тр́ещина","Riss, Sprung; Spalt, Ritze"
"быти́е","Sein; Dasein, "
"Кавќаз","Kaukasus"
"из́ящный","fein, elegant; zierlich, graziös"
"кастр́юля","Kochtopf, Topf, Kaserolle"
"нагн́уться","sich beugen, sich bücken"
"м́удрость","Weisheit"
"в́едомство","Behörde; Amt, Dienststelle"
"тр́онуться","sich in Bewegung setzen, sich bewegen, sich rühren; gerührt sein; einen Stich haben, verückt sein"
"з́аросль","Dickicht, Gestrüpp"
"щен́ок","Welpe, junger Hund, Hündchen; Grünschnabel"
"табл́ица","Tabelle, Liste; Tafel"
"людсќой","Menschen-, menschlich, menschenwürdig"
"вплотн́ую","dicht, nahe; fest, hart"
"содерж́аться","enthalten, enthalten sein, beinhalten, umfassen; finanzieren, unterhalten"
"сбеѓать","fliehen, entlaufen, davonlaufen, weglaufen; herunterlaufen, herunterkommen"
"сб́егать","irgendwo hinlaufen"
"презр́ение","Verachtung, Missachtung; Geringschätzung, herabschauende Behandlung"
"болт́аться","herunterhängen, baumeln; herumhängen, sich herumtreiben, herumlungern, herumgammeln"
"пошут́ить","scherzen, einen Witz machen"
"твор́ить","schöpfen, erschaffen, erzeugen, kreieren"
"гусь","Gans"
"крас́авец","schöner Kerl, Prachstück"
"делеѓация","Delegation, Abordnung"
"в́ыраженный","ausgedrückt, ausgesprochen; ausgeprägt"
"подр́обный","ausführlich, eingehend; detailliert"
"чуд́ак","wunderlicher Kerl, Exzentriker, Sonderling, Eigenbrötler"
"повтор́яться","sich wiederholen"
"д́оза","Dosis, Dosierung"
"взлет́еть","auffliegen, aufsteigen, abheben"
"эксп́ерт","Experte, Sachverständiger"
"сантим́етр","Zentimeter; Bandmaß, Metermaß"
"убир́ать","aufräumen, wegräumen, Ordnung machen, abräumen, säubern, ablegen, abstellen; entfernen, wegbringen; ernten"
"триб́уна","Tribüne"
"застр́ять","steckenbleiben; hängenbleiben"
"делов́итый","sachlich, ; geschäftstüchtig, geschäftig, geschäftsfähig"
"нап́асть","herfallen, angreifen, überfallen; befallen, heimsuchen, überkommen"
"ветер́ок","Brise, Wind, Lüftchen"
"констр́уктор","Konstrukteur"
"пляс́ать","herumtanzen, tänzeln, herumspringen"
"в́ыразиться","sich ausdrücken; sich äußern, zum Ausdruck kommen, sich zeigen; betragen, belaufen"
"акт́ивно","aktiv, tätig"
"вл́ево","nach links"
"стоп","Stop!"
"П́итер","Piter (Sankt Petersburg); Peter"
"лиш́ить","entziehen, aberkennen; nehmen, rauben"
"н́евский","Newski"
"сќатерть","Tischdecke, Tischtuch"
"скуч́ать","sich langweilen, Langeweile haben; vermissen, sich sehnen"
"боков́ой","seitlich, Seiten-"
"оп́омниться","sich besinnen, sich fassen, zur Vernunft kommen, Vernunft annehmen; das Bewusstsein wiedererlangen"
"́обувь","Schuhe, Schuhwerk"
"пробир́аться","sich durchschlängeln, durchdrängen, eindringen; sich durchschleichen, sich einschleichen"
"прис́утствующий","anwesend"
"тел́ега","Wagen, Leiterwagen, Rollwagen Karren"
"областн́ой","Gebiets-; regional, Regions-, lokal, Lokal-"
"вал","Welle, Walze, Woge; Wall, Damm; Bruttowert, Wertigkeit"
"прорв́аться","durchreißen; durchbrechen, aufbrechen"
"наткн́уться","aufprallen, stoßen"
"дневн́ой","täglich, Tages-"
"скл́онный","geneigt, veranlagt, anfällig; geneigt sein"
"п́очка","Niere; Knospe"
"́око","Auge"
"ёлка","Fichte, Rottanne; Weihnachtsbaum, Christbaum, Tannenbaum; Jolkafest"
"офиц́ерский","Offiziers-"
"свал́ить","hinwerfen, kippen, abladen; alles hinwerfen, sich aus dem Staub machen, sich davonmachen sich fortmachen, abzwitschern; umwerfen, einen umhauen, niederstrecken, fällen, zu Fall bringen; abwälzen"
"скаќать","hüpfen, springen; galoppieren"
"прибеж́ать","herbeilaufen, gelaufen kommen"
"паров́оз","Dampflokomotive; Lokomotive, Lok"
"умол́ять","anflehen, flehen"
"змей","Drache"
"рван́уться","loseilen, losstürmen"
"проглот́ить","verschlucken, herunterschlucken, schlucken; verschlingen"
"вруч́ить","aushändigen, übergeben, überreichen; anvertrauen"
"скольз́ить","rutschen, ins Rutschen kommen; gleiten, schlittern"
"па","Tanzschritt, Schritt; Pa"
"неизб́ежный","unvermeidlich; unausweichlich"
"мел́одия","Melodie"
"дав́аться","leichtfallen, gegeben sein; sich geben, fügen, aufgeben, nachgeben, sich ergeben"
"ур́а","hurra, Hurra"
"перенос́ить","verschieben, verlegen, aufschieben, verschieben, übertragen; vertragen, ertragen, aushalten, erdulden, erleiden"
"расстр́ойство","Störung, Ungleichgewicht, Durcheinander, Unordnung; Verstimmung, Missstimmung, innere Unruhe"
"объект́ивный","objektiv"
"пр́озвище","Spitzname; Beiname"
"номенклат́ура","Nomenklatur, Verzeichnis, Erzeugnisliste, ; Führungsriege, Führungsschicht"
"отстав́ать","zurückbleiben; ablassen, weg bleiben, in Ruhe lassen; weg sein, verschwinden, sich ablösen, abgehen"
"барь́ер","Barriere, Schranke, Hürde"
"премь́ер","Premier"
"плаќат","Plakat"
"вр́едный","schädlich, abträglich, ungesund; boshaft, zickig, fies"
"т́оня","Fischfangplatz, Angelplatz; Fischzug, Fang"
"в́ытянуться","sich ausstrecken, sich ausdehnen; sich erstrecken, sich hinziehen"
"снар́ужи","außen, draußen, außerhalb, von außen"
"бос́ой","barfüßig, nackt, bloß"
"санит́ар","Krankenpfleger; Sanitäter"
"ор́ех","Nuß, Nußbaum"
"об́очина","Randbereich; Straßenrand, Wegesrand, Seitenstreifen, Randstreifen"
"райќом","Kreiskomitee; Bezirkskomitee"
"см́ело","kühn, tapfer, mutig, furchtlos, gewagt; sicher, problemlos"
"кат́аться","fahren, gleiten, rollen, reiten; spazierenfahren"
"превыш́ать","übertreffen, übersteigen, überschreiten, mißbrauchen"
"убеѓать","weglaufen, davonlaufen"
"сопровожд́аться","einhergehen mit, begleitet werden"
"угод́ить","gefällig sein; es recht machen, es passend machen, zufriedenstellen; treffen"
"расстр́ел","Erschießung, Erschießen, Tod durch Erschießen"
"распоряд́иться","verfügen; anweisen, veranlassen, anordnen"
"задр́ать","hochheben; zerreißen, in Stücke reißen; hänseln, foppen, mobben"
"навест́ить","besuchen, aufsuchen"
"огур́ец","Gurke"
"пере́ехать","umziehen, übersiedeln, woanders hingehen; überqueren, übersetzen, überfahren, hinübergehen, hinüberfahren"
"отмен́ить","absagen; rückgängig machen, stornieren, widerrufen, außer Kraft setzen, abschaffen, abbestellen"
"отмеч́аться","sich eintragen, sich einschreiben, sich registrieren; sich hervorheben, sich hervortun, sich herausheben; gefeiert werden"
"уд́обно","bequem, günstig, geeignet, passend, angebracht, schicklich"
"в́оинский","Militär-, Wehr-, ; militärisch"
"самосто́ятельно","selbständig, unabhängig, souverän"
"зараст́и","zuwachsen, verwildern; zuheilen, vernarben"
"мор́оженый","erfroren; tiefgefroren"
"усм́ешка","Lächeln"
"вал́юта","Valuta, Devisen; Währung"
"т́уго","fest, eng, straff; knapp; schwerfällig, schwergängig, steif"
"переглян́уться","Blicke wechseln, Blicke tauschen"
"прав́ительственный","Regierungs-; staatlich, regierungsamtlich"
"определ́яться","bestimmen, bestimmt werden, festsetzen; festlegen, definieren"
"вер́анда","Veranda"
"обл́омок","Brocken; Bruchstück"
"рассерд́иться","sich ärgern, böse werden"
"ќурица","Huhn, Henne"
"прид́ать","zugeben, hinzufügen, einflößen; beimessen, beigeben"
"п́ена","Schaum"
"пред́атель","Verräter"
"кресть́янский","bäuerlich; Bauern-, "
"пож́ить","leben, eine bestimmte Zeit verbringen"
"зв́онкий","klangvoll, stimmhaft; hell, klingend, hoch"
"прониќать","eindringen, vordringen; durchdringen"
"дост́аточный","ausreichend, genug, genügend; hinlänglich, hinreichend"
"в́ысунуться","sich hinauslehnen, sich herauslehnen"
"д́ырка","Loch, Einstichstelle, Guckloch, Öse, Leerstelle, Lücke, Durchschuss; Hure, Weibsbild; Scheide, Vagina"
"факульт́ет","Fakultät"
"троп́а","Pfad, Fußweg"
"ручн́ой","Hand-; von Hand, manuell; zahm, gezähmt"
"п́аника","Panik"
"винов́ато","schuldig, schuldbewusst"
"связ́аться","in Verbindung treten, sich in Verbindung setzen, eine Verbindung herstellen; kontaktieren"
"торѓовец","Händler"
"натян́уть","anspannen, straff ziehen"
"ш́арик","Kügelchen, Bällchen; Ballon, Luftballon"
"предч́увствие","Vorahnung, Vorgefühl"
"вопреќи","trotz; entgegen, gegen, wider, zuwider"
"фальш́ивый","falsch, unaufrichtig, heuchlerisch; gefälscht, unecht"
"избеѓать","meiden, vermeiden; aus dem Weg gehen, ausweichen, scheuen"
"изб́егать","herumlaufen, ablaufen, abklappern"
"копьё","Speer, Lanze"
"перестр́ойка","Perestroika; Umbau, Umgestaltung, Rekonstruktion, Reorganisation, Umstellung"
"од́еться","sich anziehen, sich kleiden"
"мол́очный","Milch-"
"введ́ение","Einleitung; Einführung"
"диплом́ат","Diplomat"
"п́ерец","Pfeffer; Paprika, Peperoni, Peperoncini; Lümmel, Kerl, Bengel, Pullermann"
"твор́иться","geschehen, passieren, vor sich gehen"
"гроз́а","Gewitter"
"сравн́ительно","vergleichsweise; verhältnismäßig"
"индивиду́альный","individuell, persönlich, Einzel-, Selbst-"
"вон́ючий","stinkend"
"бл́ижний","nahe"
"траѓический","tragisch"
"интеллекту́альный","intellektuell, intelligent"
"мин́утка","Minütchen, Moment, Augenblick"
"возбужд́ение","Erregung, Aufregung"
"отст́авка","Ruhestand, außer Dienst; Abschied, Verabschiedung; Rücktritt, Demission"
"бр́онзовый","bronzefarben, bronzen, ; Bronze-"
"случ́айность","Zufall, Zufälligkeit"
"ж́иво","lebend; lebendig, ebhaft, flink"
"зав́едующий","Leiter, Vorsteher; Manager"
"кпсс","KPdSU"
"наст́ать","anbrechen, hereinbrechen; beginnen, kommen, werden; eintreten"
"пр́актик","der Praktiker"
"в́ыезд","Ausfahrt, Abfahrt; Ausreise"
"с́ало","Fett, Talg, Schmalz; Speck"
"приќазывать","befehlen, anordnen, lassen"
"нараст́ать","anwachsen, steigen, zunehmen, sich verstärken"
"м́алость","Kleinigkeit, Winzigkeit"
"инст́инкт","Instinkt, Trieb"
"объявл́ять","verkünden, offiziell erklären; bekanntgeben, ankündigen, mitteilen"
"налив́ать","eingießen, einschenken"
"сомн́ительный","zweifelhaft, fragwürdig, verdächtig, bedenklich"
"бет́онный","Beton-, aus Beton"
"ќатер","Kutter, Motorboot"
"съ́ездить","hinfahren, fahren, hinreisen, reisen, einen Abstecher machen"
"северо","Nord-"
"пятьс́от","fünfhundert"
"прогн́оз","Prognose; Vorhersage"
"деж́урить","Dienst haben, Dienst tun"
"попрощ́аться","sich verabschieden, Abschied nehmen, Lebewohl sagen"
"изумр́удный","smaragden, smaragdgrün; Smaragd-, "
"пр́очный","dauerhaft; beständig; belastbar; solide; fest; strapazierfähig; haltbar"
"в́иски","Whisky, Whiskey"
"фиол́етовый","violett, lila"
"маѓический","magisch, zauberhaft"
"механ́ический","mechanisch"
"с́ектор","Sektor, Kreisausschnitt, Abteilung, Zweig"
"прихват́ить","mitnehmen; überraschen, ereilen; befestigen, anheften, feststecken"
"вин́овный","schuldig, schuld"
"мёд","Honig"
"разм́ах","Spanne, Ausmaß, Wucht, Schwung; Spannweite, Flügelweite; Schwingungsweite, Amplitude"
"непр́авда","Unwahrheit, Lüge"
"возвращ́ать","zurückgeben, zurückerstatten, wiedergeben, zurückschicken"
"пят́ок","Fünf, fünf; Freitag"
"посещ́ение","Besuch, Visite"
"попол́ам","halb, hälftig, zur Hälfte, fifty-fifty"
"насм́ешливо","spöttisch, höhnisch, spöttlustig"
"демонстр́ировать","demonstrieren, sich an einer Demonstration beteiligen, vorführen, zeigen, bekunden"
"аѓентство","Agentur, Vertretung"
"сл́ушатель","Zuhörer, Hörer"
"затян́уться","sich zuziehen, an etw. ziehen; sich hinziehen, sich in die Länge ziehen; verheilen, heilen"
"ќодекс","Kodex, ; Gesetzbuch"
"кос́а","Zopf; Sense, Rasentrimmer; Landzunge, Kap"
"кос́а","Bantu; Bantusprache"
"удовлетвор́ить","befriedigen, erfüllen, entsprechen; zufriedenstellen, genügen, Genüge leisten"
"аккур́атный","akkurat, genau; ordentlich, sorgfältig"
"соб́ор","Kathedrale, Dom, Münster; Konzil, Versammlung"
"толь","Dachpappe, Teerpappe"
"восстановл́ение","Wiederaufbau; Wiederherstellung, Restauration, Restaurierung"
"чуд́овище","Monster, Unmensch; Ungeheuer, Scheusal, Bestie"
"прил́авок","Theke; Ladentisch"
"оправд́ать","rechtfertigen, entschuldigen; freisprechen; rechtfertigen, erfüllen; belegen, nachweisen"
"подел́иться","teilen, anvertrauen"
"п́есенка","Liedchen"
"раздел́ять","teilen, aufteilen, dividieren, einteilen, unterteilen; trennen, zerteilen, verteilen"
"сл́авка","Grasmücke"
"восемн́адцать","achtzehn"
"ст́алкер","Stalker"
"́угрюмый","griesgrämig, mürrisch, verdrießlich"
"подавл́ять","unterdrücken, niederschlagen; niederdrücken, drücken, erdrücken, abwürgen"
"в́ыгодный","vorteilhaft, nutzbringend; profitabel, gewinnbringend, günstig"
"т́опливо","Brennstoff, Heizmaterial; Treibstoff, Kraftstoff"
"убежд́ать","überzeugen"
"гл́ина","Lehm; Ton"
"огл́ядывать","besehen, betrachten, überblicken"
"почт́ительный","ehrerbietig; respektvoll"
"располаѓать","anordnen, verteilen, aufstellen; verfügen, disponieren; stimmen, für sich einnehmen, für sich gewinnen; zurechtlegen"
"уд́ачный","gelungen; erfolgreich; treffend"
"объ́ятие","Umarmung"
"фон́арик","Laterne, Lampion; Lämpchen"
"муч́ительно","qualvoll"
"п́азуха","Höhle; Brust, Busen"
"дор́ожный","Straßen-, Weg-; Reise-"
"обним́ать","umarmen, in die Arme schließen; umschlingen, umfassen, umgreifen"
"эшел́он","Staffel, ; Militärtransport, Militärzug; Echolon"
"ир","Kalmus, Calamus; Ir"
"буд́ить","wecken, aufwecken"
"распахн́уться","sich öffnen, aufgehen, aufspringen, aufschwingen"
"обход́иться","behandeln, umgehen, ; abgehen, ablaufen; auskommen, entbehren können; kosten"
"сохран́ение","Bewahrung, Aufbewahrung, Verwahrung; Erhaltung, Speicherung"
"осуществ́ить","verwirklichen, in die Tat umsetzen, realisieren; durchführen, ausführen; verwirklichen"
"исп́уганный","erschrocken, erschreckt"
"отќинуть","beiseite werfen, beiseitelassen; zurückwerfen, aufklappen"
"листв́а","Laub"
"разд́ел","Aufteilung, Teilung, Teilgebiet, Teil; Abschnitt, Absatz, Rubrik, Sparte"
"ус́адьба","Gehöft; Anwesen, Gutshof"
"нед́аром","nicht ohne Grund, nicht von ungefähr; nicht umsonst"
"зл́иться","sich ärgern, in Wut geraten, sauer werden"
"пр́опуск","Einlassschein, Durchlassschein, Passierschein, Kennkarte; Auslassung, Leerplatz, Leerstelle; Versäumnis, Ausfall; Parole, Kennwort"
"аналоѓичный","analog, gleichartig, ähnlich"
"в́ыпрямиться","sich aufrichten"
"газ́етный","Zeitungs-"
"мыть","waschen, putzen, wischen; abwaschen, spülen, abspülen"
"обвин́ять","beschuldigen, anschuldigen; anklagen, vorwerfen"
"саж́ать","anbauen, anpflanzen, setzen; setzen, Platz nehmen lassen, hinlegen, legen; landen"
"мор́аль","Moral"
"верт́еться","sich drehen, sich herumdrehen"
"челов́ечек","Männchen, Männlein; Menschlein"
"суст́ав","Gelenk"
"н́ежность","Zärtlichkeit; Zartheit"
"пораж́ать","treffen, schlagen, besiegen, vernichten; befallen, heimsuchen; überraschen, erstaunen, verblüffen"
"комсом́олец","Komsomolze"
"пострад́ать","leiden; erleiden, Schaden nehmen, krank werden; verletzt werden"
"осложн́ение","Komplikation, Verschlechterung, Verwicklung"
"муч́ительный","qualvoll, peinlich, leidvoll"
"свящ́енный","heilig, geheiligt"
"предприн́ять","unternehmen, vornehmen; einleiten, ergreifen"
"м́итинг","Kundgebung, Meeting"
"дрожь","Zittern, Frösteln, Schauer"
"мест́ечко","Plätzchen; Örtchen"
"расс́ыпаться","zerfallen, zerbröckeln; verstreut sein, zerstreut sein, sich verstreuen"
"рассып́аться","zerfallen, zerbröckeln; verstreut sein, zerstreut sein, sich verstreuen"
"прот́ивно","widerlich, abstoßend, ekelhaft, widerwärtig; entgegen"
"л́енинский","leninistisch"
"связ́ать","binden, zusammenbinden; verbinden, verknüpfen, zusammenfügen, in Verbindung stehen; verpflichten, Zwang auferlegen; stricken, häkeln; in Verbindung setzen, verknüpfen"
"кред́ит","Kredit"
"кр́едит","Kredit"
"весть","Botschaft, Kunde, Mitteilung; Nachricht"
"стр́оиться","gebaut werden, sich etwas bauen; sich aufstellen, antreten"
"б́абочка","Schmetterling, Falter; Fliege, Querbinder, Krawattenschleife"
"сн́ятой","entrahmt, Mager-; entfernt, aufgenommen"
"сосл́аться","sich berufen, sich beziehen"
"ущ́елье","Schlucht, Kluft, Klamm, Hohlweg"
"стро́ительный","Bau-"
"в́ыбежать","hinauslaufen, herauslaufen"
"ветер́ан","Veteran"
"ш́ахта","Bergwerk, Grübe, Schacht"
"отодв́инуть","wegschieben, beiseite schieben, zurückschieben, abrücken (von); verschieben, aufschieben, hintanstellen"
"разбир́ать","sortieren, aussortieren, aufdröseln, entziffern, verstehen, einordnen, ordnen; auseinandernehmen, zerlegen, demontieren, abbauen, ausverkaufen; auseinandersetzen, analysieren, verstehen, entziffern, begreifen, ergründen"
"вс","Sonntag; Oberster Rat; Streitkräfte; virtuelle Verbindung"
"трев́ожно","aufgeregt, beunruhigt, beunruhigend, unruhig"
"с́ытый","satt"
"бескон́ечно","unendlich, ohne Ende, endlos; ewig, dauernd, fortwährend"
"ноздр́я","Nasenloch"
"в́идимость","Sichtbarkeit, Sicht; Schein, Anschein"
"пит́аться","sich ernähren, essen"
"свет́ило","Himmelskörper, Gestirn; Lichtgestalt, Koryphäe"
"вскрич́ать","ausrufen; schreien"
"в́ыхватить","herausreißen, herausgreifen, herausziehen; wegschnappen, entreißen"
"потряс́ать","erschüttern, umwerfen"
"встр́ечный","Gegen-, entgegengesetzt; entgegenkommend, jmd. der einem über den Weg läuft"
"един́ица","Einheit; Einser"
"п́ышный","üppig, bauschig, füllig; prunkvoll, pompös, prachtvoll"
"развод́ить","züchten, anbauen, anpflanzen; trennen, scheiden, lösen, verdünnen; reinlegen"
"звёздный","Stern-, Sternen-; stellar, sternenhell, sternförmig"
"тр́ижды","3 x (in Multiplikationsaufgaben); dreimal, dreifach"
"сл́ожность","Kompliziertheit, Schwierigkeit; Komplexität"
"восп́итывать","erziehen, großziehen"
"беспл́атный","unentgeltlich, kostenlos, frei"
"вдов́а","Witwe"
"идеолоѓический","ideologisch"
"изл́ишний","überflüssig, unnötig, überschüssig; übermäßig, übertrieben, unangemessen"
"п́ятеро","fünf; zu fünft"
"берёза","Birke"
"в́аленок","Filzstiefel"
"предвар́ительный","vorläufig, vorbereitend; vorherig"
"поз́ор","Schande; Schmach"
"фонт́ан","Springbrunnen, Fontäne"
"зат́ихнуть","still werden, verklingen, verstummen, verhallen; abklingen, sich legen"
"бес","Böse, böser Geist, Dämon; Satan, Teufel"
"оригин́альный","Original-, ; original, echt, originell"
"т́усклый","trübe; matt, farblos, fahl"
"п́епел","Asche"
"цепл́яться","sich klammem, sich festklammern"
"пр́израк","Gespenst, Phantom; Geist, Spuk"
"восхищ́ение","Bewunderung, Faszination; Begeisterung, Entzücken"
"б́урый","braun; bräunlich, mit Braunton"
"возникнов́ение","Entstehung"
"стр́ажа","Wache"
"паренёк","Bursche, Junge"
"предъяв́ить","vorweisen, vorzeigen; geltend machen, stellen, erheben"
"алкоѓоль","Alkohol"
"ранг","Rang; Amtswürde"
"зл́ато","Gold"
"посещ́ать","besuchen, aufsuchen"
"сион́истский","zionistisch"
"просид́еть","durchsitzen, eine Weile sitzen"
"́ахнуть","ächzen, Ach rufen, Ach und Weh klagen; Ach und Weh klagen"
"удал́яться","sich entfernen, sich zurückziehen, fortgehen"
"поздравл́ять","gratulieren, beglückwünschen"
"ч́уять","spüren, fühlen, empfinden; wittern, riechen"
"дёргать","ziehen, zupfen, reißen, ruckartig bewegen; nerven, zerren; reinziehen, süffeln"
"нам́еренный","absichtlich, vorsätzlich; willentlich"
"горяч́о","heiß, feurig; mit Feuereifer, mit großem Eifer"
"т́оненький","sehr dünn, ziemlich dünn"
"уничтож́ать","vernichten, zerstören; ausrotten, ausmerzen; beseitigen, abschaffen"
"со́юзник","Verbündeter, Alliierter"
"ж́ивопись","Malerei"
"парл́амент","Parlament"
"х́удший","schlimmster; schlechtester"
"см́углый","gebräunt, braungebrannt; braunhäutig, dunkelhäutig"
"сем́ейство","Familie"
"негр","Neger"
"разысќать","ausfindig machen, auffinden, ermitteln, aufstöbern; fahnden"
"п́очерк","Handschrift"
"колл́екция","Sammlung"
"мол́итва","Gebet"
"ритм","Rhythmus"
"ст́ая","Zug, Schar, Schwarm, Rudel, Horde"
"блин","Pfannkuchen; Mist !, Verdammt, Scheisse"
"расстав́аться","auseinandergehen, sich verabschieden, sich trennen"
"вн́ешне","äußerlich, dem Äußeren nach"
"ишь","schau (mal) einer an, na so was"
"загн́ать","antreiben, scheuchen, abhetzen, in die Enge treiben; hineinjagen, hineintreiben, nachjagen"
"́Азия","Asien"
"перес́ечь","durchqueren, überqueren, durchkreuzen, schneiden, kreuzen"
"подр́ужка","Freundin"
"изр́аильский","israelisch, israelitisch"
"ср́очный","eilig, Sofort-, Schnell-; dringend, dringlich"
"пиан́истка","Pianistin, Klavierspielerin"
"разв́од","Scheidung, Ehescheidung"
"кр́уто","steil, streng, hart; jäh, plötzlich; cool, toll, super"
"огран́иченный","begrenzt, limitiert, knapp, eingeschränkt; beschränkt, beknackt, engstirnig, borniert"
"смут́иться","in Verlegenheit geraten"
"реализ́ация","Realisierung, Verwirklichung"
"пр́обка","Kork, Korken, Pfropfen, Stöpsel, Stockung, Stauung; Verkehrsstau"
"м́иска","Schüssel; Napf"
"пан","Pan, gnädiger Herr, Gutsherr"
"раздав́ить","zerdrücken; zerquetschen, erdrücken; zermalmen, : überfahren"
"юрид́ический","juristisch; rechtlich, Rechts-"
"пенсион́ер","Rentner"
"подводн́ой","Zuleitungs-; Zufuhr-, Zuführungs-"
"утверд́ить","bewilligen, genehmigen, bestätigen, verabschieden; bestärken, festigen"
"ш́орох","Geräusch, Geraschel, Rauschen"
"горш́ок","Topf; Pott"
"незнач́ительный","unbedeutend, geringfügig, unwesentlich, gering"
"неверо́ятно","unwahrscheinlich; unglaublich; unerhört"
"м́атушка","Mütterchen; ehrwürdige Mutter"
"верх́ушка","Spitze, Gipfel; Baumwipfel"
"национ́альность","Nationalität"
"тигр","Tiger"
"скл́адка","Falte, Bügelfalte, Runzel"
"незав́исимо","unabhängig; selbständig"
"вполѓолоса","halblaut, mit halber Stimme"
"иќона","Ikone"
"заќанчиваться","zur Neige gehen, zu Ende gehen; enden, zu Ende sein"
"артиллер́ийский","Artillerie-"
"распростран́ение","Ausbreitung, Verbreitung, Ausdehnung"
"учёба","Lehre, Lernen; Studium"
"укр́асить","schmücken, ausschmücken; verschönern, dekorieren, verzieren"
"котёнок","Kätzchen, junge Katze, "
"спортсм́ен","Sportler"
"добыв́ать","gewinnen, fördern, abbauen; verdienen, sich verschaffen, auftreiben, beschaffen"
"серебр́о","Silber, Silbermedaille"
"осм́атривать","besichtigen, genau betrachten, in Augenschein nehmen; untersuchen, mustern, prüfen"
"контрол́ировать","kontrollieren, überprüfen"
"полотн́о","Leinen; Leinwand; -blatt"
"пр́елесть","Anmut, Liebreiz, Charme; Reiz, Anziehungskraft"
"всем́ирный","weltweit; Welt-"
"всќинуть","werfen, hinaufwerfen; heben, erheben"
"помч́аться","dahineilen, eilen, dahinhetzen, dahinjagen; sausen, flitzen, rennen, rasen"
"прет́ензия","Anspruch, Forderung; Reklamation, Beanstandung"
"сраж́ение","Kampf, Schlacht, Gefecht"
"шевел́ить","bewegen, rühren, regen; wenden"
"конф́ета","Konfekt, Praline; Bonbon"
"растер́ять","verlieren"
"рыв́ок","Ruck; Reißen; Endspurt"
"опроќинуть","umwerfen, umstürzen, umkippen"
"икр́а","Kaviar, Rogen, Laich; Wade"
"посл́ушно","gehorsam, folgsam"
"погруз́ить","beladen, verladen, befrachten; eintauchen, versenken"
"п́отный","schweißbedeckt, schweißig, verschwitzt"
"дрянь","Dreck, Mist, Scheiß; Mistkerl, Miststück"
"возврат́иться","zurückkommen, zurückkehren; "
"категор́ически","kategorisch; ausdrücklich"
"недов́ольно","unzufrieden"
"адмир́ал","Admiral"
"взорв́аться","explodieren, detonieren, in die Luft fliegen"
"обхват́ить","umfassen, umgreifen"
"распростран́яться","sich verbreiten; sich ausdehnen"
"лёгкость","Leichtheit, Leichtigkeit, Gewandtheit"
"соч́увствие","Mitgefühl, Anteilnahme"
"скот́ина","Vieh, Tier, Viehzeug, Bestie; Mistkerl, Schweinehund, Saukerl, Miststück"
"вскр́икнуть","aufschreien"
"возглавл́ять","anführen, leiten; vorstehen, an der Spitze stehen"
"окр́уга","Umgebung, Umkreis, Bezirk"
"табур́етка","Schemelchen, kleiner Hocker"
"Финл́яндия","Finnland"
"показ́атель","Indikator, Kennzahl, Kenngröße, Kennwert, Messgröße, Index"
"овц́а","Schaf"
"бессм́ысленно","sinnlos; unsinnig"
"отќинуться","sich zurücklehnen"
"друж́ить","befreundet sein, Freundschaft halten"
"акц́ент","Akzent, Betonung, Aussprache"
"вражд́ебный","feindlich, feindselig"
"зам́етка","Notiz, kurze Mitteilung, Anmerkung"
"р́обко","schüchtern, scheu; zaghaft, ängstlich, furchtsam, bange"
"отрыв́ать","abreißen, losreißen, abtrennen"
"т́умбочка","Nachttisch"
"перебив́ать","unterbrechen, ins Wort fallen; zerbrechen, zerschlagen"
"конц́епция","Konzept, Konzeption, Auffassung"
"увел́ичиваться","sich vergrössern; sich steigern"
"гранди́озный","grandios"
"кид́ать","werfen, schleudern, schmeißen; betrügen, täuschen; im Stich lassen, hängenlassen, zurücklassen"
"матем́атика","Mathematik"
"земл́як","Landsmann"
"автомоб́ильный","Auto-, Automobil-"
"кр́аткий","kurz, Kurz-, knapp, in knappen Worten"
"воображ́ать","sich einbilden, sich vorstellen; sich denken, meinen"
"мерц́ать","flimmern, schimmern; flackern"
"предупрежд́ение","Warnung, Warnhinweis, Verwarnung; Mahnung; Vorbeugung, Verhütung"
"земл́янин","Erdbewohner, Erdling"
"раскал́ить","glühend machen, zum Glühen bringen"
"сыр","Käse"
"микроф́он","Mikrofon, Mikrophon"
"пол́яна","Lichtung, Waldwiese"
"скользн́уть","rutschen, ins Rutschen kommen; gleiten, schlittern"
"прит́ихнуть","still werden; verstummen"
"поќойный","verstorben; ruhig, ruhend, friedlich"
"назнач́ать","bestimmen, festlegen; benennen, ernennen, einsetzen, berufen zu; festlegen, festsetzen, anberaumen, ansetzen, anordnen; verordnen, verschreiben, verabreichen"
"автомат́ически","automatisch"
"ф́ара","Scheinwerfer"
"р́инуться","sich stürzen"
"особн́як","Villa"
"стор́онник","Anhänger; Befürworter, Verfechter"
"угрож́ающий","drohend, ; bedrohlich"
"хан","Khan, Chan"
"нем́ой","stumm, Stumm-"
"солд́атик","Soldat, Sodatlein"
"верст́а","Werst; langer Lulatsch, Hühne, Riese"
"кон́ечность","Gliedmaßen, Extremität; Endlichkeit"
"стан́ок","Maschine, Werkzeugmaschine; Gestell, Werkbank, Stand; Box, Stall, Station, Platz"
"брезгл́ивый","wählerisch, mäklig, etepetete; angewidert"
"буќет","Blumenstrauß, Bouquet; Bukett, Aroma"
"заинтересов́ать","jemandes Interesse wecken, interessiert machen"
"стр́ажник","Wachmann, Wächter"
"тенд́енция","Tendenz, Trend, Neigung"
"сб́орный","vorgefertigt, Fertig-, vormontiert; Sammel-, Versammlungs-; Auswahl-"
"адъют́ант","Adjutant"
"в́идение","Vision, Auffassung"
"вид́ение","Erscheinung, Traumbild"
"напуѓать","erschrecken, Angst einjagen"
"ском́андовать","kommandieren, befehligen, einen Befehl erteilen"
"подозр́ительно","verdächtig, Verdacht erweckend, suspekt; misstrauisch, verdächtig, fragwürdig"
"р́ация","Funkgerät, Funkstelle, Funkanlage"
"в́яло","welk, schlaff; träge, energielos"
"́искренний","aufrichtig"
"гр́еческий","griechisch"
"милиц́ейский","Miliz-, Polizei, Schutzpolizei-"
"донест́и","tragen, bringen; anzeigen, denunzieren; berichten, melden"
"плот","Floß"
"прип́омнить","sich erinnern, sich besinnen, sich entsinnen"
"р́едкость","Seltenheit, Rarität"
"съёмка","Aufnahme"
"разреш́ать","erlauben, gestatten, bewilligen, genehmigen, zustimmen; lösen"
"нетерп́ение","Ungeduld"
"схв́атка","Krampf, Wehe; Gefecht, Handgemenge, Rangelei"
"закус́ить","zu sich nehmen, Brotzeit machen, einen Imbiss nehmen; anbeißen, beißen"
"м́агия","Magie, Hexerei, Zauberkunst"
"слюн́а","Speichel"
"разлож́ить","auslegen, ausbreiten, verteilen; zerlegen, zersetzen, zergliedern"
"ворч́ать","brummen, knurren, anknurren"
"чересч́ур","allzu, viel zu, übermäßig"
"покат́иться","rollen, kugeln, sich wälzen, fließen"
"отраж́ать","widerspiegeln, reflektieren, wiedergeben, zum Ausdruck bringen; abwehren, zurückschlagen, zurückweisen"
"осуществл́ять","verwirklichen, umsetzen; durchführen, ausführen"
"веро́ятность","Wahrscheinlichkeit"
"наполов́ину","halb; zur Hälfte"
"выним́ать","herausnehmen, holen, herausziehen, entfernen"
"алл́ея","Allee"
"норов́ить","erpicht sein, anstreben"
"сосредот́очить","konzentrieren, sammeln; zusammenfassen"
"удостовер́ение","Beglaubigung, Bescheinigung, Attest, Zeugnis, Schein; Ausweis, Nachweis, Legitimation"
"отн́ыне","von nun an, von jetzt an, von heute ab"
"́ихний","ihr, ihre"
"откров́енный","offen, aufrichtig, offenherzig, freimütig; freizügig"
"куст́арник","Strauch, Gesträuch; Busch, Gebüsch"
"дисципл́ина","Disziplin, ; Spezialgebiet"
"клок","Büschel, Sträne; Fetzen"
"треть","Drittel"
"вз́яток","Honigausbeute"
"уд́ачно","glücklich, treffend"
"оф́ормить","gestalten, ausgestalten, formalisieren; ausfertigen, abfertigen, formal abwickeln"
"нович́ок","Neuling, Anfänger"
"в́ыдумать","ausdenken, erfinden, erdichten, ersinnen"
"исполн́итель","Darsteller, Interpret; Vollzieher, Vollstrecker"
"п́омниться","sich erinnern"
"нырн́уть","tauchen, untertauchen"
"опр́авдываться","sich rechtfertigen; sich als richtig herausstellen, sich erfüllen"
"́обморок","Ohnmacht, Bewusstlosigkeit, Ohnmachtsanfall, Ohnmachtszustand"
"́Африка","Afrika"
"т́ыкать","einstecken, hineinstecken; weisen, zeigen; duzen"
"нехор́оший","nicht gut; schlecht, "
"пев́ец","Sänger"
"удивлённый","überrascht, erstaunt, verwundert"
"поѓоня","Verfolgung, Jagd, ; Verfolgungsjagd, "
"гр́ебень","Kamm; Grat, "
"сол́ома","Stroh"
"незав́исимость","Unabhängigkeit, Eigenständigkeit (Autonomie), Selbständigkeit"
"пульт","Fernbedienung, Bedieneinrichtung; Pult, Notenständer, Steuerpult"
"фурѓон","Lieferwagen, Planwagen"
"Гр́узия","Georgien"
"ст́аренький","ziemlich alt, ältlich, bejahrt"
"лил́овый","lila, violett"
"почт́овый","Post-, Brief-"
"перекрёсток","Kreuzung, Straßenkreuzung, Kreuzweg"
"трещ́ать","krachen, knistern, zirpen, ; schwatzen, plappern"
"организ́атор","Organisator"
"в́ыслать","abschicken, wegschicken; abschieben, ausweisen, verbannen"
"м́ощность","Leistung, Kapazität"
"нам́естник","Statthalter, Prior, Resident, Vogt"
"станд́артный","Standard-, standardisiert, Typen-, typisiert"
"бл́изость","Nähe, Verbundenheit; Vertrautheit, Vertraulichkeit, Intimität"
"фаш́истский","faschistisch"
"ќафедра","Kathedra, Lehrstuhl, Professur; Katheder, Rednerpult, Kanzel"
"рыч́аг","Hebel"
"террор́ист","Terrorist"
"доставл́ять","liefern, anliefern, zustellen; bringen, bereiten, verursachen"
"силу́эт","Silhouette, Umriß"
"смущ́енно","verlegen, befangen; verwirrt"
"оппоз́иция","Opposition"
"оц́енивать","einschätzen, beurteilen, bewerten, abschätzen; wertschätzen, würdigen, anerkennen"
"проворч́ать","knurren, anknurren"
"соревнов́ание","Wettbewerb, Wettkampf, Wettstreit"
"велич́айший","größte, größtes, größter, höchste, höchstes, höchster"
"наслажд́аться","genießen"
"куп́е","Abteil; Zugabteil"
"сион́ист","Zionist"
"ассоци́ация","Assoziation, Gedankenverbindung; Assoziation, Vereinigung, Verband, Verbund"
"ч́уждый","fremd, fremdartig, fern"
"потащ́ить","ziehen, herausziehen, zerren"
"семн́адцать","siebzehn"
"черд́ак","Dachboden"
"вза́имный","gegenseitig, beiderseitig, wechselseitig; reziprok"
"поддав́аться","nachgeben, einem Einfluss erliegen"
"подст́авить","unterstellen, unterschieben, darunterstellen, heranrücken; herhalten, hinstellen; reinlegen"
"з́апросто","problemlos, ungezwungen, einfach so"
"зрач́ок","Pupille"
"поблагодар́ить","danken, sich bedanken"
"сќука","Langeweile"
"зад́ерживаться","sich aufhalten, länger bleiben, sich länger aufhalten; stocken, stehenbleiben, sich verzögern"
"м́ужество","Mut, Mannesmut, Tapferkeit, Courage"
"в́ежливый","höflich"
"всевозм́ожный","allerlei"
"беспол́езно","nutzlos, unnütz, unnötig; vergeblich"
"вм́ешиваться","sich einmischen"
"саз́ан","Karpfen"
"́остро","scharf, spitz; heftig, akut"
"люб́овник","Geliebter, Liebhaber"
"с́ани","Schlitten"
"́избранный","gewählt, ausgewählt; auserwählt, auserkoren"
"помест́ить","unterbringen, stellen, setzen, legen; plazieren"
"разв́алина","Ruine, verfallenes Bauwerk"
"обр́ушиться","einstürzen, hereinbrechen, hereinstürzen, zusammenstürzen, zusammenkrachen; sich stürzen, herfallen, heimsuchen; niederstürzen, niederfallen"
"с́отник","Kommandeur in einer Hundertschaft, Leutnant"
"психол́огия","Psychologie, Mentalität"
"разл́ичие","Unterschied; Verschiedenheit"
"овлад́еть","in Besetz nehmen, Besitz ergreifen, erobern, besetzen, erfassen, ergreifen, befallen; beherrschen"
"кол́яска","Wagen, Kinderwagen; Rollstuhl; Karosse, Kutsche"
"чемпи́он","Meister, Champion, Sieger"
"т́упик","Sackgasse, Abstellgleis"
"туп́ик","Sackgasse, Abstellgleis"
"утон́уть","versinken, untergehen; ertrinken"
"м́ыслить","denken"
"ќура","Huhn"
"акт́ивность","Aktivität, Tatkraft"
"п́олзать","kriechen, krabbeln"
"аудит́ория","Auditorium, Zuhörerschaft, Zuhörer; Unterrichtsraum, Seminarium, Hörsaal"
"посел́иться","sich ansiedeln, sich niederlassen, sesshaft werden; sich einnisten"
"композ́итор","Komponist"
"напад́ать","befallen, ergreifen; überfallen, angreifen; angreifen"
"нап́адать","fallen"
"бытов́ой","Alltags-, ; alltäglich, gewöhnlich; Haushalts-"
"лав́ина","Lawine"
"шёлковый","seiden, Seiden-, aus Seide"
"грусть","Traurigkeit, Trauer, Wehmut, Schwermut"
"приподн́яться","sich aufsetzen, sich aufsitzen; sich erheben, sich aufrichten"
"даб́а","Daba"
"заверш́ить","beenden, vollenden; abschließen"
"держ́ава","Macht, Staat"
"чушь","Blödsinn, Unsinn, dummes Zeug, Quatsch, Stuss"
"мат","Matte; Schachmatt; unflätiges Fluchen"
"побл́изости","in der Nähe"
"ля","la; die"
"с́удорожно","krampfartig, krampfhaft, verkrampft"
"Кан́ада","Kanada"
"тр́енер","Trainer"
"́овощ","Gemüse"
"входн́ой","Eingangs-, Eintritts-"
"налож́ить","anlegen, legen; auferlegen, verhängen; auftragen, legen; füllen, laden"
"помах́ать","winken, zuwinken; schwingen, schwenken"
"комсом́ол","Komsomol"
"цикл","Zyklus, Reihe, Folge"
"справедл́иво","gerecht, mit Recht, begründet, zu Recht"
"парн́ишка","Bürschchen, Jüngelchen, Kerlchen"
"выбр́асывать","wegwerfen, hinauswerfen; herausbringen"
"компь́ютерный","Computer-"
"ст́иснуть","zusammendrücken, zusammenpressen, zusammenquetschen"
"пр́еданный","ergeben, treu, devot, ausgeliefert"
"сл́едственный","Untersuchungs-, Ermittlungs-; folgernd, Folge-"
"тверд́ить","ständig wiederholen, hartnäckig behaupten, betonen; auswendig lernen"
"медсестр́а","Krankenschwester"
"сд́аться","aufgeben, sich ergeben, nachgeben, sich stellen, kapitulieren, klein beigeben; kapitulieren"
"навод́ить","hinbringen, hinführen, ansteuern"
"экземпл́яр","Exemplar"
"пл́авно","gleichmäßig, fließend; sanft, stufenlos"
"солёный","salzig, gesalzen, Salz-, eingesalzen"
"заќанчивать","beenden, abschließen"
"снест́и","bringen, tragen, zusammentragen, forttragen, fortbringen, wegschaffen, fortreißen, wegschwemmen, niederreißen; herunterreißen, abreißen; ertragen, erdulden"
"́язва","Geschwür, Ulkus, entzündete Wunde; Spötter, Giftnudel; Plage"
"плен́а","dünne Schicht, Häutchen, Membran, dünner Film"
"постр́ойка","Bauwerk, Bau, Bebauung, Errichtung"
"ныть","jammern, quengeln; weh tun, schmerzen; heulen"
"руб́ить","fällen; zerkleinern, klein hauen, kleinhauen; abhacken; abbauen, fördern"
"сиб́ирский","sibirisch"
"лорд","Lord"
"ир́ония","Ironie"
