"удиви́тельный","überraschend, ; erstaunlich, ; verwunderlich, wunderbar"
"волнова́ться","sich aufregen, aufgeregt sein, sich Sorgen machen; wallen, wogen"
"забо́р","Zaun; Einlass, Zugang"
"строй","Ordnung, Struktur; Bau, Aufbau; Formation, System, Reihe, Reih und Glied, Front"
"мо́рда","Maul, Gesicht, Fresse, Schnauze"
"прожи́ть","leben, wohnen, verbleiben; durchbringen, verprassen, ausgeben"
"ре́дко","selten, wenig dicht, in einigem Abstand, mit weiten Zwischenräumen"
"измени́ть","ändern, verändern; betrügen, verraten"
"кра́ска","Farbe, Färbung"
"темно́","es ist dunkel"
"спо́рить","streiten, ein Streitgespräch führen, sich streiten; wetten"
"кружо́к","Kreis, kleiner Kreis, kleine Scheibe, kleiner Ring; Arbeitskreis, Arbeitsgemeinschaft, Zirkel"
"состоя́ться","stattfinden, zustande kommen"
"моги́ла","Grab"
"приводи́ть","herbeiführen, bringen, herführen, holen, herholen; zitieren"
"о́блако","Wolke"
"шкаф","Schrank"
"вари́ть","kochen, zubereiten; brauen"
"милиционе́р","Milizionär, Polizist (in der ehem. SU und aktuell in einigen Nachfolgestaaten)"
"су́мма","Summe"
"свято́й","heilig, hoch, erhaben"
"сеть","Netz, Falle, Garn"
"грех","Sünde"
"помолча́ть","eine Weile schweigen"
"ожида́ние","Erwartung; Warten"
"необходи́мость","Notwendigkeit, Erfordernis, Bedarf, Not"
"инспе́ктор","Inspektor; Inspekteur"
"сообще́ние","Nachricht, Mitteilung, Meldung, Bericht; Verkehr, Verbindung"
"сте́нка","kleine Wand, Wandung; Wohnwand, Schrankwand"
"подъе́зд","Hauseingang, Aufgang, Treppenflur"
"слы́шно","hörbar, vernehmbar"
"напо́мнить","erinnern; mahnen, ermahnen"
"парк","Park"
"физи́ческий","körperlich, physisch, Körper-; physikalisch, Physik-"
"вокза́л","Bahnhof"
"несча́стный","unglücklich"
"ора́ть","brüllen, schreien, johlen; pflügen"
"глухо́й","taub, dumpf, stimmlos; abgelegen, still"
"боро́ться","kämpfen"
"дойти́","hingehen; erreichen, ankommen"
"включи́ть","einschalten, anschließen, anmachen; einschließen, einbeziehen, einfügen"
"борт","Bord, Bordwand, Seitenwand, Borte, Bande"
"сумасше́дший","verrückt, wahnsinnig, irre, geisteskrank"
"интересова́ть","interessieren"
"умира́ть","sterben"
"уби́тый","ermordet, getötet, gefallen, ausgelöscht; niedergeschlagen, vom Kummer gebrochen"
"взрыв","Detonation; Explosion"
"осо́бенный","besonders; ausgefallen, eigenartig, eigentümlich, ungewöhnlich, speziell"
"е́ле","kaum, nur mit Mühe"
"расстоя́ние","Abstand, Strecke, Distanz; Entfernung"
"ло́коть","Ellbogen; Elle"
"актёр","Schauspieler"
"ус","Schnurrbart; Barthaar, Fühler; Ranke"
"прибы́ть","ankommen, eintreffen"
"заставля́ть","zwingen, nötigen; verrammeln, vollstellen"
"соотве́тствующий","entsprechend, gehörig, passend, geeignet; angemessen, konform; übereinstimmend"
"ча́стный","Privat-, privat; einzeln, speziell, Sonder-, besonder"
"ох","oh"
"официа́льный","offiziell, amtlich"
"луна́","Mond"
"скала́","Fels, Felsen"
"ска́ла","Skala"
"эконо́мика","Wirtschaft, Ökonomik, Ökonomie, Wirtschaftswissenschaft"
"мужско́й","Männer-, Herren-, männlich"
"подтверди́ть","bestätigen, belegen"
"тяну́ться","sich strecken, sich recken, sich rekeln, ausstrecken; sich erstrecken, sich ausdehnen; sich hinziehen, sich in die Länge ziehen, dahinschleichen, sich dahinschleppen"
"обыкнове́нный","gewöhnlich, üblich; durchschnittlich, mittelmäßig"
"песнь","Lied, Gesang"
"здо́рово","toll, prima, ordentlich; gesund, bei bester Gesundheit"
"буква́льно","buchstäblich, wörtlich"
"испуга́ться","sich erschrecken, sich ängstigen, Angst haben"
"пожило́й","betagt, bejahrt, bei Jahren"
"ре́зкий","abrupt, plötzlich; scharf, heftig, schneidend, schrill, grell, schroff, barsch, kraß"
"шине́ль","Uniformmantel"
"лёд","Eis"
"волк","Wolf"
"структу́ра","Struktur; Aufbau"
"сержа́нт","Sergeant"
"соверши́ть","ausführen, begehen, verüben, machen; durchführen, vollbringen, vollziehen"
"съесть","aufessen"
"кле́тка","Käfig, Kasten; Karomuster, Kästchen; Zelle"
"поколе́ние","Generation"
"газ","Gas, Blähungen; Gaze"
"значи́тельный","bedeutend, bedeutsam, beachtlich; beträchtlich, beachtlich, erheblich, weitgehend, wesentlich, merklich"
"пила́","Säge"
"файл","Datei"
"круго́м","ringsum, ringsherum; rundum, rundherum; Kehrt!, Das Ganze – kehrt!, Kehrt – marsch!"
"ору́дие","Geschütz; Werkzeug, Gerät, Instrument"
"колле́га","Kollege, Kollegin"
"запо́мнить","sich merken, sich einprägen; abspeichern"
"про́сьба","Bitte, ; Gesuch; Anliegen"
"согла́сный","einverstanden; konsonantisch"
"вы́бор","Wahl, Auswahl"
"седо́й","ergraut, grauhaarig; eisgrau, silbergrau"
"ку́ча","Haufen, Menge; Masse"
"ко́рень","Wurzel"
"блестя́щий","glänzend, strahlend, funkelnd; brillant, glanzvoll"
"содержа́ние","Inhalt, Inhaltsverzeichnis; Gehalt; Unterhalt"
"ра́зница","Unterschied; Differenz"
"непоня́тный","unverständlich, unbegreiflich, merkwürdig"
"оста́ток","Rest, Überbleibsel, Relikt; Saldo; Bestände   pl."
"расчёт","Abrechnung; Berechnung, Kalkulation"
"приближа́ться","näherkommen; sich nähern"
"чи́сто","sauber; rein"
"уча́ствовать","teilnehmen, sich beteiligen, beteiligt sein; mitmachen, mitarbeiten, mitwirken"
"восто́чный","östlich, Ost-; orientalisch"
"лови́ть","fangen, ; ertappen; erwischen"
"температу́ра","Temperatur, Fieber"
"респу́блика","Republik"
"по́яс","Gürtel, Gurt, Hosengürtel; Gürtellinie, Taille; Zone"
"удивля́ться","überrascht sein, ; erstaunt sein; sich wundern"
"сомнева́ться","zweifeln, bezweifeln"
"шёпот","Flüstern, Geflüster"
"сентя́брь","September"
"диви́зия","Division"
"гриб","Pilz"
"сравне́ние","Vergleich"
"стро́гий","streng, hart, genau, rigoros"
"замере́ть","ersterben, erstarren; stillstehen, stocken, stehenbleiben; verklingen, verhallen"
"ба́бка","Großmutter, Oma, alte Frau; Fußknöchel, Fußgelenk; Geld"
"гражда́нский","Bürger-, bürgerlich; zivil, Zivil-"
"записа́ть","aufschreiben, notieren, nachschreiben, vormerken; aufnehmen, aufzeichnen; eintragen, anmelden, einschreiben"
"реа́кция","Reaktion"
"тоска́","Schwermut, Wehmut, Trauer; Sehnsucht, Öde, Langeweile; Melancholie"
"посёлок","Siedlung, Ansiedling; Dorf"
"полчаса́","eine halbe Stunde"
"кольцо́","Ring"
"досто́инство","Würde, Wert, Vorzug"
"двена́дцать","zwölf"
"ра́доваться","sich freuen"
"вы́вести","hinausbringen, wegführen, herausführen; entfernen, beseitigen, vertilgen; züchten; ausbrüten"
"создава́ть","gründen, begründen, hervorbringen; erstellen, schaffen, erschaffen, entwickeln; erzeugen, produzieren, verursachen"
"слой","Schicht"
"подари́ть","schenken, verschenken"
"оттого́","deswegen; deshalb, darum"
"страсть","Leidenschaft"
"ро́вно","eben, gleichmäßig, ausgeglichen, gerade, glatt; genau, exakt; wie, ebenso wie"
"напряже́ние","Anspannung, Anstrengung, Stress; Spannung"
"столо́вый","Eß-, Speise-; Tisch-, Tafel-"
"сты́дный","beschämt sein, es ist beschämend, peinlich, eine Schande"
"коммуни́ст","Kommunist"
"гля́нуть","einen Blick werfen, anschauen, blicken"
"уча́стник","Teilnehmer"
"изба́","Bauernhaus, Hütte"
"го́лод","Hunger, Hungersnot; Verknappung, Mangel"
"замеча́тельный","bemerkenswert, beachtlich, vortrefflich, ausgezeichnet, hervorragend, herausragend; wunderbar, prima"
"вре́менный","zeitweilig, temporär, vorübergehend"
"пёс","männlicher Hund, Rüde; niedrige Kreatur, Schurke, Schweinehund"
"замести́тель","Stellvertreter, Vize-, Vertreter"
"и́стина","Wahrheit, Weisheit"
"коло́нна","Kolonne; Säule"
"мгнове́нно","augenblicklich; blitzschnell"
"прикры́ть","zudecken, bedecken, abdecken; vertuschen, verheimlichen; anlehnen, nicht ganz schließen; decken, schützen; dichtmachen, schließen"
"оборо́на","Verteidigung, Abwehr"
"скрыва́ть","verbergen, verschleiern, verhüllen, verstecken; verheimlichen, verschweigen, geheim halten; verdrängen"
"поступа́ть","handeln, vorgehen, verfahren; eintreten, sich einschreiben, beitreten; eintreffen, eingehen, gelangen"
"порази́ть","treffen, schlagen; befallen, heimsuchen; überraschen, erstaunen, verblüffen; besiegen, vernichten"
"везти́","fahren, bringen, transportieren; Glück haben"
"предстоя́ть","bevorstehen"
"элеме́нт","Element, Bestandteil, Grundstoff"
"пиджа́к","Sakko, Jackett, Blazer"
"приноси́ть","bringen, mitbringen, herbringen"
"убеди́ться","sich überzeugen, sich vergewissern"
"телефо́нный","Telefon-, Fernsprech-"
"крыльцо́","Aufgang, Vorbau, Veranda; Außentreppe, Freitreppe"
"отли́чие","Unterschied; Auszeichnung, milit. Abzeichen"
"брю́ки","Hose"
"иссле́дование","Forschung, Untersuchung, Erforschung, Studie"
"о́рден","Orden"
"ю́ный","jung, jugendlich"
"научи́ться","erlernen, lernen, sich etwas beibringen"
"те́хника","Technik, Fertigkeit, Techniken, Fertigkeiten"
"сойти́","herabsteigen, niedergehen, hinuntergehen; verlassen; abgehen, sich ablösen, abbröckeln; durchgehen"
"кана́л","Kanal, Fernsehkanal"
"девчо́нка","Mädchen, Göre, Mädel"
"го́рький","bitter"
"крест","Kreuz"
"печа́льный","traurig, kummervoll; betrübt, wehmütig"
"тео́рия","Theorie"
"луч","Strahl; Halbgerade"
"молча́ние","Schweigen"
"литерату́рный","literarisch, Literatur-"
"батаре́я","Batterie, Akku; Heizkörper, Radiator"
"устро́йство","Einrichtung, Vorrichtung; Gerät, Anlage; Aufbau, Gefüge, Konstruktion, Struktur"
"па́лка","Stock"
"тащи́ть","ziehen, schleppen, hinterherschleifen"
"фона́рь","Laterne"
"лесно́й","Wald-, Holz-, Forst-"
"есте́ственный","natürlich, naturgemäß; selbstverständlich; Natur-"
"контро́ль","Kontrolle"
"круто́й","steil; jäh, hart, scharf; cool, toll, super"
"произвести́","produzieren, herstellen, erzeugen; durchführen, vornehmen, erstellen, auslösen, hervorrufen"
"прокля́тый","verflucht, fluchbeladen"
"про́клятый","verflucht, fluchbeladen; verdammt, vermaledeit"
"покры́ть","bedecken, zudecken; beschichten, übertünchen; übertönen"
"глубоко́","tief, zutiefst"
"страда́ть","leiden; erleiden, Schaden nehmen, krank werden"
"ве́тка","kleiner Zweig, Ast; Abzweigung, Zweiglinie"
"влия́ние","Einfluss, Einwirkung; Auswirkung, Wirkung"
"разве́дка","Aufklärung, Erkundung; Geheimdienst, Nachrichtendienst"
"спра́ва","rechts, rechter Hand"
"по́льза","Nutzen"
"на́дпись","Aufschrift, Inschrift"
"ненави́деть","hassen, verabscheuen"
"и́стинный","wahrhaft, wahr, wirklich; echt, Ist-"
"обезья́на","Affe"
"замолча́ть","verstummen; schweigen; verschweigen"
"твёрдо","hart; fest"
"склад","Lager, Lagerraum, Vorratsraum, Speicherraum; Veranlagung, Charakter; Art, Weise"
"пере́дний","Vorder-, der vordere, der vorderste, vorderer, Spitzen-; vorderer, Spitzen-"
"се́вер","Norden"
"покупа́ть","kaufen"
"печа́ть","Druck, Buchdruck; Presse; Stempel, Siegel"
"крестья́нин","Bauer"
"ю́жный","südlich, Süd-"
"пальто́","Mantel"
"любопы́тство","Neugier, Neugierde"
"таре́лка","Teller"
"сле́дствие","Ergebnis, Folge, Konsequenz, Schlußfolgerung; Beweisaufnahme, Untersuchung"
"наско́лько","soweit, sofern, soviel; inwiefern, inwieweit, umwieviel"
"выбира́ть","wählen, aussuchen, auswählen; wählen"
"зара́нее","im Voraus; von vornherein; frühzeitig, beizeiten"
"семе́йный","Familien-, mit Familie (verheiratet); familiär, häuslich"
"продолжа́ться","dauern, andauern, fortdauern; weitergehen"
"подписа́ть","unterschreiben, unterzeichnen"
"вы́ясниться","klar werden, sich klären, sich herausstellen"
"раке́та","Rakete; Tragflächenschiff, Tragflügelboot"
"заня́ться","sich beschäftigen, lernen, studieren; sich vornehmen"
"завести́","einführen, beginnen, starten; ankurbeln, anwerfen; sich anschaffen, gründen; weit weg führen, weit weg bringen, in die Irre führen"
"зарпла́та","Lohn; Gehalt"
"топо́р","Axt, Beil"
"уби́йца","Mörder, Mörderin"
"сообрази́ть","begreifen, überlegen, verstehen, erfassen; nachdenken, erwägen"
"су́щность","Wesen; Wesentlichkeit, Kern"
"сперва́","zuerst, erstmal"
"одино́кий","einsam; alleinstehend, ohne Anhang"
"сохрани́ть","bewahren, wahren; aufbewahren, speichern; behalten, beibehalten, erhalten"
"до́мик","kleines Haus"
"меня́ть","ändern; wechseln, tauschen, auswechseln, austauschen, umtauschen"
"за́пись","Anmeldung; Eintrag; Aufzeichnung, Notiz, Aufnahme; Formel"
"пожа́р","Brand, Feuer, Brandfall, Feuersbrunst"
"па́чка","Päckchen, Packung; Stapel, Bündel, Packen; Ballettröckchen, Tutu"
"а́га","Aga-Kröte, Riesenkröte"
"ага́","aha, hm, ja?"
"широко́","breit"
"указа́ть","angeben, nennen; hinweisen; zeigen, weisen"
"спря́тать","verstecken, verbergen, verwahren"
"свиде́тель","Zeuge, Augenzeuge, Trauzeuge"
"привы́чный","gewohnt, gewöhnlich, gewöhnt; gewohnheitsmässig"
"пи́ща","Nahrung, Kost, Essen"
"забо́та","Sorge, Obsorge; Fürsorge"
"и́зо","aus, von"
"тако́в","so ein, solch einer"
"откры́тие","Eröffnung, Enthüllung, Entdeckung; Öffnung"
"деви́ца","junges Mädchen, Jungfer"
"ощуща́ть","empfinden, fühlen; spüren, verspüren"
"специа́льно","speziell, besonders; extra; absichtlich, mit Absicht"
"вождь","Anführer, ; Häuptling, Stammeshäuptling"
"одея́ло","Bettdecke, Decke"
"храм","Tempel, Kirche"
"стуча́ть","klopfen, anklopfen, pochen, hämmern; verklopfen, denunzieren"
"сде́латься","werden; geschehen, vorgehen; gemacht werden"
"лета́ть","fliegen"
"пассажи́р","Passagier, Fahrgast, Fluggast"
"строи́тельство","Bau, Baugewerbe, Aufbau, Baustelle, Bauplatz"
"пое́здка","Reise, Ausflug; Fahrt"
"ра́на","Wunde"
"верёвка","Strick, Seil, Schnur, Leine"
"две́сти","zweihundert"
"вали́ть","fällen, fallen, zu Fall bringen; umwerfen, kippen, umstoßen, niederwerfen; abwälzen; abhauen, sich verpissen, abfahren, verlassen; strömen"
"па́спорт","Personalausweis, Ausweis"
"привы́чка","Gewohnheit, Angewohnheit"
"холм","Hügel"
"сдать","ablegen, abgeben, bestehen; überlassen, übergeben, zurückgeben, spenden; nachlassen; vermieten, verpachten"
"благодаря́","dank; durch, infolge, wegen"
"сообща́ть","mitteilen, melden"
"подава́ть","reichen, geben; einreichen; servieren"
"уста́ть","ermüden; müde sein"
"скры́ться","sich verbergen, sich verstecken; verschwinden"
"шоссе́","Chaussee; Landstraße, Autostraße"
"могу́чий","gewaltig; mächtig"
"поворо́т","Kurve; Wendung, Drehung; Wende, Umschwung"
"восто́рг","Begeisterung, Entzücken"
"мечта́","Traum, Wunschtraum"
"каби́на","Kabine, Kanzel; (Telefon)zelle"
"карто́шка","Kartoffel, Kartoffelknolle"
"дожда́ться","abwarten; erwarten"
"уничто́жить","vernichten, zerstören; ausrotten, ausmerzen; beseitigen, abschaffen"
"земно́й","Erd-, irdisch"
"надое́сть","langweilen; belästigen, lästig werden; bedrängen, zusetzen"
"Изра́иль","Israel"
"борода́","Bart"
"неприя́тный","unangenehm, peinlich, ärgerlich"
"убра́ть","aufräumen, wegräumen, Ordnung machen, abräumen, säubern, ablegen, abstellen; entfernen, wegbringen; ernten"
"запа́с","Reserve, Rücklage; Vorrat, Ressource"
"закури́ть","zu rauchen anfangen; mit Rauchen anfangen"
"эй","hey, he, hi, hei"
"благоро́дный","edel, edelmütig; nobel, vornehm"
"тайга́","Taiga"
"молоде́ц","Prachtkerl; Gut gemacht! Bravo!"
"пре́сса","Presse"
"доби́ться","erreichen; erstreben, streben nach, zu erlangen suchen"
"пона́добиться","nötig sein, benötigen, benötigt werden, gebraucht werden"
"позади́","hinter, hinten"
"подро́бность","Einzelheit, Detail"
"тала́нт","Talent, Begabung"
"подде́рживать","unterstützen, abstützen; aufrechterhalten"
"ми́рный","Friedens-; friedlich"
"отли́чно","ausgezeichnet, fabelhaft, hervorragend"
"осо́бенность","Besonderheit; Eigenart"
"предупреди́ть","warnen, vorwarnen; vorbeugen, verhüten; informieren, hinweisen, im Voraus aufmerksam machen"
"разгля́дывать","betrachten, mustern, besehen, beäugen, angucken"
"дру́жба","Freundschaft"
"па́мятник","Denkmal, Monument"
"помо́щник","Helfer, Gehilfe; Assistent, "
"шля́па","Hut; Schlafmütze, Schlappschwanz"
"жа́ловаться","sich beschweren, sich beklagen, jammern"
"произведе́ние","Werk (Einzelstück); Produkt, Erzeugnis"
"подгото́вка","Vorbereitung; Ausbildung"
"вы́зов","Aufruf, Ausruf, Abruf, Anruf, Zuruf; Herausforderung, Aufforderung, ; Vorladung, Einladung"
"поки́нуть","verlassen, im Stich lassen"
"сле́ва","(von) links, linker Hand"
"доложи́ть","berichten, melden, informieren; hinzufügen, dazulegen, nachlegen"
"предполага́ть","vermuten, annehmen, erwarten, implizieren, voraussetzen; beabsichtigen, vorhaben"
"послы́шаться","zu hören sein, ertönen, erschallen; scheinen"
"батальо́н","Bataillon"
"реши́ться","sich entscheiden; sich entschließen"
"шко́льный","Schul-, schulisch"
"сме́на","Wechsel, Ablösung, Auswechslung; Schicht; Nachwuchs, nach uns kommende Generation"
"поте́ря","Verlust"
"торопли́вый","eilig, hastig, überstürzt"
"медици́нский","medizinisch, ärztlich"
"случа́ться","geschehen, passieren, sich zutragen, sich ereignen; sich zufällig ergeben"
"сигна́л","Signal, Zeichen"
"духо́вный","geistig; geistlich"
"заты́лок","Nacken, Hinterkopf; Genick"
"мото́р","Motor"
"устра́ивать","veranstalten, organisieren; in Ordnung bringen, ordnen; recht sein, passen; verschaffen, unterbringen"
"оби́да","Beleidigung, Kränkung; Unmut"
"профе́ссия","Beruf"
"сего́дняшний","heutig, von heute"
"ю́ноша","Jüngling, Junior, Junge; Jugendlicher"
"юг","Süden"
"уезжа́ть","wegfahren, fortfahren, abreisen, verreisen, fahren, reisen, verlassen"
"до́ля","Anteil, Bruchteil, Teil; Schicksal, Los; Lappen; Dolja"
"во́ин","Krieger, Kämpfer, Soldat"
"медве́дь","Bär"
"ведро́","Eimer"
"пры́гать","springen, hüpfen"
"ска́зка","Märchen"
"цк","ZK; Zentralkomitee"
"гро́зный","bedrohlich, drohend, gestreng; furchterregend, Furcht erregend, schrecklich"
"корми́ть","füttern, säugen, stillen; ernähren, satt machen; verpflegen, versorgen, beköstigen"
"полёт","Flug"
"пулемёт","Maschinengewehr"
"желе́зо","Eisen"
"напра́виться","sich begeben, gehen, fahren"
"рассчи́тывать","berechnen, ausrechnen, abzählen; rechnen, erwarten; entlassen, entlohnen"
"механи́зм","Mechanismus"
"тьма","Finsternis, Dunkel(heit); Unmenge, Vielzahl"
"расположи́ть","anordnen, verteilen, aufstellen; stimmen, für sich einnehmen, für sich gewinnen"
"но́вость","Neuigkeit, das Neue; Nachricht"
"усла́ть","wegschicken, fortschicken; verbannen, abschieben"
"строка́","Zeile, Reihe"
"шесто́й","sechste(r,s)"
"тща́тельно","gründlich; sorgfältig"
"сфе́ра","Sphäre, Bereich; Kugel"
"комисса́р","Kommissar"
"ра́вный","gleich, gleichberechtigt"
"прозра́чный","durchsichtig, transparent; klar, eindeutig, offensichtlich"
"малы́ш","der Kleine, Knirps"
"по́весть","Erzählung"
"профессиона́льный","Berufs-, Fach-, beruflich, fachlich, von Beruf, berufsmäßig; professionell, Profi-"
"жёсткий","fest, starr; hart, zäh, rauh"
"пораже́ние","Niederlage; Schädigung, Läsion, Befall"
"ци́фра","Ziffer, Zahl"
"компью́тер","Computer"
"уважа́ть","respektieren, schätzen, achten"
"угро́за","Bedrohung, Drohung, Androhung; Gefährdung, Gefahr"
"исключе́ние","Ausschluss; Ausnahme"
"бума́жка","Papierchen, Zettelchen; Scheinchen"
"гру́бый","grob, barsch, rauh, hart"
"догово́р","Vertrag, Abkommen"
"ба́шня","Turm"
"секре́т","Geheimnis; Sekret"
"ла́мпа","Lampe, Leuchte, Röhre"
"реме́нь","Gürtel, Riemen, Gurt; Koppel"
"повести́","führen, geleiten; fahren, lenken; sich verhalten, sich benehmen, sich aufführen"
"глу́пость","Dummheit"
"зи́мний","Winter-, winterlich"
"библиоте́ка","Bibliothek, Bücherei"
"попа́дать","hinfallen, umfallen, fallen; reinfallen, hereinfallen; verunglücken"
"попада́ть","gelangen, hingeraten; treffen"
"покача́ть","eine Weile schaukeln, eine Weile wippen, hin und her bewegen; schütteln; pumpen, downloaden"
"ткань","Gewebe; Stoff"
"хала́т","Hausmantel, Morgenrock, Bademantel; Kittel"
"отдыха́ть","sich erholen; sich ausruhen, sich entspannen"
"путём","mittels, durch, mithilfe"
"переходи́ть","überqueren"
"океа́н","Ozean"
"полице́йский","polizeilich; Polizei-"
"дета́ль","Detail, Einzelheit, Einzelteil, Teil, Werkstück"
"молодёжь","Jugend, die Jugendlichen, junge Leute"
"ра́дио","Radio, Radioapparat, Radioempfänger; Funk, Rundfunk, Hörfunk"
"гнать","treiben, antreiben, hinterher jagen; vertreiben, forttreiben; lügen"
"плыть","schwimmen, fahren, segeln; treiben"
"ли́дер","Führer, Leader, Spitzenreiter"
"наступа́ть","eintreten, anbrechen, beginnen; herantreten, heranrücken, angreifen, vorrücken, vorstoßen; treten"
"парти́йный","Partei-; parteilich"
"коро́ва","Kuh"
"престу́пник","Verbrecher; Täter, Straftäter, Übeltäter"
"подхвати́ть","erfassen, ergreifen; sich holen, sich zuziehen; einstimmen, in den Gesang einfallen; mitreißen, mitnehmen; zufällig bekommen, erwischen; im Flug fassen, vor dem Fall bewahren"
"ито́г","Ergebnis; Fazit, Bilanz"
"бо́же","mein Gott"
"исчеза́ть","verschwinden, verlorengehen"
"зада́ние","Aufgabe, Auftrag"
"посиде́ть","ein Weilchen sitzen"
"заседа́ние","Sitzung, Tagung"
"па́пка","Aktenordner, Aktendeckel, Ordner; Mappe, Papphülle"
"Фра́нция","Frankreich"
"согла́сно","gemäß, laut, zufolge; harmonisch, einträchtig"
"депута́т","der Abgeordnete, ; der Deputierte"
"обра́доваться","sich freuen, erfreut sein"
"не́когда","einst, einmal; ehemals; keine Zeit"
"мо́лодость","Jugend; Jugendzeit"
"ложи́ться","sich hinlegen; sich legen"
"вы́яснить","herausfinden, feststellen, dahinterkommen; klären, klarstellen"
"удо́бный","bequem, günstig, geeignet, passend, angebracht, schicklich"
"но́рма","Norm"
"отвести́","wegbringen, bringen, begleiten, wegführen, abführen, geleiten; abwenden, ablenken; ablehnen, zurückweisen; anweisen, zuweisen, hinführen"
"гном","Gnom, Kobold, Zwerg, Gartenzwerg"
"генера́льный","General-"
"ро́вный","eben, gerade, glatt; ausgeglichen, gelassen"
"переби́ть","unterbrechen, ins Wort fallen; zerbrechen, zerschlagen, kurz und klein schlagen, erschlagen; viele töten"
"удава́ться","gelingen, glücken, geraten"
"цепь","Kette"
"мето́да","Methode"
"отве́тственность","Verantwortung, Verantwortlichkeit; Haftung, Haftpflicht"
"седьмо́й","der siebente; siebte"
"задержа́ть","aufhalten, anhalten; verzögern, hinausschieben, verschieben; verhaften, festnehmen"
"жар","Hitze, Fieber, Glut; Eifer"
"фина́нсовый","finanziell"
"непло́хо","nicht schlecht, recht gut"
"уваже́ние","Respekt; Achtung, Wertschätzung"
"конта́кт","Kontakt, Fühlung, Verbindung"
"пот","Schweiß"
"подва́л","Keller"
"у́жин","Abendessen, Abendbrot"
"перехо́д","Übergang, Überweg; Überleitung"
"вы́нести","hinaustragen, wegtragen; ertragen, aushalten"
"проверя́ть","prüfen, überprüfen, kontrollieren; testen, erproben"
"бег","Lauf"
"спуска́ться","herunterkommen, absteigen, hinuntergehen, hinuntersteigen, absteigen, runterfahren, runterrutschen; abfallen, abschüssig sein, nach unten verlaufen, sich absenken; niedergehen, landen; sich verringern, weniger werden, sinken"
"америка́нец","Amerikaner"
"тради́ция","Tradition"
"столб","Säule; Pfosten, Pfahl, Pfeiler; Stehle"
"услу́га","Dienstleistung, Dienst, Kundendienst, Service; Gefälligkeit, Aufmerksamkeit"
"продава́ть","verkaufen"
"шеф","Chef, Pate"
"не́жный","zärtlich; zart, sanft"
"подозрева́ть","verdächtigen, in Verdacht haben; vermuten, ahnen, argwöhnen"
"вещество́","Substanz; Stoff, Materie"
"ба́ня","Banja, Badehaus; Bad"
"ра́достно","fröhlich; erfreut"
"снаря́д","Geschoss; Gerät, Maschine"
"вор","Dieb"
"валя́ться","sich wälzen, umherliegen"
"разве́дчик","Aufklärer, Späher; Kundschafter, Spion"
"заме́тно","merklich, man merkt"
"поле́зный","nützlich, nutzbringend, Nutz-; gesund, förderlich, bekömmlich"
"реда́ктор","Redakteur, Lektor"
"банди́т","Bandit"
"нема́ло","nicht wenig, recht viel"
"поду́шка","Kissen; Polster"
"нали́ть","gießen, vergießen, verschütten; eingießen, einschenken, füllen"
"обра́тный","Rück-; entgegengesetzt, umgekehrt, gegenteilig"
"грузови́к","Lastwagen, Laster, LKW, Lastkraftwagen"
"шути́ть","scherzen, sich lustig machen, Scherz treiben"
"раство́р","Lösung, Mischung; Mörtel; Abstand, Spannweite"
"я́ма","Grube; Inspektionsgrube"
"ха","Ha"
"огля́дываться","sich umsehen, zurückblicken, sich umblicken, um sich blicken"
"министе́рство","Ministerium"
"стари́нный","althergebracht, altertümlich"
"потре́бовать","fordern, verlangen, erfordern, bedürfen"
"моде́ль","Modell, Beispiel"
"попа́сться","erwischt werden, auffliegen, in die Falle tapsen, an die Angel gehen, auf den Leim gehen; über den Weg laufen, stoßen auf, begegnen"
"отозва́ться","erwidern, antworten; sich auswirken, Einfluß haben; sich äußern, seine Meinung sagen"
"инструме́нт","Instrument, Gerät; Werkzeug"
"зо́лото","Gold, Goldmedaille"
"ра́неный","verwundet, verletzt"
"води́ть","fahren; führen, herumführen"
"погля́дывать","anblicken, ansehen; auf jmd. Blicke werfen, hinsehen"
"стрело́к","Schütze"
"жест","Geste"
"непоня́тно","unverständlich, unklar"
"ноя́брь","November"
"вы́ступить","auftreten; hervortreten, heraustreten, aufbrechen, ausschlagen, durchsickern, auftreten; hervorstehen, hinausragen"
"мра́чный","dunkel, finster; düster, trübselig"
"эпо́ха","Epoche"
"ма́ссовый","Massen-"
"договори́ться","sich einigen, übereinkommen, vereinbaren"
"о́тдых","Erholung, Erholungsphase; Ruhe, Ausruhen, Entspannung"
"выдава́ть","ausgeben, übergeben, aushändigen, auszahlen, ausleihen; verraten, preisgeben offenbaren, enthüllen; vorgeben, sich ausgeben für"
"пробормота́ть","murmeln"
"переда́ча","Weitergabe, Abgabe, Übergabe, Transfer; Kraftübertragung, Antrieb, Transmission; Sendung"
"вы́рваться","sich losreißen, loskommen; entschlüpfen, entweichen; herauskommen, entkommen"
"сере́бряный","silbern, Silber-"
"металли́ческий","Metall-, metallisch"
"пропусти́ть","durchlassen, vorbeilassen, eintreten lassen; vorübergehen lassen, versäumen, verpassen; auslassen, überspringen, übersehen, weglassen"
"шар","Kugel, Ball; Luftballon"
"зва́ние","Rang, Dienstgrad; Titel"
"ко́жаный","Leder-"
"обя́занность","Pflicht, Pflichten"
"волне́ние","Aufregung, Unruhe; Seegang"
"щель","Spalt, Spalte, Möse; Schlitz, Ritze, Splittergraben"
"а́кция","Aktie; Aktion"
"у́зел","Knoten, Bündel; Baueinheit"
"гроб","Sarg; Grab"
"сверну́ть","zusammenrollen, zusammenfalten; einbiegen, abbiegen; abbauen, einschränken, schließen; verrenken"
"непреме́нно","unbedingt, auf jeden Fall, bestimmt"
"скро́мный","bescheiden, anspruchslos; schlicht, einfach"
"прислу́шиваться","hinhören, zuhören; lauschen, horchen"
"реда́кция","Redaktion; Redigieren, Fassung, Lektorat"
"дежу́рный","der Diensthabende, die Aufsichtsperson; diensthabend"
"высоко́","hoch"
"распоряже́ние","Anordnung (Vorgang), Verfügung, Anweisung, Befehl"
"май","Mai"
"подде́ржка","Unterstützung, Beistand, Support"
"запрети́ть","verbieten, untersagen"
"две́рца","Türchen, kleine Tür"
"многочи́сленный","zahlreich, sehr viele; vielzählig, unzählig, vielköpfig"
"мя́гко","weich"
"Чечня́","Tschetschenien"
"ма́рка","Marke, Briefmarke, Wertmarke, Handelsmarke; die Mark (Gebiet, Währung)"
"зако́нчиться","zur Neige gehen, zu Ende gehen; enden, zu Ende sein"
"разреше́ние","Erlaubnis, Genehmigung, Bewilligung; Auflösung, Lösung"
"импера́тор","Imperator; Kaiser"
"листо́к","kleines Blatt; Blättchen, Zettel"
"заду́мчиво","nachdenklich"
"броди́ть","umherstreifen, wandern, umherstrolchen, herumspazieren; vergären, schäumen, sprudeln"
"дви́гатель","Antrieb, Triebwerk; Motor"
"прису́тствие","Anwesenheit, Präsenz; Gegenwart"
"вооружённый","bewaffnet, ausgerüstet"
"производи́ть","produzieren, herstellen, erzeugen; durchführen, vornehmen, erstellen, auslösen, hervorrufen"
"присе́сть","sich hinsetzen"
"лев","Löwe"
"спра́виться","zurechtkommen, fertigbringen, bewältigen meistern, schaffen; sich erkundigen, nachforschen"
"возвраще́ние","Rückkehr"
"сыгра́ть","spielen, vorspielen"
"коро́бка","Schachtel, Box; Gehäuse (-kasten)"
"закрыва́ть","schließen, zumachen, dichtmachen, abschließen, verschließen, absperren; bedecken, zudecken"
"пе́чка","Ofen"
"ко́нчить","fertig sein, beenden, aufhören, abschließen; absolvieren"
"смешно́й","lustig, komisch, witzig; lächerlich"
"засну́ть","einschlafen"
"посту́пок","Handlung; Tat"
"постара́ться","sich anstrengen; sich bemühen"
"симпто́м","Symptom, Anzeichen"
"конкре́тный","konkret"
"разби́тый","zerschlagen, zerbrochen, kaputt; zerbrochen; kaputt"
"вчера́шний","gestrig"
"захоте́ться","Lust bekommen"
"кла́дбище","Friedhof"
"ко́мплекс","Komplex"
"компле́кс","komplexe Zahl"
"пове́сить","hängen, anhängen, aufhängen, einhängen, auflegen; erhängen"
"вы́браться","herauskommen, herausgelangen; sich herausfinden, einen Ausweg finden"
"шанс","Chance, Aussicht"
"ло́жка","Der Löffel"
"стару́шка","die Alte, alte Frau"
"кори́чневый","braun; zimtfarben"
"наблюде́ние","Beobachtung, Aufsicht, Kontrolle; Überwachung"
"сла́дкий","süß"
"дека́брь","Dezember"
"пала́та","Krankenzimmer, Krankensaal; Kammer"
"оби́деться","beleidigt sein, gekränkt sein"
"судья́","Richter, Richterin; Schiedsrichter, Schiedsrichterin, Kampfrichter, Kampfrichterin"
"произноси́ть","aussprechen, artikulieren, sagen, sprechen"
"ко́ротко","kurz, in knappen Worten"
"порт","Hafen; Port"
"винто́вка","Büchse (Gewehr)"
"горизо́нт","Horizont"
"жени́ть","(einen Mann) verheiraten"
"пло́тный","dicht, kompakt, kräftig; fest; eng, stramm"
"освети́ть","beleuchten, anleuchten, durchleuchten; erhellen, erleuchten, erläutern, ; aufklären"
"портфе́ль","Aktentasche, Mappe; Schultasche; Portfolio"
"дости́гнуть","erreichen, erlangen; erzielen"
"опусти́ться","sinken, niedergehen, herunterkommen, sich senken, sich niederlassen"
"посыла́ть","schicken, senden"
"подобра́ть","aufheben, aufsammeln, auflesen; wählen, zusammenstellen; einziehen, verstecken; hochnehmen, aufstecken"
"ужа́сный","schrecklich, grauenhaft; entsetzlich, furchtbar"
"распахну́ть","aufmachen, aufreißen"
"исключи́тельно","ausschließlich; außergewöhnlich, außerordentlich, äußerst"
"спу́тник","Wegbegleiter, Reisegefährte; Satellit, Trabant"
"ию́нь","Juni"
"тре́бование","Forderung, Anforderung, Begehren; Anspruch"
"прекрати́ть","aufhören, abbrechen, beenden"
"це́нность","Wert, Wertsache, Wertgegenstand, Kostbarkeit"
"обеспе́чить","versorgen, versehen; gewährleisten, sicherstellen, garantieren"
"сто́ящий","wert, lohnend, wertvoll; stehend"
"организова́ть","organisieren, arrangieren, veranstalten, auf die Beine stellen"
"душе́вный","seelisch; innerlich, Seelen-"
"набра́ть","wählen, durchwählen; aufsammeln, aufnehmen, sammeln, pflücken, zusammenraffen, zusammenstellen; zulegen, zunehmen; erzielen"
"ге́ний","Genie"
"пла́мя","Flamme"
"стиль","Stil"
"задава́ть","aufgeben, auftragen, auferlegen; organisieren, veranstalten; angeben"
"лук","Zwiebel, Zwiebellauch, Lauch; Bogen"
"го́спиталь","Hospital, Spital"
"аге́нт","Agent, Informant, Kundschafter, Spion; Vermittler, Vertreter; Mittel"
"доста́вить","liefern, anliefern, zustellen; bringen, bereiten, verursachen"
"меня́ться","sich ändern, wandeln; wechseln, einander ablösen"
"Ко́стя","Kostja"
"конья́к","Kognak, Weinbrand"
"пу́блика","Publikum, Besucher, Zuschauer"
"ве́чно","ewig, fortwährend, für immer; immerzu, dauernd"
"князь","Fürst, Prinz"
"не́нависть","Hass"
"оте́чественный","vaterländisch; einheimisch"
"со́бственность","Eigentum, Eigenbesitz, Eigentumsrecht"
"пили́ть","sägen, feilen; nörgeln, nerven; abreiben, abwetzen, abscheuern"
"март","März"
"вертолёт","Hubschrauber, Helikopter"
"дар","Gabe, Begabung; Geschenk, Schenkung"
"моря́к","Seemann"
"бесконе́чный","unendlich, ohne Ende, endlos; ewig, dauernd, fortwährend"
"ползти́","kriechen"
"акти́вный","aktiv, tätig, tatkräftig"
"отверну́ться","sich abwenden, sich abkehren; sich losdrehen, sich losschrauben, sich aufdrehen, sich zur Seite wenden"
"дра́ться","sich schlagen, sich prügeln, raufen"
"поинтересова́ться","sich interessieren, interessiert sein, nachfragen"
"жи́зненный","lebenswichtig; Lebens-, lebensnah, gegenwartsnah"
"перо́","Feder, wellenförmige Кlinge; Fischflosse"
"колхо́з","Kolchos, Kolchose, Kollektivwirtschaft"
"владе́лец","Besitzer, Inhaber, ; Eigentümer, Halter"
"конце́рт","Konzert"
"вече́рний","Abend-, abendlich"
"сыро́й","feucht, nass; roh, Roh-"
"знако́мство","Bekanntschaft; Kenntnis"
"сла́бость","Schwäche, schwache Seite"
"приобрести́","erwerben, gewinnen, finden, annehmen, bekommen"
"отка́зываться","ablehnen; verzichten; ausschlagen; verweigern; zurückweisen; sich lossagen"
"аккура́тно","akkurat, genau, ; ordentlich, sorgfältig"
"рыба́к","Fischer, Angler"
"яйцо́","Ei"
"незаме́тно","unmerklich, unbemerkt, "
"волше́бный","Zauber-, Wunder-; zauberhaft, bezaubernd"
"оте́ль","Hotel"
"освободи́ть","befreien, freilassen, die Freiheit geben; freistellen, eines Amtes entheben, suspendieren; frei räumen"
"лаборато́рия","Labor; Laboratorium"
"у́тренний","Morgen-, Früh-, Vormittags-; morgendlich"
"степь","Steppe"
"осо́бо","besonders; speziell, extra"
"смешно́","lustig, lächerlich, komisch"
"объясне́ние","Erklärung, Erläuterung"
"ту́ча","Wolke, Regenwolke"
"поясни́ть","erklären, erläutern"
"како́в","wie, welcher Art; was für, welcher"
"шага́ть","schreiten, auf und ab gehen"
"взвод","Zug"
"предположи́ть","vermuten, annehmen, voraussetzen; beabsichtigen, vorhaben"
"огоро́д","Gemüsegarten, Gartenanlage, Nutzgarten, ; Umzäunung, Einfriedung"
"клие́нт","Kunde"
"танцева́ть","tanzen"
"ввести́","einführen, hereinführen, importieren; hineingeben, hineinbringen"
"случа́йный","zufällig, Zufalls-, unvorhergesehen, gelegentlich, Gelegenheits-"
"Константи́н","Konstantin"
"ме́лочь","Bagatelle, Kleinigkeit, Nichtigkeit; Kleingeld"
"склон","Abhang, Hang; Steigung, Neigung"
"верх","Gipfel, Spitze, Höhepunkt; Oberstes, Oberteil, Verdeck; Gipfel"
"пушо́к","Flaum"
"тётка","Tante"
"лётчик","Flieger, Pilot"
"подгото́вить","vorbereiten"
"вступи́ть","eintreten, einziehen; beitreten, einrücken"
"лека́рство","Medizin, Arzneimittel, Heilmittel; Medikament"
"ле́карство","Medizin, Heilkunde, Heilverfahren, medizinische Behandlung"
"передава́ть","übermitteln, übertragen, senden; übergeben, überbringen, ausrichten, weiterleiten; schildern, darstellen, berichten, sagen; vererben, übertragen, "
"поддержа́ть","unterstützen, abstützen; aufrechterhalten"
"возду́шный","Luft-, Aero-; luftig, fluffig, locker; luftig, locker, schwebend, flockig"
"гвоздь","Nagel; Highlight, Kernstück"
"европе́йский","europäisch"
"сложи́ться","sich herausbilden, sich aufaddieren, sich zusammensetzen; sich entwickeln, entstehen, sich gestalten"
"заора́ть","anfangen zu brüllen"
"я́кобы","angeblich, vorgeblich, scheinbar"
"ружьё","Gewehr, Flinte"
"победи́ть","besiegen, siegen, bezwingen, überwinden; sich durchsetzen, gewinnen"
"кандида́т","Kandidat, Anwärter"
"ра́зум","Vernunft, Verstand"
"погоди́ть","kurz warten, sich etwas gedulden; abwarten"
"тро́гать","berühren, anfassen; bewegen, ergreifen"
"бла́го","Wohl; Heil; Gut"
"назначе́ние","Bestimmung, Zweck; Benennung, Nominierung, Berufung; Festlegung, Festsetzung, Zuweisung; Verordnung, Vorschrift"
"сия́ть","scheinen, leuchten; glänzen, strahlen"
"увы́","leider, oweh, auweh"
"усе́сться","sich hinsetzen, sich niederlassen, Platz nehmen; sich an etw. setzen"
"спорти́вный","sportlich, Sport-"
"нерв","Nerv"
"администра́ция","Verwaltung, Administration"
"неви́димый","unsichtbar"
"бельё","Wäsche"
"подборо́док","Kinn"
"эта́п","Etappe, Entwicklungsstufe, Teilstrecke"
"бо́мба","Bombe"
"арестова́ть","verhaften, festnehmen"
"продо́лжить","fortsetzen, weitermachen"
"жа́лкий","beklagenswert, schade, bedauernswert, kläglich, jämmerlich, erbärmlich"
"поли́тик","Politiker"
"ощути́ть","empfinden, fühlen; spüren, verspüren"
"карье́ра","Karriere, Laufbahn"
"удиви́тельно","überraschend; erstaunlich, ; verwunderlich"
"проща́ть","verzeihen, vergeben; erlassen; Lebewohl sagen, Adieu sagen"
"посвяти́ть","widmen, ; einweihen, einführen"
"вслух","laut"
"действи́тельность","Wirklichkeit, Realität"
"за́яц","Hase"
"ду́ма","Duma, Rat, repräsentative Versammlung; Gedanke"
"представля́ться","sich vorstellen; entstehen, sich ergeben; scheinen, erscheinen; vorgeben, sich für etwas ausgeben"
"потяну́ться","sich dehnen, sich recken; sich ausstrecken"
"выпуска́ть","hinauslassen, herausgeben, herstellen, produzieren, liefern, ausbilden; herauslassen, auslassen, entlassen, freilassen"
"ленингра́дский","Leningrad-"
"побыва́ть","sich aufhalten, besuchen, aufsuchen; vorkommen, passieren, geschehen"
"значи́тельно","bedeutsam, bedeutend, beachtlich; beträchtlich, beachtlich, erheblich, wesentlich, merklich"
"ужа́сно","schrecklich, fürchterlich, ; entsetzlich, unheimlich"
"нево́льно","unwillkürlich, unfreiwillig, ungewollt"
"коммунисти́ческий","kommunistisch"
"городо́к","Städtchen, KIeinstadt"
"тво́рческий","schöpferisch, Schaffens-; kreativ, "
"ве́щий","wahrsagerisch, prophetisch"
"экза́мен","Prüfung, Examen"
"ги́бель","Verderben; Untergang, Verfall, Tod; Haufen, große Menge"
"сме́лый","mutig, couragiert, gewagt; kühn, tapfer, furchtlos"
"кно́пка","Knopf, Taste, Button; Druckknopf, Reißzwecke"
"уста́виться","anstarren; passen, hinpassen, hingehen, Platz finden; sich aufbauen, sich aufstellen; vollgestellt werden"
"беспоко́иться","sich beunruhigen, sich Sorgen machen"
"а́нгел","Engel"
"огонёк","kleines Feuer, kleine Flamme; Lichtlein, kleines Licht, Lichtschimmer"
"докла́д","Vortrag, Referat; Bericht"
"дрова́","Brennholz, Holz"
"после́дствие","Folge, Konsequenz, Ergebnis; Auswirkung, Nachwirkung"
"маха́ть","winken, zuwinken; schwingen, schwenken"
"сво́лочь","Gesindel, Bagage, Pack; Lump, Miststück"
"своло́чь","ausziehen, herunterziehen; wegschleppen, klauen, stehlen"
"кита́йский","chinesisch"
"ро́за","Rose"
"бормота́ть","murmeln"
"я́блоко","Apfel"
"кадр","Filmbild, Bild; Angestellter"
"изуча́ть","erlernen, sich aneignen; studieren, erforschen, untersuchen"
"доро́жка","Weg, Fuß­weg, Pfad; Bahn, Spur; Läufer (Teppich)"
"губерна́тор","Gouverneur"
"тя́жесть","Schwere, Gewicht; Last, Bürde"
"после́довать","befolgen, folgen; folgen, hervorgehen; man soll, еs wäre nötig, еs gebührte sich; nachfolgen, verfolgen"
"ча́стность","Einzelheit, Detail"
"делово́й","sachlich, sachdienlich; geschäftlich, Geschäfts-; fachlich"
"совме́стный","zusammen, gemeinsam, gemeinschaftlich, Gemeinschafts-"
"противополо́жный","gegenüberliegend, entgegengesetzt, gegensätzlich, gegenteilig"
"оцени́ть","einschätzen, beurteilen, bewerten, abschätzen; wertschätzen, würdigen, anerkennen"
"пе́нсия","Rente; Pension, Ruhestand"
"ию́ль","Juli"
"фонд","Fonds, Geldfonds; Stiftung; Bestand"
"воображе́ние","Einbildung, Vorstellungskraft, Phantasie, Fantasie"
"описа́ть","beschreiben, schildern; inventarisieren, auflisten, pfänden"
"опи́сать","etwas anpinkeln"
"отдохну́ть","sich erholen; sich ausruhen, sich entspannen"
"и́скра","Funke"
"о́пытный","erfahren, routiniert, versiert; Pilot-, Versuchs-"
"ны́не","heutzutage; jetzt, nun, derzeit"
"развести́","züchten, anbauen, anpflanzen; trennen, scheiden, lösen, verdünnen"
"заплати́ть","bezahlen"
"отча́яние","Verzweiflung, ; Hoffnungslosigkeit"
"би́знес","Business, Geschäft"
"боло́то","Sumpf; Moor, Morast"
"неве́домый","unbekannt"
"доноси́ться","herüberschallen, klingen, tönen; sich ausbreiten"
"во́время","pünktlich; rechtzeitig, zur rechten Zeit, zeitig"
"сэр","Sir, Herr"
"блесте́ть","glänzen, aufblitzen; strahlen, funkeln, glitzern, leuchten"
"ви́за","Visum, Sichtvermerk"
"о́тпуск","Urlaub"
"изображе́ние","Bild, Abbildung, Abbild; Darstellung, Gestaltung, Nachzeichnung"
"вы́бросить","wegwerfen, hinauswerfen; auf den Markt werfen"
"разбуди́ть","wecken, aufwecken; hervorrufen"
"одина́ковый","gleichartig, gleich; gleichsam"
"оце́нка","Note, Zensur; Bewertung, Beurteilung, Einschätzung, Schätzung, Evaluation"
"евре́йский","hebräisch, ; jüdisch"
"дога́дываться","erraten; ahnen, vermuten"
"полага́ться","sich verlassen, zählen auf; zustehen, gebühren, sich gehören"
"би́ться","sich schlagen, kämpfen, schlagen, klopfen, sich abmühen, sich plagen"
"защища́ть","schützen, beschützen; verteidigen"
"груз","Last, Bürde; Ladung, Fracht"
"бюдже́т","Budget, Etat, Finanzhaushalt"
"испо́льзование","Nutzung, Ausnutzung, Benutzung; Verwendung, Anwendung, Einsatz, Verwertung"
"допусти́мый","zulässig, statthaft; akzeptabel, tolerabel, "
"кро́лик","Kaninchen"
"доказа́тельство","Beweis; Beweisführung"
"содержа́ть","halten, festhalten; enthalten, beinhalten; unterhalten, versorgen, aushalten"
"та́нец","Tanz"
"я́рко","leuchtend, farbenfroh, markant, krass; hell, grell"
"внук","Enkel"
"го́рдость","Stolz"
"посреди́","mitten, inmitten; in der Mitte, mittig"
"получе́ние","Bezug, Bekommen, Erhalten, ; Empfang; Gewinnung, "
"криво́й","schief, krumm"
"стук","Klopfen, Klackern, Rattern"
"сни́зу","von unten, unten"
"печь","backen; brennen, sengen"
"янва́рь","Januar, Jänner"
"жесто́кий","grausam; brutal, hart"
"попра́вить","berichtigen, in Ordnung bringen"
"меж","zwischen; dazwischen"
"гига́нтский","gigantisch, riesig, riesenhaft; Riesen-"
"полово́й","Geschlechts-, geschlechtlich, sexuell; Fußboden-"
"япо́нский","japanisch"
"шку́ра","Fell, Haut, Balg"
"приглаша́ть","einladen, auffordern, rufen, kommen lassen"
"заключе́ние","Abschluss, Schluss; Schlussfolgerung, Folgerung; Einsperren, Inhaftierung, Haft"
"немно́жко","ein bisschen"
"санкт","Sankt, Heilig"
"ковёр","Teppich"
"обня́ть","umarmen, in die Arme schließen; ergreifen, umfassen"
"де","wo; de, di; man sagt..., es heißt..., angeblich..."
"ко́йка","Koje, Bett"
"ошиби́ться","sich irren, sich täuschen; einen Fehler machen"
"недоста́ток","Mangel, Knappheit, Makel; Nachteil, Defizit, Schwäche"
"потяну́ть","ziehen, zerren, reißen; ziehen, hinziehen, hochziehen; sich hinziehen, ausdehnen, hinauszögern; wiegen; Druck ausüben"
"нали́чие","Vorhandensein, Vorliegen, ; Verfügbarkeit"
"интересова́ться","sich interessieren, interessiert sein, Interesse haben"
"ста́тус","Status"
"похо́д","Wanderung, Ausflug, Besuch, Marsch, Kampagne"
"учи́лище","Lehranstalt, Schule, Bildungseinrichtung, "
"заключа́ться","bestehen, beinhalten; schließen, geschlossen werden; sich einschließen, sich zurückziehen, Zuflucht nehmen"
"сорва́ть","abreißen, herunterreißen; pflücken; auslassen, abtragen, abladen; vereiteln, sabotieren, sprengen, zum Scheitern bringen"
"ры́царь","Ritter"
"прибо́р","Armatur, Vorrichtung; Gerät, Instrument; Besteck, Gedeck"
"вы́боры","Wahlen, Urnengang"
"обойти́","herumgehen, durchstreifen; vermeiden, umgehen, ausweichen; überholen, vorbeigehen, den Rang ablaufen; sich verbreiten"
"поня́тный","verständlich; verstehbar, deutlich; klar, begreiflich"
"расстреля́ть","erschießen, beschießen; verschießen"
"ка́рточка","Kärtchen, Bildkärtchen; Ausweiskarte, Lebensmittelkarte, Bezugskarte, Bezugsschein; Chipkarte, Magnetkarte"
"госуда́рь","Herrscher, Landesherr"
"разобра́ть","sortieren, aussortieren, aufdröseln, einordnen, ordnen; auseinandernehmen, zerlegen, demontieren, abbauen, ausverkaufen; auseinandersetzen, analysieren, verstehen, entziffern, begreifen, ergründen"
"применя́ть","anwenden, verwenden; einsetzen"
"худо́жественный","künstlerisch, schöngeistig; Kunst-"
"путеше́ствие","Reise"
"зри́тель","Zuschauer, Zuseher, Kinobesucher, Fernsehzuschauer"
"пожале́ть","bedauern, bereuen, bemitleiden; sparen, schonen"
"исключи́ть","ausschließen, ausnehmen, ausschalten, exmatrikulieren"
"импе́рия","Imperium, ; Reich, Kaiserreich"
"де́вка","Mädchen"
"давле́ние","Druck (fig.+ phys)"
"патро́н","Patrone; Fassung, Hülse, "
"ми́на","Miene, Mine"
"два́жды","2 x (in Multiplikationsaufgaben); zweimal, zweifach"
"спекта́кль","Schauspiel, Spektakel, Show; Theaterstück, Aufführung, Vorstellung"
"досто́йный","würdig, wert, gebührend; verdient, verdienstvoll, gerecht; vertrauenswürdig"
"хрен","Meerrettich, Kren; (derb) Schwanz (=Penis)"
"примене́ние","Anwendung, Verwendung, Einsatz"
"пла́вать","schwimmen"
"ле́кция","Vorlesung, Vortrag"
"желу́док","Magen"
"ледяно́й","eisig, eiskalt; Eis-, eisbedeckt"
"супру́г","Ehepartner, Gatte, Ehemann"
"потре́бность","Bedarf, ; Erfordernis; Bedürfnis"
"га́лстук","Krawatte, Schlips"
"дополни́тельный","ergänzend, nachträglich; zusätzlich, Extra-, weitere"
"док","Dock"
"социали́зм","Sozialismus"
"сва́дьба","Hochzeit"
"сбить","abschlagen, herunterschlagen, umwerfen, abschiessen, überrollen; schlagen, rühren; aus dem Konzept bringen, in Verwirrung bringen"
"прижа́ть","drücken; bedrängen"
"вне","außer; außerhalb"
"воспо́льзоваться","verwenden, benützen, gebrauchen; besitzen, haben, genießen"
"про́бовать","probieren, versuchen, kosten"
"соль","Salz"
"петербу́ргский","Petersburger, Petersburg-"
"пережи́ть","erleben; überleben, durchmachen; ertragen, überstehen"
"руль","Rad, Steuerrad; Lenkrad, Lenker, Lenkstange"
"му́ка","Qual, Plage, Pein, Leiden"
"мука́","Mehl"
"допусти́ть","zulassen, gestatten; annehmen, zugeben; begehen, machen; akzeptieren, einräumen, zulassen"
"хло́пнуть","klatschen, schlagen; zuknallen, sich hinter die Binde giessen"
"раскры́ть","öffnen, aufmachen, aufschlagen; offenbaren, enthüllen, aufdecken, entlarven"
"класть","legen, hinlegen, niederlegen; tun, reintun; stapeln, deponieren"
"штат","Bundesstaat, Unionsstaat; Personal, Personalbestand"
"оторва́ть","abreißen, losreißen, abtrennen; abbringen, ablenken"
"слы́шаться","zu hören sein, ertönen, erschallen; wahrnehmbar sein"
"стекля́нный","gläsern, Glas-"
"полете́ть","fliegen"
"пригото́вить","kochen, zubereiten; vorbereiten"
"бочо́к","kleinere Seite, Flanke"
"запла́кать","zu weinen beginnen"
"ука́зывать","nennen, angeben; hinweisen; zeigen, weisen"
"ло́вко","geschickt, gewandt; pfiffig, gerissen"
"сопровожда́ть","begleiten, geleiten, mitgehen; sekundieren, die zweite Stimme intonieren; beilegen zu, ; (mit etw.) versehen"
"сканда́л","Skandal, Radau, Krach"
"за́втрак","Frühstück"
"сиде́нье","Sitz, Sitzpolster"
"ве́рсия","Version, Fassung"
"понима́ние","Verständnis, Auffassung, Einsicht; Verstehen, Begreifen"
"прерва́ть","unterbrechen; ins Wort fallen"
"материальный","materiell"
"шуме́ть","lärmen, Lärm machen, rauschen, brausen"
"охо́тник","Jäger"
"прошепта́ть","flüstern"
"таи́нственный","geheimnisvoll; mysteriös"
"пусты́ня","Wüste"
"течь","fließen, strömen, quellen, auslaufen; verrinnen, verfließen, vergehen"
"ре́чка","Flüsschen, kleiner Fluss"
"зарабо́тать","verdienen, erarbeiten, sich holen; zu arbeiten anfangen, in Gang kommen; sich zuziehen, sich einhandeln"
"бревно́","Baumstamm, Holzstamm; Balken, Schwebebalken, Schwebebaum; Einfaltspinsel"
"торго́вый","Handels-, kommerziell; Einkaufs-, Geschäfts-, geschäftlich"
"стрела́","Pfeil"
"укра́сть","stehlen"
"секре́тный","Geheim-, geheim, vertraulich"
"акаде́мия","Akademie"
"дожида́ться","warten, abwarten; abwarten"
"промы́шленность","Industrie, Gewerbe"
"окружи́ть","umgeben, umringen, umzingeln, einkesseln"
"посу́да","Geschirr, -; посудный-"
"идио́т","Idiot"
"суро́вый","streng; knallhart; rau"
"разгляде́ть","betrachten, mustern, besehen, beäugen, angucken; erkennen, wahrnehmen"
"служе́бный","dienstlich, Dienst-; amtlich, Amt-; dienend, untergeordnet"
"го́рный","Berg-, Gebirgs-, bergig, gebirgig, Bergbau-"
"дурно́й","schlecht, übel, böse"
"допро́с","Verhör, Vernehmung"
"необыкнове́нный","außergewöhnlich, außerordentlich; ungewöhnlich, merkwürdig, "
"ру́сски","russisch, Russisch"
"др","Abk. für древний (uralt, antik); Abk. für другой (andere, übrige)"
"ны́нче","heutzutage, heute, derzeit, heuer"
"прода́жа","Verkauf, Handel"
"доста́ться","zuteil werden, zufallen, zukommen"
"конфли́кт","Konflikt"
"загля́дывать","vorbeikommen, vorbeischauen, hinschauen; nachsehen, hineinschauen, hineingucken"
"сво́йство","Eigenschaft, Beschaffenheit, Qualität, Zug, Natur"
"свойство́","Schwägerschaft, Verwandtschaft"
"заме́тный","merklich, bemerkbar, erkennbar, auffallen, bedeutend; spürbar"
"предпочита́ть","vorziehen, es für besser halten; bevorzugen"
"рва́ться","reißen, zerreißen, verschleißen; streben, sehnen; explodieren, zerspringen"
"кусо́чек","ein kleines Stück, Stückchen"
"су́дно","Schiff; Bettpfanne, Bettschüssel"
"отли́чный","ausgezeichnet, fabelhaft, hervorragend; andersartig, sich unterscheidend"
"относи́тельно","relativ, verhältnismäßig; bezüglich, in Bezug, hinsichtlich"
"ра́мка","(kleiner) Rahmen"
"каранда́ш","Bleistift, Stift"
"собесе́дник","Gesprächspartner"
"бригади́р","Vorarbeiter, Brigadier"
"возража́ть","widersprechen, erwidern, entgegnen; einwenden"
"кра́йне","äußerst, sehr, extrem"
"вы́ставить","ausstellen, zur Schau stellen, in Vordergrund rücken; aufstellen, nominieren; hinauswerfen, feuern; zeigen, hinstellen"
"пережива́ть","erleben; überleben; sich beunruhigen, sich Sorgen machen"
"гро́хот","Getöse, Krach, Gedonner, Rumpeln, Donnern; Sieb, Gitterrost"
"дра́ка","Schlägerei, Prügelei; Rauferei, Rangelei"
"мак","Mohn"
"уче́сть","berücksichtigen, miteinbeziehen; einkalkulieren, zählen"
"ана́лиз","Analyse, Probe"
"перегово́ры","Verhandlungen"
"выступле́ние","Auftritt, Ansprache, Rede, Vortrag; Darbietung, Aktion, Ausrücken, "
"охо́тно","gern, mit Vergnügen"
"неприя́тность","Unannehmlichkeit, Ärger"
"вы́разить","ausdrücken, zum Ausdruck bringen; aussprechen, äußern, "
"торго́вля","Handel"
"москви́ч","Moskauer; Moskwitsch"
"тра́нспорт","Transport, Beförderung, Verkehrwesen, Verkehrsmittel, Beförderungsmittel"
"транспо́рт","Transport, Beförderung, Verkehrwesen, Verkehrsmittel, Beförderungsmittel"
"справедли́вость","Gerechtigkeit, Berechtigtheit"
"остано́вка","Haltestelle, Station; Halt, Aufenthalt, Unterbrechung; Stillstand, Stockung"
"развива́ться","sich entwickeln, sich entfalten"
"неве́ста","Braut, die Verlobte"
"ру́копись","Manuskript, Handschrift"
"грома́дный","riesig, riesengroß"
"ма́стерский","meisterlich, meisterhaft; Meister-"
"подвести́","im Stich lassen, enttäuschen; zuführen, heranführen, herbeiführen; einordnen, einstufen"
"блок","Block; Baustein, Baugruppe, Einheit; Bündnis, Pakt"
"экспеди́ция","Expedition"
"сне́жный","Schnee-; schneeig, schneebedeckt, schneereich; verschneit"
"уве́ренность","Gewissheit, Sicherheit; Zuversicht"
"устро́иться","sich einrichten, sich etablieren, sich geben, in Ordnung kommen; unterkommen, sich niederlassen, Unterkunft finden, untergebracht werden"
"кома́ндовать","kommandieren, befehligen"
"внутрь","nach innen, hinein-, in"
"ду́ра","weiblicher Dummkopf, dumme Gans, blöde Kuh, Zicke"
"вздро́гнуть","zucken, zusammenzucken, zusammenfahren; aufschrecken, auffahren"
"краса́вица","schöne Frau, Schönheit, die Schöne"
"запере́ть","zuschließen, abschließen, verschließen; einschließen, einsperren; verriegeln"
"разбира́ться","sich auskennen; zerlegt werden, auseinandergenommen werden"
"обману́ть","betrügen, täuschen, belügen, hintergehen"
"кры́шка","Deckel; ugs. das Ende"
"владе́ть","besitzen; beherrschen, in der Gewalt haben"
"уда́ча","Glück, gutes Gelingen, Erfolg"
"сара́й","Scheune; Schuppen"
"конто́ра","Kontor, Büro"
"отре́зать","abschneiden, abtrennen, wegtrennen, kürzen"
"отреза́ть","abschneiden, abtrennen, wegtrennen, kürzen"
"скаме́йка","Sitzbank, Parkbank"
"роди́ть","gebären, zur Welt bringen, entbunden werden; hervorbringen, erzeugen"
"ру́хнуть","einstürzen, einfallen; zusammenbrechen"
"одино́чество","Einsamkeit"
"дья́вол","Diabolus, Teufel"
"рассве́т","Morgendämmerung, Morgengrauen; Tagesanbruch, Sonnenaufgang"
"акаде́мик","Akademiemitglied"
"сплошно́й","durchgängig, ununterbrochen, kompakt, durchgehend, kontinuierlich; vollständig, völlig, komplett, total"
"обме́н","Austausch, Umtausch, Tausch; Wechsel"
"ка́ша","Brei, Grütze; Wirrwarr, Durcheinander"
"провожа́ть","begleiten; geleiten, bringen"
"спи́чка","Streichholz"
"спо́ра","Spore"
"Коре́я","Korea"
"перево́д","Übersetzung, Dolmetschen; Überführung, Versetzung; Überweisung, Transfer, Postanweisung"
"осмотре́ть","besichtigen, genau betrachten, in Augenschein nehmen; untersuchen, mustern, prüfen; inspizieren"
"конча́ться","enden, zu Ende gehen, ausgehen, aufhören"
"усну́ть","einschlafen"
"режиссёр","Regisseur"
"отчёт","Bericht, Report; Rechenschaft, Rechenschaftsbericht"
"огляде́ть","besehen, betrachten, überblicken"
"блеск","Glanz, Pracht, Prunk; Leuchten, Blitzen, Funkeln"
"культу́рный","kulturell, Kultur-, gesittet"
"прове́рка","Prüfung, Überprüfung, Kontrolle"
"негро́мко","nicht laut, leise, gedämpft"
"восьмо́й","der achte"
"са́хар","Zucker"
"пря́таться","sich verstecken, sich verbergen"
"лопа́та","Spaten; Schaufel"
"ра́нить","verwunden; verletzen, kränken"
"наде́л","Anteil; Areal, Grundstück"
"пита́ние","Nahrung, Ernährung, Kost; Speisung"
"прокуро́р","Staatsanwalt"
"неторопли́вый","nicht eilig, gemächlich, bedächtig, langsam, ruhig"
"экипа́ж","Besatzung, Mannschaft; Kutsche, Equipage, Wagen"
"лифт","Lift, Aufzug, Fahrstuhl"
"посторо́нний","fremd, unbekannt, außenstehend"
"накану́не","am Vorabend, am Vortag; am Tag zuvor, tags zuvor"
"трус","Feigling, Angsthase, Memme"
"трудово́й","Arbeits-"
"открыва́ться","sich öffnen, aufgehen, geöffnet werden, eröffnet werden, beginnen; sich eröffnen, sich zeigen; entdeckt werden, offenbar werden"
"чрезвыча́йно","außerordentlich, äußerst"
"иностра́нец","Ausländer"
"научи́ть","beibringen, lehren"
"ле́нта","Band, Streifen"
"подчеркну́ть","unterstreichen, betonen, hervorheben"
"успоко́ить","beruhigen, beschwichtigen, zur Ruhe bringen"
"косми́ческий","kosmisch, Weltraum-, Raum-"
"цех","Werksabteilung, Werkshalle; Zunft"
"балко́н","Balkon"
"мо́да","Mode"
"ступе́нька","Stufe, Sprosse"
"вы́ставка","Ausstellung, Auslage; Messe, Schau"
"оконча́ние","Abschluss, Absolvierung, Schluss; Ende, Endung, Beendigung"
"лома́ть","brechen, abbrechen, zerbrechen, ; kaputt machen"
"за́муж","(einen Mann) heiraten; sich verheiraten (aus Sicht der Frau)"
"сро́чно","dringend; eilig, unverzüglich"
"сбро́сить","abwerfen, herunterwerfen, zusammenwerfen; ausziehen; weiterreichen; zurücksetzen"
"всео́бщий","allseitig; generell (adverb) universell"
"се́но","Heu"
"акт","Akt, Aktion, Handlung, Tat, Urkunde, Akte, Aufzug"
"указа́ние","Anweisung, Weisung, Instruktion, Anordnung; Hinweis, Angabe"
"перенести́","verschieben, verlegen, verlagern, vertagen, aufschieben, verschieben, übertragen; etwas vertragen, ertragen, aushalten, erdulden, erleiden"
"че́тверо","vier; zu viert"
"пря́тать","verbergen, verstecken, verwahren"
"мо́лния","Blitz; Reißverschluß"
"разверну́ть","entfalten, entwickeln; auffalten, ausbreiten, aufschlagen; auswickeln, auspacken; umdrehen, wenden, in Gang bringen"
"засы́пать","überhäufen, zuschütten, überschütten, bedecken; einschlafen"
"засыпа́ть","einschlafen; überhäufen, zuschütten, überschütten, bedecken"
"нажа́ть","drücken, andrücken; pressen, auspressen; Druck ausüben; einen Zahn zulegen"
"социалисти́ческий","sozialistisch"
"глото́к","Schluck"
"по́за","Pose, Haltung"
"поми́мо","nebst; abgesehen von...; außer, darüber hinaus; neben, nebenher"
"пустота́","Leere, Vakuum"
"реа́льность","Realität, Wirklichkeit"
"музыка́нт","Musiker"
"сла́вный","ruhmreich, ruhmvoll, glorreich; berühmt; gut, nett, prima, brav, fein, sympathisch"
"сложи́ть","aufeinanderlegen, lagern, hinlegen; addieren; zusammenlegen, falten; komponieren, dichten"
"свида́ние","Verabredung, Date, Rendezvous; Wiedersehen, Besuch"
"брак","Ehe; Pfusch, Fehler, Schaden, Murks; Ausschuss, Ausschussware"
"глазо́к","Äuglein; Knospe, Auge; Guckloch"
"свинья́","Schwein, Sau, Keiler"
"руба́ха","Hemd"
"спирт","Spiritus, Alkohol"
"принц","Prinz"
"наме́рение","Absicht, Intention; Vorsatz, Vorhaben"
"гру́стно","traurig, es ist traurig"
"плод","Frucht; Leibesfrucht, Fötus"
"рубе́ж","Grenze, Linie"
"ма́йка","T-Shirt, Nicki; Trikot, Trikothemd, Sporthemd; Unterhemd"
"прояви́ть","zeigen, bekunden, bezeigen, äußern; entwickeln"
"соотве́тствовать","entsprechen, zusammenfallen; übereinstimmen"
"но́жка","Bein, Fuß, Stiel"
"обсужда́ть","besprechen, durchsprechen, diskutieren"
"прохо́д","Durchgang, Passage"
"ми́стер","Herr"
"происхожде́ние","Herkunft, Abstammung, Ursprung"
"дока́зывать","beweisen, nachweisen"
"замени́ть","auswechseln, ersetzen, vertreten, ablösen"
"слома́ть","brechen, zerbrechen, abbrechen, wegbrechen; kaputt machen"
"ми́новать","vorübergehen, verstreichen, vergehen; vorbei sein, vorüber sein; entgehen, entrinnen"
"слыха́ть","hören, vernehmen, erfahren"
"достиже́ние","Erreichung, Erlangung, Erreichen; Errungenschaft, Erfolg, Leistung"
"вы́ехать","losfahren, wegfahren, ausreisen, verreisen, verlassen"
"проявле́ние","Bezeigung, Bekundung, Äußerung; Entwicklung, Ausprägung, Manifestation; Erscheinung, Auftreten, Hervortreten"
"цивилиза́ция","Zivilisation"
"кива́ть","nicken"
"вы́тянуть","strecken, recken; herausziehen; absaugen, abnehmen; durchbringen; bewältigen, schaffen; entlocken, herausfinden; aushalten, ertragen; wegziehen, herausreißen, herausholen"
"око́п","Schützengraben"
"поцелова́ть","küssen"
"надёжный","zuverlässig, verlässlich"
"лишённый","bar, frei von, beraubt"
"ве́жливо","höflich, artig, anständig"
"нело́вко","ungeschickt, ungelenk, unbeholfen; unbehaglich, unbequem, unpassend, unangenehm"
"испо́льзоваться","genutzt werden, gebraucht werden, verwendet werden"
"грози́ть","drohen"
"тво́рчество","Schaffen, Wirken, Werk"
"храни́ть","bewahren, hüten; aufbewahren, ; lagern, speichern"
"шевели́ться","sich bewegen; sich rühren, sich regen"
"наве́рх","nach oben, hinauf-, herauf-"
"ца́рский","Zaren-, zaristisch, König-, königlich"
"Во́лга","Wolga; Wolga"
"си́дя","sitzend, im Sitzen"
"достава́ть","beschaffen, besorgen, auftreiben; herausholen, herausnehmen; ausreichen, reichen; reichen, gelangen; zur Weißglut bringen, nerven, auf den Keks gehen"
"броса́ться","stürzen, sich werfen, sich stürzen; einander bewerfen; eilen"
"определя́ть","bestimmen, definieren, festsetzen, abgrenzen"
"заключи́ть","schließen, schlussfolgern; einschließen, einsperren, beinhalten; abschließen, beenden"
"коммуни́зм","Kommunismus"
"убежа́ть","weglaufen, davonlaufen"
"шестьдеся́т","sechzig"
"мале́йший","kleinst, winzigst; geringst, wenigst, "
"доходи́ть","hingehen; angelangen, ankommen, erreichen, kommen zu"
"визи́т","Besuch, Visite"
"корреспонде́нт","Korrespondent, Berichterstatter"
"всерьёз","ernst (im Ernst), ernsthaft, ernstlich, "
"посове́товать","anraten, Ratschläge geben; empfehlen"
"учрежде́ние","Einrichtung, Institution, Anstalt, Behörde, Amt; Gründung, Stiftung"
"успева́ть","rechtzeitig kommen, mitkommen; gute Leistungen haben"
"на́ция","Nation"
"при́быль","Gewinn, Profit; Ertrag"
"атмосфе́ра","Atmosphäre"
"свети́ться","leuchten, scheinen, strahlen, funkeln, glänzen, schimmern"
"рискова́ть","riskieren, ein Risiko eingehen, aufs Spiel setzen, Gefahr laufen"
"вели́чество","Majestät"
"сто́имость","Wert, Preis"
"хара́ктерный","Charakter-"
"характе́рный","charakteristisch, ausgeprägt, markant, charaktervoll, kennzeichnend, bezeichnend für"
"впосле́дствии","in der Folge, später, im Nachhinein"
"рвать","herausreißen, herausziehen; zerreißen; pflücken, sammeln; abbrechen; erbrechen"
"сообража́ть","begreifen, überlegen, verstehen, erfassen; nachdenken, erwägen"
"реша́ться","sich entscheiden"
"страда́ние","Leiden, Qual"
"постуча́ть","klopfen, anklopfen, pochen, hämmern"
"походи́ть","ähneln, gleichen"
"я́вный","offensichtlich, offenbar, offen; erkennbar, unverkennbar"
"превраща́ться","verwandeln in, wandeln, ausarten"
"вина́","Schuld, Verschulden"
"ве́дьма","Hexe"
"зави́симость","Abhängigkeit; Sucht"
"сбежа́ть","fliehen, entlaufen, davonlaufen, weglaufen; herunterlaufen, herunterkommen"
"рису́нок","Zeichnung, Muster"
"герма́нский","germanisch, deutsch"
"отню́дь","keineswegs, mitnichten, durchaus nicht, "
"но́готь","Fingernagel; Fußnagel"
"ложь","Lüge"
"соображе́ние","Überlegung; Erwägung, Beweggrund"
"бело́к","Eiweiß, Eiweißstoff"
"пло́ский","flach, platt"
"повыше́ние","Erhöhung; Anhebung, Steigerung"
"дли́тельный","langwierig; lang"
"прису́тствовать","anwesend sein; dabei sein"
"электри́ческий","elektrisch"
"охвати́ть","umfassen, umklammern; ergreifen, befallen, erfassen"
"вспы́хнуть","aufflammen, auflodern, ausbrechen, entbrennen; aufblitzen; erglühen, erröten"
"папиро́са","Papirossa"
"тря́пка","Lappen, Tuch, Waschlappen"
"баро́н","Baron"
"посети́тель","Besucher; Gast, Kunde"
"переме́на","Veränderung, Änderung; Wechsel, Wandel; Pause"
"дереве́нский","Dorf-, Land-; dörflich, ländlich"
"хохота́ть","auflachen, schallend lachen"
"ки́нуться","sich werfen, sich stürzen"
"неподалёку","nicht weit, in der Nähe; unweit"
"исходи́ть","ausgehen, herstammen; austreten, verströmen, entweichen, herauskommen; durchstreifen, durchqueren, durchwandern; kommen"
"ла́сково","liebevoll, zärtlich, sanft"
"плита́","Platte, Fliese; Herd, Kochherd"
"испыта́ть","prüfen, erproben, testen, ausprobieren; empfinden, erleiden, erfahren, erleben"
"смени́ть","ablösen, auswechseln; wechseln, umtauschen"
"разойти́сь","auseinandergehen, sich trennen, sich scheiden lassen; sich zerstreuen, auseinanderlaufen, divergieren"
"Кита́й","China"
"соба́чий","Hunde-"
"окружа́ющее","Umgebung"
"карти́нка","Abbildung, Bild, Bildchen; Illustration"
"серди́то","ärgerlich, aufgebracht, verärgert, böse auf, zornig"
"комба́т","Bataillonskommandeur, Batterieführer"
"предупрежда́ть","warnen, vorwarnen; vorbeugen, verhüten; informieren, hinweisen, im Voraus aufmerksam machen"
"рассмея́ться","auflachen, in Lachen ausbrechen"
"вдвоём","zu zweit"
"коллекти́в","Kollektiv, Gemeinschaft, Team, Belegschaft"
"чте́ние","Lesen, Lektüre, Lesung"
"объём","Rauminhalt, Volumen; Umfang"
"исполне́ние","Ausführung; Aufführung, Darbietung, Vorführung; Erfüllung, Vollzug"
"три́ста","dreihundert"
"парохо́д","Dampfschiff, Dampfer"
"по́двиг","Großtat, Heldentat, heroische Aktion; Meisterleistung"
"проду́кция","Produktion, Erzeugnis"
"возде́йствие","Einwirkung, Auswirkung; Einfluß"
"кирпи́ч","Ziegel, Ziegelstein; Backstein"
"копе́йка","Kopeke"
"стально́й","Stahl-, aus Stahl, ; stählern"
"наказа́ние","Strafe, Bestrafung"
"гото́вность","Bereitschaft, Bereitwilligkeit"
"уголо́к","Ecke, Winkel, Winkelchen"
"устано́вка","Anlage, Vorrichtung; Aufbau, Installation, Aufstellung, Einrichtung; Festlegung, Direktive, Richtlinie; Einstellung, Ausrichtung"
"федера́ция","Föderation, Bund, Verband"
"жи́рный","fettig, fetthaltig, Fett-"
"слуга́","Diener"
"спосо́бствовать","fördern, begünstigen; beitragen, helfen, unterstützen"
"ва́нный","Bad-, Bade-; Wannen-"
"по́дпись","Unterschrift; Signatur"
"сохрани́ться","sich erhalten, erhalten bleiben; bewahrt werden, aufbewahrt werden"
"сбор","Versammlung, Zusammenkunft; Sammlung, Einsammeln, Erhebung, Beitreibung; Ernte, Ertrag"
"горди́ться","stolz sein"
"отка́з","Ablehnung, Weigerung, Verzicht; Absage; das  Versagen"
"мета́лл","Metall"
"рисова́ть","zeichnen; malen"
"пеще́ра","Höhle"
"тротуа́р","Bürgersteig, Trottoir; Gehweg, Gehsteig"
"ата́ка","Attacke, Angriff"
"решётка","Gitter"
"подзе́мный","unterirdisch"
"бо́жий","göttlich; Gott-, Gottes-"
"переу́лок","Gasse, Quergasse"
"препара́т","Präparat"
"спаса́ть","retten, bergen"
"совеща́ние","Besprechung, Konferenz; Beratung"
"понача́лу","anfangs, zu Beginn, zuerst, zunächst"
"нужда́","Not, Elend, Drangsal; Bedürfnis, Bedürftigkeit"
"тыл","rückwärtiges Gebiet, Hinterland; Rückseite, Rücken"
"рассужда́ть","beurteilen, erwägen, nachsinnen, urteilen; argumentieren, denken, erörtern; sprechen, kritisieren"
"отчё́тливо","deutlich, klar, scharf"
"бра́ться","herkommen; fassen, anfassen; beginnen, anpacken"
"помеша́ть","umrühren, durchrühren; stören, hindern, behindern"
"нести́сь","rasen, sausen, verfliegen; sich schnell ausbreiten, erschallen, ertönen; Eier legen"
"наря́д","Ausstattung, Outfit, Tracht, Kleidung; Aufgebot; Auftrag"
"сове́тник","Berater, Rat, Ratgeber"
"гимнастёрка","Feldbluse, Uniformjacke, Bluse mit Stehkragen"
"очну́ться","zu sich kommen, erwachen"
"догна́ть","einholen, aufholen; kapieren, durchblicken"
"жа́лость","Mitleid"
"ча́шка","Tasse"
"ра́достный","erfreulich, froh, lustig"
"люк","Luke, Schiebedach, Luk"
"шагну́ть","einen Schritt tun, hervortreten"
"музыка́льный","Musik-, musikalisch"
"спорт","Sport, Sportart"
"окруже́ние","Umgebung, Umwelt, Umfeld, Ambiente; Einkreisung, Umzingelung; Umfeld"
"аре́ст","Arrest, ; Verhaftung, Festnahme"
"операти́вный","operativ; Einsatz-, Operativ-"
"прочь","weg, fort, hinweg"
"великоле́пный","großartig, ; prächtig, prachtvoll, herrlich"
"флот","Flotte, Marine"
"нало́г","Steuer"
"сорва́ться","sich losreißen, hinabstürzen, herunterstürzen; misslingen, missglücken; entschlüpfen, entfahren"
"слепо́й","blind"
"демокра́тия","Demokratie"
"вы́делить","hervorheben, kennzeichnen, unterstreichen, betonen; ausscheiden, absondern; zuweisen, zuteilen"
"приёмный","Empfangs-, Aufnahme-"
"подходя́щий","passend, angebracht, geeignet, gelegen, richtig, zusammengehörig"
"оле́нь","Hirsch, Hirschunterarten (Elch, Reh, Rentier); Schwachkopf, Narr, Tölpel"
"тури́ст","Tourist, Wanderer"
"изобража́ть","darstellen, zeigen, spielen, verkörpern, widerspiegeln, nachahmen; darlegen, schildern, gestalten"
"заложи́ть","plazieren, anlegen, belegen, hinlegen, verlegen; verpfänden, hinterlegen, versetzen; verpetzen, verpfeifen, verraten"
"эффе́кт","Effekt"
"тихо́нько","leise, mucksmäuschenstill; langsam"
"отыска́ть","finden, auffinden; ausfindig machen, aufstöbern"
"конфере́нция","Konferenz"
"разры́в","Riss, Ruptur; Bruch, Abbruch, Zerwürfnis; Kluft, Diskrepanz; Zersprengung"
"сосна́","Kiefer, Föhre"
"ба́рин","(gnädiger) Herr, Gutsherr, Adliger; Lebemann"
"не́куда","nirgendwohin, nirgends"
"поспе́шно","eilig, hastig; voreilig, überstürzt"
"бу́дущий","zukünftig, der nächste, der kommende, künftig"
"соедини́ть","verbinden, vereinigen, vereinen; zusammenfügen"
"нападе́ние","Angriff, Sturm; Überfall"
"Украи́на","Ukraine"
"руга́ться","sich zanken, sich streiten; fluchen; schimpfen, aufeinander schimpfen"
"зада́ть","aufgeben, auftragen, auferlegen; angeben, vorgeben; organisieren, veranstalten"
"мы́ло","Seife"
"невероя́тный","unwahrscheinlich; unglaublich, unerhört"
"вози́ться","hantieren, sich zu schaffen machen, werkeln; sich abmühen, sich abrackern, herumwirtschaften"
"скры́тый","verborgen, versteckt, heimlich, geheim"
"напра́сно","vergeblich, umsonst; nutzlos, unnütz"
"протоко́л","Protokoll"
"ла́вка","Laden, Verkaufsbude, Shop; Sitzbank"
"рассмотре́ть","betrachten, untersuchen, prüfen, sich ansehen"
"соглаша́ться","zustimmen, einwilligen, sich einlassen; bejahen, befürworten, gutheißen"
"приме́та","Kennzeichen, Merkmal; Anzeichen, Vorzeichen, Omen, Weisheit; Vorzeichen; Zeichen"
"уста́лость","Müdigkeit"
"величина́","Größe; Wert"
"съезд","Kongreß, Tagung, Ankunft, Zusammenkunft; Abfahrt (Autobahn)"
"выража́ть","ausdrücken, zum Ausdruck bringen; aussprechen, äußern"
"экспериме́нт","Experiment, Versuch"
"бо́цман","Bootsmann"
"образова́ться","sich bilden, gebildet werden, entstehen, sich entwickeln; sich herausbilden"
"свеча́","Kerze; Zäpfchen"
"болта́ть","plaudern, schwatzen, plappern, dummes Zeug erzählen; baumeln, schlenkern, schütteln"
"асфа́льт","Asphalt"
"масшта́б","Maßstab, Ausmaß, Maß"
"вы́лезть","herauskriechen; ausfallen, ausgehen; herausplatzen, unpassend bemerken"
"фа́ктор","Faktor"
"небе́сный","himmlisch"
"сто́я","im Stehen"
"обраще́ние","Anrede, Ansprache, ; Appell, Aufruf, Ersuchen; Umgang, Behandlung; Umkehrung, Bekehrung; Umlauf, Zirkulation"
"по́чта","Post, Postamt"
"мона́х","Mönch"
"рю́мка","Spirituosenglas, Shotglas; die Menge an Flüssigkeit (normalerweise Alkohol) die in ein solches Gefäß passt (30 bis 75 Milliliter)"
"бесе́довать","sich unterhalten, ein Gespräch führen"
"приподня́ть","anheben, hochheben, emporheben"
"приключе́ние","Abenteuer"
"ста́рость","Alter, Greisenalter"
"зад","hinterer Teil, Hinterseite; Hintern, Gesäß"
"неда́вний","jüngst, kürzlich, unlängst, neulich, vor kurzem; nicht alt, jung"
"то́чность","Genauigkeit, Exaktheit, Präzision; Pünktlichkeit"
"полево́й","Feld-"
"че́тверть","Viertel"
"тро́нуть","berühren, anfassen; bewegen, ergreifen"
"вла́жный","feucht, nass"
"дура́цкий","dumm, dämlich, blödsinnig, idiotisch"
"це́нный","wertvoll, kostbar, edel; Wert-"
"перспекти́ва","Perspektive, Aussicht"
"охра́нник","Bewacher, Wachmann, Wächter; Schützer, Beschützer, Bodyguard"
"иску́сственный","künstlich, unecht, falsch; Kunst-"
"уважа́емый","angesehen, geachtet; sehr geehrter, verehrter"
"спра́вка","Auskunft, Bescheid, Erkundigung; Bescheinigung, Nachweis"
"пи́сьменный","schriftlich, Schreib-"
"попада́ться","erwischt werden, auffliegen, in die Falle tapsen, an die Angel gehen, auf den Leim gehen; begegnen"
"гнев","Zorn, Wut"
"по́чва","Boden, Erdboden; Grund, Grundlage"
"плюс","plus, Plus, Pluszeichen; Vorteil"
"рог","Horn, Signalhorn; Geweih; Mondsichel"
"хи́трый","schlau, gewieft, pfiffig; listig, gerissen, raffiniert, verschlagen"
"колду́н","Zauberer, Hexenmeister"
"полго́да","ein Halbjahr, ein halbes Jahr, 6 Monate"
"после́дующий","nachfolgend, darauffolgend"
"наде́ть","anziehen, überziehen, anlegen, anstecken"
"довести́","bringen, führen"
"сочине́ние","Aufsatz, verfasste Schrift; Werk"
"сопротивле́ние","Widerstand"
"мча́ться","dahineilen, eilen, dahinhetzen, dahinjagen; sausen, flitzen, rennen, rasen"
"осе́нний","herbstlich; Herbst-"
"рефо́рма","Reform"
"доли́на","Tal"
"деся́тый","der zehnte"
"изда́ние","Ausgabe, Auflage; Veröffentlichung, Herausgabe, "
"дохо́д","Einkommen, Einkünfte, Einnahme, Ertrag"
"вы́слушать","anhören, zuhören; abhorchen, horchen"
"око́шко","Fensterchen, kleines Fenster; Schalterfenster"
"расхо́д","Ausgabe, Aufwand; Verbrauch"
"жир","Fett"
"змея́","Schlange"
"рай","Paradies"
"уложи́ть","legen, hinlegen; umlegen, töten; packen, einpacken, verstauen"
"проспе́кт","Prospekt, Werbeschrift, Verlagsprospekt; breite langezogene Straße, Allee, Boulevard, Avenue, Promenade"
"несомне́нно","zweifellos, ganz bestimmt, sicherlich"
"психи́ческий","psychisch, seelisch"
"схе́ма","Schema"
"заказа́ть","bestellen"
"несча́стье","Unglück, Pech"
"ми́нимум","Minimum"
"А́нглия","England"
"покрасне́ть","erröten, rot werden"
"спасе́ние","Rettung, Bergung; Errettung, Erlösung"
"подоко́нник","Fensterbrett, Fensterbank, Fenstersims"
"непра́вильный","falsch, nicht richtig, unrichtig, unrecht, irrtümlich; nicht regelkonform, unsachgemäß, regelwidrig, unregelmäßig, ungleichmäßig, abnorm, abweichend; Fehl-"
"подъём","Aufstieg, Ansteigen, Hebung, Besteigung, Heben; Aufschwung, Auftrieb, Elan, Enthusiasmus, Schwung, Begeisterung; Rist, Spann"
"авиа́ция","Aviatik, Luftfahrt, Flugwesen, Luftflotte"
"и́зредка","zuweilen, hin und wieder; dann und wann"
"вы́пасть","fallen; ausfallen, herausfallen; entfallen, zufallen"
"призна́ние","Anerkennung, Würdigung; Geständnis, Bekenntnis"
"конча́ть","fertig sein, beenden, aufhören, abschließen; absolvieren"
"сове́товать","anraten, empfehlen, Ratschläge geben"
"вы́рвать","ausreißen, herausreißen, herausziehen; brechen, sich erbrechen"
"солда́тский","soldatisch; Soldaten-"
"альбо́м","Album"
"гуде́ть","brummen, summen, surren; dröhnen, tönen, tuten, hupen, heulen"
"уста́лый","müde, ermüdet"
"сжечь","verbrennen, niederbrennen, einäschern"
"блю́до","Speise, Platte, Gericht, Gang; Kuchenteller, Kuchenplatte"
"благодари́ть","danken, sich bedanken für"
"включа́я","inklusive; einschließlich"
"ме́бель","Möbel, Einrichtung"
"ра́нее","früher; vorher, zurück"
"нару́шить","übertreten, verstoßen, nicht halten, nicht einhalten; unterbrechen, stören, zerstören"
"апре́ль","April"
"толкну́ть","stoßen, drängen, schieben, schubsen; anspornen, anstacheln"
"прили́чный","anständig; gehörig, schicklich"
"кремль","Kreml"
"старичо́к","Alter, alter Mann"
"те́сный","eng, intim, schmal"
"ай","au, autsch, oh, oh weh; Ai"
"спа́льня","Schlafzimmer, Schlafraum; Schlafzimmermöbel"
"уче́бный","Lehr-, Schul-, Unterrichts-, Übungs-, Probe-"
"стремле́ние","Streben, Bestreben"
"облегче́ние","Erleichterung"
"пропада́ть","verschwinden; verlorengehen, verloren sein, abhanden kommen, weg sein, vergehen"
"пропа́дать","(eine Weile) fallen"
"вста́вить","hineinstecken, einstecken, hineinstellen; einsetzen, einfügen"
"бара́к","Baracke"
"заслужи́ть","verdienen; wert sein, würdig sein"
"целова́ть","küssen"
"глу́по","dumm; albern"
"сок","Saft"
"подозре́ние","Verdacht"
"гру́стный","traurig, schwermütig"
"пообеща́ть","versprechen"
"наклони́ться","sich neigen, sich beugen, sich bücken"
"де́ятель","Person, Persönlichkeit, -mann; Funktionär"
"соверша́ть","ausführen, begehen, verüben, machen; vollbringen, vollziehen"
"полюби́ть","lieb gewinnen"
"отходи́ть","weggehen, sich entfernen, verlassen, sich zurückziehen; abfahren, abkommen, abweichen, ausweichen"
"руче́й","Bach"
"отсу́тствовать","abwesend sein, fortbleiben; fehlen, nicht vorhanden sein"
"небо́сь","wohl, wahrscheinlich, vielleicht; keine Sorge..., keine Angst..."
"нужда́ться","brauchen, bedürfen, ; benötigen, notleiden, Not leiden"
"вы́играть","gewinnen, siegen"
"обще́ние","Kommunikation, Gespräch; Umgang, Verkehr, Kontakt"
"колбаса́","Wurst"
"мелькну́ть","flimmern, schimmern; aufleuchten, aufblitzen; auftauchen und wieder verschwinden, vorbeihuschen"
"обора́чиваться","sich umdrehen, sich umwenden; umrunden, umlaufen; sich herausstellen, sich entpuppen; sich einwickeln, umwickelt werden"
"чуде́сный","wunderbar, wunderschön, wundervoll; herrlich"
"люби́тель","Liebhaber, -freund, Fan, Amateur, Laie"
"трясти́сь","sich schütteln, zittern, schlottern"
"соотве́тствие","Übereinstimmung, Entsprechung, Äquivalent"
"ошиба́ться","sich irren, sich täuschen, Unrecht haben; einen Fehler machen"
"показа́ние","Anzeige, Indikation, Angabe; Bezeugung"
"испу́ганно","erschrocken"
"леге́нда","Legende, Sage"
"ре́зать","schneiden, schlachten"
"испыта́ние","Prüfung, Test, Erprobung, Versuch; Bewährungsprobe, Belastungsprobe"
"окружа́ющий","umgebend, umliegend; Umgebungs-"
"потрясти́","erschüttern, tief ergreifen; schütteln, rütteln"
"крова́вый","Blut-, ; blutig, blutrot"
"удержа́ться","sich halten; sich enthalten, sich zurückhalten, sich verkneifen"
"мы́шка","Mäuschen, kleine Maus, Maus; Achsel"
"цветно́й","farbig, bunt, Farb-, Bunt-"
"че́люсть","Kiefer, Kinnbacke, Gebiß"
"опаса́ться","befürchten, Angst haben, besorgt sein, sich Sorgen machen; sich hüten, sich in acht nehmen"
"отобра́ть","wegnehmen, abnehmen, fortnehmen, sich aneignen; aussuchen, auswählen"
"ночева́ть","übernachten"
"Ита́лия","Italien"
"тра́тить","ausgeben, verbrauchen; verschwenden, vergeuden"
"понести́","tragen; auf sich nehmen"
"недово́льный","unzufrieden"
"ухо́д","Pflege, Versorgung; Abgang, Weggang, Rückzug; Aufbruch; Rücktritt (Posten)"
"ремо́нт","Reparatur, Instamdsetzung; Renovierung, Ausbesserung"
"оско́лок","Scherbe; Splitter"
"сосе́дка","Nachbarin"
"телегра́мма","Telegramm"
"отправля́ться","aufbrechen, losgehen, abfahren, losfahren, abreisen; sich begeben"
"во́льный","frei, ungebunden; freiwillig, ungezwungen"
"зага́дочный","rätselhaft"
"у́голь","Kohle"
"согла́сие","Zusage, Zustimmung; Einwilligung, Einverständnis, Einvernehmen; Konsens, Einigung, Übereinstimmung"
"заключённый","eingeschlossen; enthalten in..; eingesperrt, inhaftiert; abgeschlossen; geschlußfolgert"
"звон","Läuten, Geläute, Gebimmel; Klirren, Klingen, Klang"
"угада́ть","raten; erraten, erahnen"
"зака́з","Bestellung; Auftrag"
"доверя́ть","vertrauen, Vertrauen haben; anvertrauen"
"разу́мный","vernünftig, verständig, vernunftsmäßig, vernunftbegabt"
"чече́нец","Tschetschene"
"растеря́ться","den Kopf verlieren, orientierungslos sein; verwirrt sein, ratlos sein, verlegen sein"
"пра́ктика","Praxis, Erfahrung; Praktikum, Übung"
"сто́йка","Theke, Tresen, Schanktisch; Stand; Ständer, Pfosten, Säule, Träger"
"железнодоро́жный","Eisenbahn-, Bahn-, Zug-"
"интеллиге́нция","Intelligenzija"
"ла́мпочка","Glühbirne, Glühlampe; kleine Lampe"
"засты́ть","gerinnen, fest werden; erstarren"
"уве́ренно","sicher, überzeugt"
"сметь","wagen, sich trauen, das Recht haben, dürfen, können"
"ген","Gen"
"мы́шца","Muskel"
"благода́рность","Dank; Dankbarkeit, Erkenntlichkeit"
"щёлкнуть","klicken, knipsen, knacken; schnipsen, schnalzen"
"катего́рия","Kategorie, Gattung, Klasse"
"нквд","NKVD - Volkskommissariat für innere Angelegenheiten"
"уголо́вный","kriminell, Kriminal-; strafrechtlich, Straf-"
"тупо́й","dumm, unsensibel, stumpfsinnig, stupide; stumpf, dumpf"
"пу́говица","Knopf, Annähknopf"
"по́длинный","Original-, echt, authentisch, wahr, wirklich, wahrhaft"
"чётко","deutlich, klar; scharf, nicht verschwommen"
"вы́сказать","aussprechen, sagen, äußern"
"наступле́ние","Anbruch, Eintritt, Beginn; Angriff, Vorrücken, Vormarsch, Offensive"
"овердра́фт","Überziehungskredit"
"батопо́рт","Batoport, Trockenndock-Schwimmtor"
"хлебосо́льный","gastfreundlich"
"гекко́н","Gecko"
