"разви́тие","1) Entwicklung, Fortschritt, Wachstum"
"ва́жный","1) wichtig, bedeutend"
"банк","1) Bank, Geldinstitut"
"сове́т","1) Rat, Ratschlag 2) Beirat"
"сто́лько","1) so viel"
"возвраща́ться","1) zurückkommen, zurückkehren 2) zurückkommen"
"тру́бка","1) Rohr, Röhre 2) Pfeife, Tabakpfeife 3) Hörer"
"ладо́нь","1) Handfläche, (innere) Hand 2) Handteller"
"желе́зный","1) eisern, Eisen-"
"ока́зываться","1) sich herausstellen, sich erweisen, sich ergeben, sich entpuppen 2) sich befinden, geraten, gelangen"
"институ́т","1) Institut 2) Institution 3) (Fach)hochschule"
"потеря́ть","1) verlieren"
"прави́тельство","1) Regierung, Kabinett"
"остально́й","1) übrig, restlich 2) sonstig"
"вы́пить","1) trinken 2) austrinken"
"пока́зывать","1) zeigen, vorführen, herzeigen, vorzeigen, vorweisen 2) aufzeigen, aufweisen"
"иде́я","1) Idee, Gedanke, Einfall"
"то́чка","1) Punkt 2) Punkt"
"у́ровень","1) Ebene, Niveau 2) Level, Stand, Höhe 3) Wasserwaage"
"профе́ссор","1) Professor"
"нау́ка","1) Wissenschaft"
"собы́тие","1) Ereignis, Erlebnis 2) Geschehnis, Begebenheit"
"сою́з","1) Bund, Bündnis 2) Union, Allianz, Verband 3) Konjunktion, Bindewort"
"коро́ль","1) König"
"полови́на","1) Hälfte, Mitte 2) halb"
"метр","1) Meter, Metermaß"
"отда́ть","1) weggeben, zurückgeben 2) hingeben, anvertrauen, schicken 3) abgeben 4) ausgeben"
"ве́ра","1) Glaube, Glaubensbekenntnis, Religion 2) Zuversicht, Vertrauen"
"кивну́ть","1) nicken"
"о́бласть","1) Gebiet, Region, Gegend 2) Bereich, Fachbereich 3) Oblast, Bezirk"
"исче́знуть","1) verschwinden, verlorengehen"
"ситуа́ция","1) Situation, Lage"
"ку́хня","1) Küche"
"наде́жда","1) Hoffnung"
"род","1) Art, Sorte 2) Geschlecht, Genus 3) Gattung"
"офице́р","1) Offizier"
"си́ний","1) tiefblau, indigo 2) blau, betrunken"
"тече́ние","1) Verlauf, Ablauf, Lauf 2) Strömung, Tendenz, Trend, Richtung"
"информа́ция","1) Information"
"получи́ться","1) gelingen, klappen, schaffen 2) geschehen, werden, kommen, sich ergeben, herauskommen, entstehen"
"по́мочь","1) die Hilfe"
"тёплый","1) warm 2) herzlich"
"мо́лча","1) schweigend, wortlos, stumm"
"неме́цкий","1) deutsch"
"ви́димо","1) augenscheinlich 2) wohl.."
"бить","1) schlagen 2) zerschlagen, zerbrechen 3) quellen, sprudeln"
"ча́стый","1) häufig, wiederholt 2) dicht, gedrängt, aufeinanderfolgend, feinmaschig"
"по́здний","1) spät 2) verspätet"
"созда́ть","1) erschaffen, schaffen, schöpfen 2) erstellen, erzeugen, produzieren, entwickeln, verursachen 3) gründen, begründen, hervorbringen"
"со́рок","1) vierzig"
"грани́ца","1) Grenze, Grenzlinie"
"слеза́","1) Träne, Weinen"
"поско́льку","1) da, insofern 2) weil"
"расска́з","1) Erzählung, Geschichte 2) Bericht"
"вспомина́ть","1) sich erinnern, sich entsinnen, zurückdenken"
"получа́ть","1) bekommen, erhalten, gewinnen 2) empfangen"
"трава́","1) Gras, Rasen 2) Kraut, Gewürzkraut"
"упа́сть","1) fallen, stürzen, hinfallen, umfallen 2) sinken"
"три́дцать","1) dreißig"
"борьба́","1) Kampf, Ringen, Ringkampf"
"доста́ть","1) beschaffen, besorgen, auftreiben 2) herausholen, herausnehmen 3) ausreichen, reichen 4) reichen, gelangen 5) zur Weißglut bringen, nerven, auf den Keks gehen"
"ше́я","1) Hals"
"деся́ток","1) Zehn, zehn Stück 2) Dekade, Jahrzehnt"
"наде́яться","1) hoffen, rechnen mit 2) sich verlassen, darauf bauen"
"толпа́","1) Menschenmenge, Menge, Horde, Schar, Menschenmasse"
"моско́вский","1) Moskauer"
"пра́вило","1) Regel, Vorschrift, Norm"
"прави́ло","1) Rute (von Tieren), Schwanz 2) Richtstück, Abstreicher 3) Ruder"
"слать","1) schicken, senden"
"придти́сь","1) müssen 2) passen 3) entfallen auf, fallen auf"
"вздохну́ть","1) seufzen, aufatmen"
"уве́ренный","1) sicher, selbstsicher 2) überzeugt, zuversichtlich"
"неизве́стный","1) unbekannt, nicht bekannt 2) anonym"
"програ́мма","1) Programm"
"фами́лия","1) Familienname, Nachname, Name"
"звук","1) Laut, Klang 2) Geräusch, Ton"
"рома́н","1) Roman 2) Romanze, Affäire"
"неожи́данно","1) unerwartet, wider Erwarten 2) unvermutet"
"вон","1) raus, verschwinde 2) dort, da 3) Won 4) drüben 5) drüben"
"то́нкий","1) dünn, schlank 2) fein, zart, verfeinert 3) feinsinnig, subtil, nuanciert"
"вну́тренний","1) innerlich, inner(er), intern 2) Innen-, Binnen-"
"роль","1) Rolle, Walze"
"созна́ние","1) Bewusstsein, Besinnung"
"ве́рный","1) richtig, wahr 2) treu, ergeben 3) sicher, zuverlässig"
"кома́нда","1) Mannschaft, Team, Trupp, Crew, Besatzung 2) Kommando, Befehl"
"прекра́сный","1) schön, wunderbar 2) herrlich, prächtig, prachtvoll, glänzend 3) ausgezeichnet, vortrefflich"
"петь","1) singen, tirilieren, krähen"
"магази́н","1) Geschäft, Laden 2) Magazin"
"впервы́е","1) zum ersten Mal, erstmalig"
"америка́нский","1) amerikanisch"
"во́рот","1) Winde, Haspel, Seilwinde,  2) Kragen, Halsausschnitt"
"прости́ть","1) verzeihen, vergeben 2) erlassen 3) Lebewohl sagen, Adieu sagen"
"полко́вник","1) Oberst"
"приро́да","1) Natur 2) Naturell, Wesen, Charakter"
"си́льно","1) stark, kräftig, heftig"
"за́пах","1) Geruch, Duft"
"поэ́т","1) Dichter"
"райо́н","1) Kreis, Bezirk, Rayon, Distrikt, Ortsteil 2) Gebiet, Region, Gegend"
"лист","1) Blatt"
"лист","1) Blatt Papier, Bogen Papier, Blech 2) Dokument"
"переста́ть","1) aufhören, etwas bleiben lassen 2) beenden, enden, erlöschen, "
"стекло́","1) Glas, Glasscheibe, Glaswaren"
"коли́чество","1) Quantität, Menge 2) Anzahl, Zahl"
"эта́ж","1) Etage, Geschoß 2) Stockwerk, Stock, "
"тип","1) Typ, Typus 2) Art"
"пожа́ловать","1) zu Besuch kommen 2) begünstigen, die Gunst erweisen, verleihen, adeln"
"свобо́да","1) Freiheit"
"сапо́г","1) Stiefel"
"суд","1) Gericht 2) Gerichtsverhandlung, Urteil"
"чей","1) wessen, dessen, deren"
"дед","1) Großvater"
"лоб","1) Stirn"
"кре́сло","1) Sessel, Lehnsessel"
"дочь","1) Tochter"
"серьёзный","1) ernst, ernsthaft, ernstlich 2) seriös, ernst gemeint, ernstzunehmend"
"ожида́ть","1) erwarten 2) warten, abwarten"
"хара́ктер","1) Charakter"
"о́пыт","1) Erfahrung, Praxis 2) Routine 3) Versuch, Experiment"
"пло́щадь","1) Platz, Fläche, Flächeninhalt"
"вновь","1) erneut, von neuem 2) wieder, nochmals"
"появля́ться","1) erscheinen (persönlich), auftauchen, auftreten, aufkommen, sich bilden 2) sich zeigen, sichtbar werden, zum Vorschein kommen"
"управле́ние","1) Verwaltung, Leitung, Administration, Direktion 2) Steuerung, Bedienung, Lenkung, Beherrschung 3) Rektion"
"свя́занный","1) verbunden 2) gebunden, zusammengebunden 3) zusammenhängen"
"мне́ние","1) Meinung, Ansicht"
"впереди́","1) vor 2) vorn, voran"
"испо́льзовать","1) benutzen, verwenden 2) ausnutzen, nutzen, verwerten"
"взгляну́ть","1) ansehen, anblicken, einen Blick werfen"
"револю́ция","1) Revolution"
"улы́бка","1) Lächeln"
"рост","1) Wachstum 2) Körpergröße, Wuchs 3) Anstieg, Anwachsen, Zuwachs"
"ло́шадь","1) Pferd"
"глубо́кий","1) tief 2) tiefgreifend, gründlich"
"ле́вый","1) linke(r, s), linksgerichtet 2) link, (illegal, ungesetzlich)"
"ко́жа","1) Haut 2) Leder"
"при́шлый","1) zugewandert"
"звезда́","1) Stern, Star"
"по́езд","1) Zug"
"протяну́ть","1) ausstrecken, reichen 2) ziehen, strecken, spannen, in die Länge ziehen 3) legen, verlegen 4) langsam sprechen, gedehnt sprechen"
"служи́ть","1) dienen"
"уе́хать","1) wegfahren, fortfahren, abreisen, verreisen 2) weggehen, verlassen"
"пове́рить","1) glauben,  2) vertrauen"
"ба́ба","1) Weib, Frauenzimmer, Bauernfrau 2) Oma 3) Gugelhupf"
"не́чего","1) nichts"
"цвето́к","1) Blume, Blüte"
"жела́ние","1) Wunsch, Wille, Willen 2) Verlangen, Lust, Begierde"
"боле́знь","1) Krankheit"
"вызыва́ть","1) hervorrufen, auslösen, erregen, verursachen, erzeugen, bewirken 2) herbeirufen, ausrufen, bestellen, kommen lassen"
"называ́ться","1) heißen, genannt werden"
"встре́тить","1) treffen, begegnen"
"сосе́д","1) Nachbar"
"приме́р","1) Beispiel, Exempel 2) Musterbeispiel, Vorbild"
"разгова́ривать","1) sprechen, reden, sich unterhalten 2) zum Sprechen bringen, ins Gespräch einbeziehen"
"позво́лить","1) erlauben, gestatten, sich leisten, sich gönnen, zulassen 2) ermöglichen, befähigen"
"обнару́жить","1) aufdecken, herausfinden, zum Vorschein bringen 2) entdecken, zeigen, feststellen, an den Tag legen"
"да́ма","1) Dame"
"поверну́ться","1) sich umdrehen, sich wenden"
"о́рган","1) Organ"
"орга́н","1) Orgel"
"по́ле","1) Feld, Acker"
"я́щик","1) Kasten, Kiste 2) Fach, Schubfach, Schublade"
"цена́","1) Preis 2) Wert"
"подходи́ть","1) herantreten, kommen, sich nähern, heranrücken 2) passen, geeignet sein"
"горя́чий","1) heiß 2) feurig, hitzig, heftig, leidenschaftlich"
"ми́лый","1) lieb, nett 2) süß, hübsch"
"сла́бый","1) schwach, schwächlich, gebrechlich, leistungsschwach, kraftlos, schlaff, matt 2) locker, lose"
"ах","1) ach, ah"
"ка́рта","1) Karte, Landkarte, Spielkarte"
"сла́ва","1) Ruhm, Ruf"
"ра́дость","1) Freude"
"зато́","1) dafür, aber 2) hingegen"
"тень","1) Schatten, Schattenbild 2) Schemengestalt, Spukbild, Geist"
"висе́ть","1) hängen, baumeln"
"опера́ция","1) Operation"
"вы́глядеть","1) aussehen, wirken"
"де́йствовать","1) handeln, agieren, verfahren, vorgehen 2) wirken, funktionieren, in Betrieb sein, in Kraft sein, gültig sein, gelten"
"нести́","1) tragen 2) herbringen, bringen 3) hertreiben, herwehen 4) treiben (fabrizieren)"
"му́зыка","1) Musik"
"голубо́й","1) hellblau, himmelblau 2) schwul"
"горе́ть","1) brennen, in Flammen stehen, leuchten, glänzen, strahlen, glühen"
"заво́д","1) Betrieb, Fabrik, Werk 2) Antrieb, Aufziehmechanismus"
"доба́вить","1) hinzufügen, dazugeben, dazutun 2) ergänzen"
"ле́то","1) Sommer"
"весьма́","1) sehr, äußerst, höchst 2) ziemlich, überaus"
"сади́ться","1) sich setzen, sich hinsetzen, Platz nehmen 2) einsteigen 3) Sonne geht unter"
"и́бо","1) denn, weil, da"
"ме́лкий","1) klein, Klein-, fein 2) seicht, flach"
"помога́ть","1) helfen"
"люби́мый","1) Lieblings- 2) Liebling, Liebster"
"по́вод","1) Anlass, Veranlassung, Motiv, Grund, Vorwand"
"во́ля","1) Wille 2) Freiheit"
"де́тский","1) kindlich, kindisch 2) Kinder-"
"дура́к","1) Dummkopf, Schwachkopf, Trottel, Narr, Depp 2) Durak"
"прика́з","1) Befehl, Kommando, Order 2) Anordnung, Anweisung"
"граждани́н","1) Bürger, Staatsbürger"
"интере́сно","1) interessant, es ist interessant"
"счастли́вый","1) glücklich"
"кры́ша","1) Dach 2) Beschützer, Schutzorganisation, Kryscha"
"цвет","1) Farbe 2) Blüte 3) Blume"
"весёлый","1) fröhlich 2) lustig, heiter"
"повтори́ть","1) wiederholen"
"невозмо́жно","1) unmöglich, es ist unmöglich, es ist nicht möglich"
"статья́","1) Artikel, Aufsatz, Beitrag 2) Posten 3) Paragraph, Klausel"
"круг","1) Kreis, Ring 2) Scheibe 3) Runde 4) Spektrum"
"столь","1) so, solch"
"факт","1) Fakt, Tatsache, "
"бок","1) Seite, Flanke"
"относи́ться","1) sich verhalten 2) sich beziehen, betreffen, angehen"
"причём","1) dabei"
"учи́ться","1) erlernen, lernen 2) studieren"
"удиви́ться","1) überrascht sein,  2) erstaunt sein 3) sich wundern"
"сре́дний","1) durchschnittlich, Durchschnitts- 2) Mittel-, der mittlere, mittelmäßig 3) sächlich, neutral"
"совреме́нный","1) modern, zeitgenössisch, zeitgemäß 2) Gegenwarts-, gegenwärtig"
"ла́герь","1) Lager"
"во́йско","1) Kriegsheer, Armee, Truppe 2) Heerschar"
"неда́вно","1) jüngst, kürzlich, unlängst, neulich, vor kurzem"
"удово́льствие","1) Vergnügen, Spaß, Freude, Wohlgefallen"
"во́зраст","1) Alter, Lebensalter"
"поги́бнуть","1) zugrunde gehen, untergehen, eingehen, ums Leben kommen, umkommen"
"спосо́бный","1) fähig, -fähig 2) begabt"
"ле́стница","1) Treppe, Stiege 2) Leiter 3) Aufgang, Treppenhaus"
"держа́ться","1) sich festhalten 2) halten, sich halten, auftreten, anhalten 3) befolgen 4) an etwas befestigt sein, haften"
"мини́стр","1) Minister"
"фронт","1) Front"
"переда́ть","1) übermitteln, übertragen, senden 2) übergeben, überbringen, ausrichten, weiterleiten 3) schildern, darstellen, berichten, sagen 4) vererben, übertragen"
"обра́тно","1) zurück, zurück-, retour 2) entgegengesetzt, umgekehrt, gegenteilig"
"стреля́ть","1) schießen, feuern"
"Петербу́рг","1) (Sankt) Petersburg"
"неуже́ли","1) wirklich, im Ernst 2) tatsächlich"
"сад","1) Garten, Obstgarten"
"проводи́ть","1) durchführen, ausführen 2) führen, geleiten, begleiten, bringen 3) verbringen, zubringen"
"зада́ча","1) Aufgabe, Problem, Rechenaufgabe"
"о́стрый","1) scharf, spitz, beißend, stechend 2) akut, heftig, dringend"
"мол","1) angeblich, wohl, sagt er, sagt sie"
"осторо́жно","1) vorsichtig, behutsam"
"входи́ть","1) eintreten, betreten, hereinkommen 2) hineingehen, beinhalten 3) eindringen"
"темнота́","1) Dunkelheit 2) Unwissenheit, Ignoranz"
"назва́ние","1) Name, Bezeichnung, Benennung 2) Titel"
"дви́гаться","1) sich bewegen, gehen, fahren, in Bewegung sein, sich rühren"
"возни́кнуть","1) entstehen, auftreten, aufkommen"
"большинство́","1) Großteil 2) Mehrheit, die meisten"
"организа́ция","1) Organisierung, Organisation, Gestaltung, Einrichtung, Institution"
"дым","1) Rauch"
"вы́сший","1) höchster 2) Oberst-, oberster"
"киломе́тр","1) Kilometer"
"позвони́ть","1) klingeln 2) anrufen, telefonieren"
"закрича́ть","1) zu schreien beginnen, losschreien, rufen 2) anbrüllen"
"ра́ди","1) wegen, zu, für 2) um ... willen 3) ... halber"
"председа́тель","1) Vorsitzender 2) Vorstand"
"приказа́ть","1) befehlen, anordnen, lassen"
"прямо́й","1) gerade, unmittelbar 2) direkt, Direkt-, offen, aufrichtig"
"про́чее","1) Sonstiges 2) Übriges, Restliches"
"слегка́","1) leicht, leise, seicht 2) flüchtig, nebenbei, beiläufig"
"попро́бовать","1) probieren, versuchen, kosten"
"вско́ре","1) bald"
"вверх","1) nach oben, herauf-, hinauf-"
"ночно́й","1) Nacht-, nächtlich"
"до́ллар","1) Dollar"
"носи́ть","1) tragen"
"выраже́ние","1) Äußerung 2) Redensart 3) Gesichtsausdruck 4) Losungswort"
"ко́нчиться","1) enden, zu Ende gehen, ausgehen, aufhören"
"пла́кать","1) weinen"
"танк","1) Panzer, Tank"
"меша́ть","1) mischen, rühren, umrühren 2) stören, hindern, erschweren, im Weg stehen"
"сухо́й","1) trocken, dürr, vertrocknet, getrocknet, Trocken-"
"зима́","1) Winter"
"знак","1) Zeichen"
"получа́ться","1) gelingen, klappen, schaffen 2) geschehen, werden, kommen, sich ergeben, herauskommen, entstehen"
"мозг","1) Gehirn, Hirn 2) Mark, Knochenmark"
"учи́тель","1) Lehrer"
"жела́ть","1) wünschen, wollen, begehren"
"обяза́тельно","1) unbedingt, bestimmt 2) notwendig, unumgänglich 3) verpflichtend, verbindlich"
"майо́р","1) Major"
"привы́кнуть","1) sich gewöhnen, gewöhnt sein"
"поня́тно","1) verständlich 2) verstehbar, deutlich 3) klar, begreiflich 4) verständlicherweise"
"суди́ть","1) beurteilen, bewerten, urteilen 2) schlussfolgern, auf etwas  schließen 3) verurteilen 4) vor Gericht stellen, richten"
"тишина́","1) Stille, Ruhe"
"очередно́й","1) folgend, nächst 2) regulär, ordentlich, erneut"
"де́ятельность","1) Tätigkeit 2) Aktivität, Beschäftigung 3) Funktion"
"США","1) USA, Vereinigte Staaten von Amerika"
"ры́ба","1) Fisch"
"щека́","1) Wange, Backe"
"пти́ца","1) Vogel, seltsamer Vogel 2) Geflügel"
"обеща́ть","1) versprechen"
"стра́шно","1) furchtbar 2) schrecklich 3) bange"
"ста́вить","1) stellen, aufstellen, hinstellen, setzen 2) einstellen, einsetzen, ernennen 3) setzen, bringen, stellen, aufwerfen 4) aufführen, drehen"
"стра́нно","1) seltsam, merkwürdig 2) sonderbar, fremdartig, schrullig"
"каса́ться","1) berühren, streifen, tangieren 2) betreffen, anbelangen"
"во́дка","1) Wodka, Wässerchen, Schnaps"
"зда́ние","1) Gebäude"
"коло́ть","1) stechen, pieksen 2) ausstechen, (heraus)stechen 3) spalten, zerhacken, knacken"
"зе́ркало","1) Spiegel"
"собра́ться","1) sich versammeln, zusammenkommen, sich sammeln, sich anhäufen 2) sich bereitmachen, beabsichtigen, sich anschicken, die Absicht haben, sich fertigmachen"
"иску́сство","1) Kunst, Fertigkeit"
"нача́ло","1) Anfang, Start 2) Beginn 3) Ursprung, Basis, Grundprinzip"
"па́хнуть","1) riechen, duften, stinken"
"возника́ть","1) entstehen, auftreten, aufkommen"
"несмотря́","1) trotz, obwohl, ungeachtet"
"ваго́н","1) Waggon 2) Wagen, "
"отсю́да","1) von hier, daraus, hieraus 2) daher, deshalb"
"автома́т","1) Automat 2) Münzfernsprecher, Telefonzelle 3) automatische Waffe"
"све́жий","1) frisch, quellfrisch, kühl"
"мо́крый","1) feucht, klamm 2) nass"
"мили́ция","1) Miliz, Polizei"
"срок","1) Termin 2) Frist"
"боево́й","1) Kampf-, Gefechts- 2) kämpferisch, kriegerisch"
"споко́йный","1) ruhig, still,  2) gelassen, friedlich, "
"оде́жда","1) Kleidung, Bekleidung, Kleider"
"здоро́вый","1) gesund"
"кора́бль","1) Schiff"
"кула́к","1) Faust 2) Eigennutz, Geizkragen, Egoist 3) Kulak, Großbauer 4) Ballungszentrum"
"худо́жник","1) Maler, Kunstmaler 2) Künstler"
"курс","1) Kurs 2) Lehrgang 3) Studienjahr 4) Richtung"
"куст","1) Busch 2) Strauch"
"соста́в","1) Zusammensetzung, Zutaten, Gemisch 2) Bestand, Besetzung, Kontingent 3) Zug"
"за́падный","1) westlich, West-"
"лете́ть","1) fliegen"
"я́вно","1) offensichtlich, offenbar 2) erkennbar, unverkennbar"
"чу́до","1) Wunder, Mysterium, übernatürliches Phänomen 2) Wunderwerk 3) wundersames Geschöpf, Fabelwesen, rätselhafte Erscheinung"
"кра́йний","1) äußerst, extrem 2) allerletzt 3) Rand-, am Rande gelegen, Grenz-"
"кусо́к","1) Stück, Scheibe, Bissen 2) Tausender, eintausend"
"интере́сный","1) interessant"
"заяви́ть","1) erklären, geltend machen, äußern 2) melden"
"отту́да","1) von dort, von da"
"фи́рма","1) Firma"
"миллио́н","1) Million"
"разуме́ться","1) selbstverständlich, natürlich, gewiß 2) zu verstehen sein, gemeint sein"
"простра́нство","1) Raum, Bereich, Erstreckung"
"те́ма","1) Thema"
"начина́ться","1) anfangen, beginnen, losgehen"
"мирово́й","1) Welt-, Friedens- 2) global"
"уда́рить","1) schlagen, einen Schlag versetzen"
"напомина́ть","1) erinnern 2) mahnen"
"заста́вить","1) zwingen, nötigen 2) verrammeln, vollstellen"
"ли́ния","1) Linie, Leitung"
"поговори́ть","1) reden, sprechen"
"мешо́к","1) Sack, Beutel"
"наве́рно","1) wahrscheinlich, vielleicht 2) wohl, sicher, bestimmt"
"ба́бушка","1) Großmutter, Oma"
"крик","1) Schrei, Geschrei 2) Ruf, Ausruf"
"рот","1) Mund"
"су́тки","1) Tag und Nacht, 24 Stunden"
"ключ","1) Schlüssel 2) Quelle"
"звони́ть","1) klingeln 2) anrufen, telefonieren"
"проце́нт","1) Prozent 2) Zins, Rendite"
"ощуще́ние","1) Empfindung, Gefühl"
"неме́дленно","1) sofort, sofortig 2) unverzüglich, auf der Stelle, umgehend"
"о́стров","1) Insel"
"конь","1) Pferd, Ross, Springer 2) Hengst"
"объяви́ть","1) verkünden, offiziell erklären 2) bekanntgeben, ankündigen, mitteilen"
"у́зкий","1) eng, eingeschränkt 2) schmal, eng i.S.v. knapp"
"теа́тр","1) Theater"
"живо́т","1) Bauch"
"произво́дство","1) Produktion, Fertigung, Erzeugung, Herstellung 2) Betrieb"
"штаб","1) Stab"
"де́тство","1) Kindheit"
"ре́зко","1) abrupt, plötzlich 2) scharf, schroff, hart, krass"
"приду́мать","1) ausdenken 2) erfinden 3) ersinnen"
"бро́ситься","1) stürzen, sich werfen, sich stürzen 2) eilen"
"со́тня","1) Hundert, hundert 2) Hunderter, Hundertrubelschein 3) Hundertschaft"
"попыта́ться","1) versuchen, probieren"
"стака́н","1) Glas"
"тро́е","1) drei"
"материа́л","1) Material 2) Stoff, Werkstoff"
"у́жас","1) Schrecken, Grauen 2) Entsetzen, Grusel, Horror"
"схвати́ть","1) greifen, packen, schnappen, ergreifen, aufgreifen, erwischen, habhaft werden 2) fassen, begreifen, erfassen 3) sich holen, sich zuziehen"
"приня́ться","1) anfangen, sich vornehmen, anpacken 2) Wurzeln schlagen, anwachsen 3) sich vornehmen"
"значе́ние","1) Bedeutung, Wichtigkeit, Bedeutsamkeit, Sinn 2) Wert, Belang, Rang"
"труба́","1) Rohr, Röhre 2) Trompete"
"отказа́ться","1) ablehnen, aussschlagen, verweigern 2) verzichten, zurückweisen, aufgeben"
"винова́тый","1) schuldig 2) schuldbewusst"
"стих́","1) Vers, Gedicht"
"спо́соб","1) Art, Weise, Methode, Verfahren"
"обстоя́тельство","1) Umstand, Sachlage 2) Adverbiale, Umstandsbestimmung"
"четвёртый","1) der vierte"
"сте́пень","1) Ausmaß 2) Potenz"
"Герма́ния","1) Deutschland"
"СССР","1) UdSSR (Union der Sozialistischen Sowjetrepubliken)"
"отпра́виться","1) aufbrechen, losgehen, abfahren, abreisen 2) sich begeben"
"встава́ть","1) aufstehen, sich erheben"
"волна́","1) Welle"
"обрати́ться","1) sich wenden an, sich richten an 2) umgehen mit, behandeln 3) umlaufen, in Umlauf sein"
"мёртвый","1) tot"
"предлага́ть","1) vorschlagen, ersuchen, verlangen 2) anbieten, offerieren"
"глубина́","1) Tiefe 2) Tiefgründigkeit"
"специа́льный","1) speziell, Spezial-, extra, fachlich 2) Sonder-, besonder"
"представи́тель","1) Vertreter, Repräsentant"
"нож","1) Messer"
"то́чный","1) genau, exakt, präzis 2) pünktlich"
"ры́нок","1) Markt, Markthalle"
"шум","1) Lärm 2) Geräusch, Rauschen, Brausen"
"студе́нт","1) Student"
"впечатле́ние","1) Eindruck, Impression"
"засмея́ться","1) auflachen, in Lachen ausbrechen"
"отде́л","1) Abteilung, Teil, Rubrik"
"за́пад","1) Westen"
"очко́","1) Punkt, Wertungspunkt 2) Klobrille"
"па́дать","1) fallen, stürzen, umfallen 2) abstürzen, sinken, absinken 3) entfallen, zuteil werden"
"зако́нчить","1) beenden, fertig sein, zum Schluss kommen, abschließen"
"снима́ть","1) ausziehen, abnehmen 2) aufnehmen, fotografieren, filmen 3) mieten 4) abheben 5) abnehmen, abhängen, herunternehmen"
"успе́х","1) Erfolg, Gelingen 2) Fortschritt, "
"инжене́р","1) Ingenieur, Diplomingenieur"
"населе́ние","1) Bevölkerung, Einwohnerschaft"
"живо́тный","1) tierisch, Tier-"
"встреча́ться","1) sich treffen, begegnen 2) vorkommen"
"не́кий","1) ein gewisser, ein bestimmter"
"вдоль","1) entlang, längs, der Länge nach"
"пыль","1) Staub"
"следи́ть","1) folgen, verfolgen 2) beobachten, überwachen, observieren, bespitzeln 3) achten, achtgeben, aufpassen, sorgen"
"заходи́ть","1) hineingehen, eintreten 2) vorbeischauen, kurz besuchen"
"спасти́","1) retten"
"зна́ние","1) Kenntnis 2) Wissen"
"разли́чный","1) verschieden, verschiedenartig 2) unterschiedlich, allerlei"
"секрета́рь","1) Sekretär, Schriftführer, Protokollführer"
"побежа́ть","1) loslaufen, losrennen"
"оши́бка","1) Fehler, Rechenfehler 2) Irrtum, Versehen 3) Abweichung"
"бое́ц","1) Kämpfer 2) Soldat, "
"же́нский","1) weiblich 2) Frauen-, Damen-"
"ма́сса","1) Masse, Menge"
"чёрт","1) Teufel, Unhold"
"одновре́менно","1) gleichzeitig, zu gleicher Zeit 2) zugleich"
"царь","1) Zar, Herrscher, König"
"есте́ственно","1) natürlich 2) selbstverständlich"
"позволя́ть","1) erlauben, gestatten, sich leisten, sich gönnen, zulassen 2) ermöglichen, befähigen"
"закры́ть","1) schließen, zumachen, dichtmachen, abschließen, verschließen, absperren 2) bedecken, zudecken"
"фигу́ра","1) Figur, Persönlichkeit"
"веле́ть","1) befehlen, anordnen, gebieten"
"проти́вник","1) Gegner, Kontrahent, Widersacher, Feind"
"даль","1) Weite 2) Ferne"
"знамени́тый","1) berühmt, bekannt"
"журна́л","1) Zeitschrift, Journal, Magazin"
"направле́ние","1) Richtung, Strömung, Tendenz 2) Einweisung, Überweisung 3) Zuweisung"
"за́мок","1) Schloss, Burg"
"замо́к","1) Schloss, Türschloss"
"име́ться","1) zu haben sein, vorhanden sein, verfügbar sein, existieren 2) vorliegen, bestehen"
"побе́да","1) Sieg, Erfolg"
"суме́ть","1) fertigbringen, schaffen 2) können"
"сотру́дник","1) Mitarbeiter, Kollege, der Angestellte"
"заговори́ть","1) ansprechen, anfangen zu sprechen, loslegen 2) zu sprechen kommen, ansprechen, anreden 3) vollreden, auf jemanden einreden, volllabern"
"кре́пкий","1) stark 2) fest 3) hart"
"поднима́ться","1) steigen, hinaufsteigen, besteigen, ansteigen 2) sich erheben, aufstehen"
"вы́тащить","1) herausziehen, herausholen, herausbekommen"
"ре́дкий","1) selten, spärlich, schütter, licht, dünn"
"мя́гкий","1) weich, zart, gedämpft 2) mild, sanft"
"городско́й","1) Stadt-, städtisch, Stadtverkehr"
"социа́льный","1) sozial, Sozial-"
"а́дрес","1) Adresse, Anschrift, Grußadresse, Ehrenschreiben"
"обраща́ться","1) umgehen, behandeln 2) sich wenden an, sich richten an 3) umlaufen, in Umlauf sein"
"пери́од","1) Periode, Zeitraum, Zeitspanne"
"евре́й","1) Hebräer,  2) Jude"
"слух","1) Gehör 2) Gerücht"
"по́льзоваться","1) nutzen, benutzen, verwenden, gebrauchen 2) zueigen sein"
"ве́рно","1) richtig, wahr, (ist) sicher, stimmt 2) treu, ergeben"
"хвост","1) Schwanz, Ende 2) Schweif"
"по́шлый","1) flach, platt 2) verbreitet, gewöhnlich, abgeschmackt"
"предме́т","1) Gegenstand, Sache, Ding, Artikel 2) Fach, Lehrfach 3) Thema"
"честь","1) glauben, meinen, denken, erwägen 2) zählen, rechnen"
"обще́ственный","1) öffentlich, sozial, gemeinschaftlich, ehrenamtlich 2) Gesellschafts-, gesellschaftlich"
"открыва́ть","1) öffnen, aufmachen 2) eröffnen, beginnen 3) aufdecken 4) entdecken!"
"отде́льный","1) getrennt, gesondert, separat, Sonder- 2) einzeln, Einzel-"
"лече́ние","1) Heilung, Therapie, Behandlung 2) Kur"
"экономи́ческий","1) Wirtschafts-, wirtschaftlich, ökonomisch, wirtschaftswissenschaftlich"
"взя́ться","1) herkommen 2) anfassen, sich machen, sich verpflichten, auf sich nehmen"
"встре́титься","1) sich treffen, begegnen"
"зре́ние","1) Sehkraft, Sehvermögen, Augenlicht 2) Sicht, Sehen"
"замеча́ть","1) bemerken, merken, sagen, eine Bemerkung machen"
"наблюда́ть","1) beobachten, zusehen, beaufsichtigen, aufpassen"
"наоборо́т","1) umgekehrt, verkehrt, dagegen, im Gegenteil"
"го́лый","1) nackt, bloß, kahl"
"кру́глый","1) rund, ganz 2) kreisförmig, kreisrund, zirkular"
"беда́","1) Unglück, Unheil, Misere, Leid 2) Probleme, Schwierigkeiten"
"столи́ца","1) Hauptstadt"
"обе́д","1) Mittagessen, Essen 2) Mittag, Mittagspause"
"опусти́ть","1) senken, herablassen 2) herunterlassen, fallenlassen 3) einwerfen"
"культу́ра","1) Kultur"
"спе́шить","1) zum Absitzen zwingen, absteigen lassen, absitzen lassen"
"спеши́ть","1) eilen, hasten, hetzen, sich beeilen 2) vorgehen"
"высота́","1) Höhe"
"террито́рия","1) Territorium, Gebiet, Gelände"
"костю́м","1) Anzug 2) Kostüm, Tracht"
"све́тлый","1) hell, klar 2) licht"
"деревя́нный","1) hölzern, Holz-"
"гора́здо","1) viel 2) weitaus"
"по́здно","1) spät"
"оберну́ться","1) sich umdrehen, sich umwenden 2) sich einwickeln, umwickelt werden 3) sich herausstellen, sich entpuppen 4) zurechtkommen, sich aus der Affäre ziehen 5) verzaubert werden, verwandelt werden"
"попы́тка","1) Versuch, Anstrengung"
"дно","1) Grund 2) Boden"
"пятьдеся́т","1) fünfzig"
"по́лностью","1) vollständig, völlig, ganz, restlos"
"страни́ца","1) Seite"
"ли́шний","1) überflüssig, unnötig 2) überschüssig, überzählig, Über-"
"разме́р","1) Größe, Abmessung, Betrag, Höhe, Dimension 2) Ausmaß 3) Maß, Rythmus"
"кури́ть","1) rauchen"
"состоя́ть","1) bestehen aus, sich zusammensetzen, sein"
"предприя́тие","1) Betrieb 2) Unternehmen"
"сце́на","1) Bühne, Auftritt 2) Szene, Episode"
"англи́йский","1) englisch"
"просну́ться","1) erwachen, aufwachen"
"устро́ить","1) veranstalten, organisieren 2) in Ordnung bringen, ordnen 3) recht sein, passen 4) verschaffen, unterbringen"
"понра́виться","1) gefallen, gern haben 2) mögen, stehen auf"
"яви́ться","1) erscheinen, auftauchen, sich einfinden, kommen 2) sich erweisen, sein, darstellen"
"фотогра́фия","1) Foto, Aufnahme 2) Fotografie, Fotografieren 3) Fotoatelier"
"заболева́ние","1) Erkrankung, Krankheit"
"при́нцип","1) Prinzip, Grundsatz"
"миг","1) Augenblick"
"Евро́па","1) Europa"
"ны́нешний","1) derzeitig, heutig, jetzig, gegenwärtig"
"вероя́тно","1) wahrscheinlich, vermutlich, wohl 2) möglicherweise"
"тётя","1) Tante"
"лечь","1) sich hinlegen 2) sich legen"
"ма́стер","1) Meister, Handwerker, Könner"
"отря́д","1) Abteilung, Gruppe, Zug, Kommando 2) Einheit, Trupp"
"стару́ха","1) Alte, alte Frau 2) Greisin"
"руководи́тель","1) Leiter, Führer"
"жи́тель","1) Einwohner, Bewohner"
"меч","1) Schwert"
"нау́чный","1) wissenschaftlich, akademisch"
"дыша́ть","1) atmen, einen Atemzug tun 2) schnüffeln, sniffen"
"госпо́дь","1) Gott der Herr"
"наибо́лее","1) am meisten, höchst- 2) auch: больше всего"
"тюрьма́","1) Gefängnis"
"ой","1) oh, ups 2) au, autsch 3) verstärkend (was für, welch ein, solch)"
"подожда́ть","1) warten, erwarten, abwarten"
"ближа́йший","1) nächste 2) näheste, nächstgelegene"
"внутри́","1) innen, drinnen, innerhalb, in"
"дворе́ц","1) Palast"
"я́ркий","1) leuchtend, farbenfroh, markant, krass 2) hell, grell"
"учёный","1) gelehrt, wissenschaftlich 2) Wissenschaftler, der Gelehrte"
"ка́мера","1) Kamera 2) Kammer, Zelle"
"привезти́","1) bringen, liefern, herbringen"
"существо́","1) Wesen, Geschöpf, Kreatur, Figur 2) Wesentliche, Essenz, Kern, Hauptsache"
"сосе́дний","1) Nachbar- 2) benachbart"
"фра́за","1) Phrase 2) Satz"
"повторя́ть","1) wiederholen, noch einmal sagen"
"Аме́рика","1) Amerika"
"весна́","1) Frühling, Frühjahr"
"ло́дка","1) Boot"
"счита́ться","1) gelten, rechnen, zählen 2) gegenrechnen, Rechnung tragen 3) berücksichtigen, in Betracht ziehen"
"фильм","1) Film"
"больни́ца","1) Krankenhaus, Spital"
"смех","1) Lachen, Gelächter"
"специали́ст","1) Spezialist, Experte, Fachmann"
"образова́ние","1) Bildung, Gebilde, Schaffung, Entstehung, Formation 2) Ausbildung 3) Herausbildung"
"спасть","1) abfallen, herunterfallen, sinken, fallen, abnehmen"
"пя́тый","1) der fünfte"
"мальчи́шка","1) Bengel, Lausbub, Lausejunge 2) Junge, Knabe"
"проговори́ть","1) sagen, eine Weile sprechen 2) sich unterhalten, äußern"
"вы́брать","1) wählen, aussuchen, auswählen 2) wählen"
"тяжело́","1) schwer, jemand hat es schwer, es fällt jemandem schwer 2) schwierig, mühsam"
"определённый","1) bestimmt, klar festgesetzt, eindeutig 2) definitiv, ausdrücklich 3) gewiss (manch)"
"проду́кт","1) Produkt 2) Erzeugnis"
"пистоле́т","1) Pistole"
"разда́ться","1) ertönen, erschallen 2) in die Breite gehen, sich ausdehnen, sich ausweiten"
"постепе́нно","1) allmählich, nach und nach, schrittweise"
"ро́дина","1) Heimat, Vaterland"
"возмо́жный","1) möglich 2) denkbar, eventuell"
"ли́чность","1) Persönlichkeit, Person 2) Identität"
"со́бственно","1) eigentlich"
"собра́ть","1) sammeln, packen, zusammenpacken, einsammeln, ansammeln, versammeln, zusammenholen, zusammenrufen 2) zusammenfügen, zusammenbauen, montieren, zusammenstellen"
"насчёт","1) bezüglich, deswegen, betreffend"
"внима́тельно","1) aufmerksam, konzentriert"
"ско́рость","1) Geschwindigkeit, Schnelligkeit, Tempo 2) Gang"
"уча́сток","1) Anteil, Parzelle 2) Abschnitt, Strecke 3) Bereich, Gebiet, Bezirk, Distrikt, Terrain, Revier"
"техни́ческий","1) technisch"
"ви́димый","1) sichtbar, scheinbar 2) erkennbar"
"зверь","1) Tier 2) Bestie, Biest"
"вслед","1) hinterher 2) nach"
"е́здить","1) fahren, reisen, besuchen, kommen, sein"
"злой","1) böse, arg, boshaft, zornig"
"извини́ть","1) entschuldigen, verzeihen"
"ди́кий","1) wild"
"наро́дный","1) Volks- 2) völkisch, volkstümlich, volkseigen-"
"арти́ст","1) Künstler, Schauspieler, Artist"
"усмехну́ться","1) schmunzeln"
"автомоби́ль","1) Automobil, Auto, Kraftwagen, "
"уча́стие","1) Teilnahme, Beteiligung 2) Anteilnahme, Mitgefühl"
"кот","1) Kater 2) Schürzenjäger, Weiberheld"
"мост","1) Brücke 2) Achse"
"приме́рно","1) annähernd, etwa, ungefähr 2) beispielhaft, mustergültig, vorbildlich"
"находи́ть","1) finden"
"здоро́вье","1) Gesundheit"
"костёр","1) Feuer, Lagerfeuer, Scheiterhaufen"
"заходи́ть","1) hineingehen, eintreten, einloggen 2) aufsuchen, vorbeischauen, vorbeigehen 3) dahingehen, untergehen 4) abholen, holen"
"челове́чество","1) Menschheit"
"пу́ля","1) Kugel, Projektil 2) Geschoss"
"сомне́ние","1) Zweifel"
"морско́й","1) Meeres-, See-"
"отсу́тствие","1) Abwesenheit, Fehlen, Mangel"
"случа́йно","1) zufällig, zufälligerweise, durch Zufall, aus Versehen, versehentlich, übrigens"
"сло́жный","1) kompliziert, schwierig 2) zusammengesetzt, gemischt, mehrstufig"
"мя́со","1) Fleisch"
"не́что","1) etwas"
"собира́ть","1) sammeln, packen, zusammenpacken, einsammeln, versammeln 2) zusammenfügen, zusammenbauen, zusammenstellen"
"отме́тить","1) anmerken, bemerken, erwähnen, feststellen, vermerken, notieren 2) markieren, kennzeichnen 3) feiern, begehen, gedenken"
"истори́ческий","1) historisch, geschichtlich"
"чита́тель","1) Leser"
"доска́","1) Tafel, Wandtafel 2) Brett, Planke, Bohle"
"уби́йство","1) Mord, Ermordung, Totschlag"
"да́льний","1) fern, entlegen 2) entfernt, weit entfernt, weit"
"тяну́ть","1) ziehen, zerren, reißen 2) ziehen, sich hinziehen 3) verzögern, in die Länge ziehen, hinauszögern 4) wiegen 5) Druck ausüben 6) herausnehmen, herausziehen 7) strecken, recken 8) durchbringen"
"мгнове́ние","1) Augenblick, Moment"
"восто́к","1) Osten"
"обрати́ть","1) hinwenden, zuwenden, bekehren, lenken"
"отпусти́ть","1) gehen lassen, loslassen, freilassen, lassen, aus den Händen lassen, lockern 2) beurlauben, entlassen 3) nachlassen 4) wachsen lassen"
"бе́гать","1) laufen, joggen, rennen"
"настрое́ние","1) Stimmung 2) Laune, Gemütslage"
"означа́ть","1) bedeuten 2) bezeichnen, kennzeichnen, markieren"
"составля́ть","1) zusammenstellen, aufstellen, bilden 2) ausmachen, betragen, ergeben 3) verfassen, abfassen"
"реа́льный","1) wirklich 2) real, realistisch, reell, realisierbar, durchführbar"
"па́уза","1) Pause"
"приём","1) Aufnahme, Annahme 2) Empfang, Sprechstunde 3) Einnahme 4) Einstellung, Anstellung, Übernahme 5) Mittel, Methode"
"поро́г","1) Schwelle, Türschwelle, Stromschnelle"
"фон","1) Hintergrund, Untergrund, Grund 2) Phon 3) von"
"национа́льный","1) National-, national"
"вы́держать","1) aushalten, ertragen 2) bestehen, überstehen"
"я́сный","1) klar, hell, heiter, deutlich 2) deutlich"
"ве́село","1) fröhlich, lustig 2) spassmachend"
"пропа́сть","1) verschwinden 2) verlorengehen, verloren sein, abhanden kommen, weg sein, vergehen 3) dahin sein, zugrunde gehen"
"ры́жий","1) rothaarig, rot"
"постоя́нно","1) ständig, fortwährend, immerzu 2) dauernd, permanent, "
"песо́к","1) Sand"
"долг","1) Pflicht 2) Schuld, Schuldigkeit 3) Schulden (plural)"
"насто́лько","1) dermaßen, derart 2) soviel, soweit, so sehr"
"пья́ный","1) betrunken, besoffen, berauscht"
"поступи́ть","1) handeln, vorgehen, verfahren 2) eintreten, sich einschreiben, beitreten 3) eintreffen, eingehen, gelangen"
"предложе́ние","1) Vorschlag, Angebot, Empfehlung 2) Antrag 3) Satz"
"вне́шний","1) äußerlich, extern 2) Außen-, der äußere"
"рабо́тник","1) Arbeiter"
"прове́рить","1) prüfen, überprüfen, kontrollieren 2) testen, erproben"
"отпра́вить","1) senden, versenden, schicken"
"прекра́сно","1) schön, wunderschön, wunderbar 2) herrlich, prächtig, prachtvoll, glänzend 3) ausgezeichnet, vortrefflich"
"наступи́ть","1) eintreten, anbrechen, beginnen 2) herantreten, heranrücken, vorrücken,  3) treten 4) vorstoßen (Truppen)"
"объясня́ть","1) erklären"
"сожале́ние","1) Bedauern 2) Mitleid"
"пожа́ть","1) drücken, schütteln"
"све́рху","1) von oben, oben, oberhalb, über"
"торча́ть","1) stecken, , abstehen 2) sich herumdrücken, sich aufhalten 3) hervorstehen, heraushängen"
"оставля́ть","1) lassen, belassen 2) überlassen, zurücklassen, verlassen, hinterlassen 3) behalten"
"го́рло","1) Hals, Mündung 2) Kehle, Gurgel"
"навстре́чу","1) entgegen, entgegen-"
"спи́сок","1) Liste, Verzeichnis"
"за́дний","1) Hinter-, Rück-"
"пра́здник","1) Fest, Feier 2) Feiertag, Festtag"
"го́споди","1) um Gottes Willen"
"поко́й","1) Ruhe"
"шу́тка","1) Witz, Spaß, Streich 2) Scherz"
"ле́тний","1) Sommer-"
"вариа́нт","1) Variante"
"занима́ть","1) besetzen, beanspruchen, innehaben 2) leihen, borgen 3) einnehmen"
"дыха́ние","1) Atem, Atmung"
"призна́ться","1) gestehen, eingestehen, zugeben 2) - ehrlich gesagt -"
"органи́зм","1) Organismus"
"дрожа́ть","1) zittern, bibbern 2) beben"
"пойма́ть","1) fangen, erwischen, ertappen"
"опа́сный","1) gefährlich"
"же́ртва","1) Opfer"
"да́лее","1) weiter, ferner"
"нача́льство","1) Vorgesetzte, Obrigkeit"
"ка́менный","1) Stein-, steinern, steinig"
"рука́в","1) Ärmel 2) Schlauch 3) Flußarm"
"заня́тие","1) Ausübung, Beschäftigung 2) Unterricht, Unterrichtsstunde"
"се́верный","1) nördlich, Nord-"
"призна́ть","1) anerkennen, befinden, erkennen 2) eingestehen, gestehen, zugeben"
"охра́на","1) Schutz, Bewahrung 2) Wache"
"бе́дный","1) arm, dürftig, karg"
"постоя́нный","1) ständig, konstant, permanent, beständig 2) andauernd, fortwährend 3) Dauer-, Stamm- 4) immer wieder"
"ма́сло","1) Butter, Öl 2) Ölmalerei"
"су́нуть","1) stecken, hineinstecken, hineinstopfen 2) zustecken, in die Hand drücken"
"захоте́ть","1) wollen, möchten, Lust bekommen"
"кость","1) Knochen 2) Gräte"
"междунаро́дный","1) international"
"воскли́кнуть","1) rufen, ausrufen"
"полтора́","1) anderthalb, eineinhalb"
"при́нятый","1) angenommen, akzeptiert 2) üblich, gebräuchlich"
"вскочи́ть","1) springen, aufspringen"
"центра́льный","1) zentral, Zentral- 2) Mittel-, Haupt-"
"чино́вник","1) Beamter, Beamtenseele, Bürokrat"
"э́хо","1) Echo, Widerhall"
"внизу́","1) unten, unterhalb"
"здра́вствовать","1) sich wohl befinden, leben, lebendig sein, wohlauf sein"
"потоло́к","1) Decke, Zimmerdecke 2) Obergrenze, Höchstmaß"
"лёгкое","1) Lunge"
"руково́дство","1) Führung,  2) Leitung 3) Anleitung 4) Richtlinie 5) Lenkung 6) Leitfaden"
"защи́та","1) Schutz 2) Verteidigung 3) Abwehr"
"разреши́ть","1) erlauben, gestatten, bewilligen, genehmigen, zustimmen 2) beilegen, schlichten, lösen"
"ва́жно","1) wichtig, bedeutend"
"эне́ргия","1) Energie, Tatkraft"
"звоно́к","1) Klingel, Klingelzeichen, Forderung 2) Anruf"
"постро́ить","1) bauen, ausbauen, aufbauen 2) aufstellen"
"сигаре́та","1) Zigarette"
"закры́тый","1) geschlossen"
"пусти́ть","1) lassen, erlauben 2) loslassen, weglassen, fortlassen, durchlassen, anlassen, in Bewegung setzen, in Betrieb nehmen, dem Verkehr übergeben 3) hereinlassen 4) reinlassen"
"тепло́","1) warm, herzlich, es ist warm"
"установи́ть","1) aufstellen, montieren, einführen 2) installieren 3) herstellen, errichten 4) festsetzen, bestimmen 5) feststellen"
"зо́на","1) Zone, Gebiet"
"дива́н","1) Sofa, Couch 2) Diwan"
"встреча́ть","1) treffen, begegnen"
"внеза́пно","1) plötzlich, überraschend, unerwartet,  2) abrupt, jäh, auf einmal, "
"преде́л","1) Grenze, Grenzwert, Extremwert, Limit 2) Schwelle, Schranke"
"еди́ный","1) Einheits- 2) einzig, alleinig 3) einig, einmütig 4) einheitlich"
"напро́тив","1) gegenüber 2) dagegen, im Gegenteil"
"зря","1) unnütz 2) umsonst, vergeblich"
"полага́ть","1) mutmaßen, annehmen, vermuten, glauben, erwarten, schätzen 2) setzen, festlegen, auferlegen"
"перейти́","1) hinübergehen, konvertieren, überqueren."
"мечта́ть","1) träumen, schwärmen"
"пятна́дцать","1) fünfzehn"
"теря́ть","1) verlieren"
"испы́тывать","1) prüfen, erproben, testen, ausprobieren 2) empfinden, erleiden, verspüren, erfahren, erleben"
"посте́ль","1) Bett"
"та́йна","1) Geheimnis"
"лезть","1) klettern, kraxeln 2) kriechen, hineinkriechen, eindringen 3) sich einmischen 4) ausfallen"
"тума́н","1) Nebel"
"дре́вний","1) alt, uralt 2) antik, altertümlich"
"броса́ть","1) werfen, bewerfen, zuwerfen 2) verlassen, im Stich lassen 3) aufhören, aufgeben"
"кни́жка","1) Büchlein 2) Dritter (Vor)magen"
"жа́лко","1) schade"
"воспомина́ние","1) Erinnerung"
"огляну́ться","1) sich umsehen, sich umwenden, zurückblicken, sich umblicken, um sich blicken"
"Ленингра́д","1) Leningrad"
"густо́й","1) dicht, dick 2) dickflüssig, zähflüssig"
"практи́чески","1) praktisch"
"ве́чный","1) ewig"
"существова́ние","1) Existenz, Dasein 2) Vorhandensein, Bestehen"
"сза́ди","1) von hinten, hinter"
"короле́ва","1) Königin"
"принадлежа́ть","1) gehören, zukommen 2) dazugehören, hergehören"
"це́рковь","1) Kirche"
"преступле́ние","1) Verbrechen 2) Delikt, Straftat, Freveltat, Übeltat"
"музе́й","1) Museum"
"плане́та","1) Planet"
"опа́сность","1) Gefahr"
"прочита́ть","1) durchlesen"
"говори́ться","1) von etwas handeln, die Rede sein von 2) heißen 3) gesagt werden, erzählt werden"
"пуска́ть","1) lassen, erlauben 2) anlassen, in Betrieb nehmen 3) hereinlassen"
"про́чий","1) sonstig, anderweitig 2) übrig, restlich"
"поло́женный","1) festgelegt, vereinbart vorgeschrieben, vorgesehen 2) gelegt"
"иностра́нный","1) ausländisch, Auslands-, Fremd-, fremd, Außen-, auswärtig"
"ни́зкий","1) niedrig, klein, tief, flach 2) gemein, niederträchtig, schlecht"
"по́иск","1) Suche, Recherche"
"пала́тка","1) Zelt, Bude, Verkaufsstand, Kiosk"
"пригласи́ть","1) einladen 2) kommen lassen, rufen, auffordern"
"добра́ться","1) erreichen 2) gelangen, hinkommen"
"францу́зский","1) französisch"
"исто́чник","1) Quelle, Ursprung"
"че́стно","1) ehrlich"
"основа́ние","1) Grund, Begründung, Anlass, Grundlage 2) Grundfläche 3) Basis, Fundament, Unterlage, Unterbau 4) Gründung 5) Base"
"вида́ть","1) sehen, treffen"
"ро́дственник","1) Verwandter, Angehöriger"
"уго́дный","1) angenehm, gefällig"
"выступа́ть","1) auftreten 2) hervortreten, sich zeigen, vorspringen, hervorragen"
"вся́кая","1) jegliche"
"определи́ть","1) bestimmen, definieren, festsetzen, abgrenzen"
"взро́слый","1) erwachsen, ausgewachsen 2) Erwachsener"
"загляну́ть","1) vorbeikommen, vorbeischauen, hinschauen 2) nachsehen, hineinschauen, hineingucken"
"о́сень","1) Herbst"
"представле́ние","1) Vorstellung, Auffassung, Idee 2) Vorführung, Aufführung, Darstellung 3) Präsentation, Vorlage 4) Repräsentation"
"спосо́бность","1) Fähigkeit, Befähigung 2) Begabung, Talent"
"поня́тие","1) Ahnung, Idee, Vorstellung 2) Begriff 3) Konzept"
"тон","1) Ton, Klang, Laut, Tönung, Farbe"
"ита́к","1) also, ergo, somit, nun, folglich"
"аппара́т","1) Apparat, Gerät 2) Verwaltungsapparat, Personaleinheit"
"води́тель","1) Fahrer"
"утвержда́ть","1) genehmigen, billigen, sanktionieren, verabschieden 2) behaupten, bekräftigen"
"глу́пый","1) dumm, doof 2) albern, töricht"
"бо́льно","1) schmerzhaft, schmerzlich, schmerzen 2) sehr, allzu, höchst"
"та́йный","1) Geheim-, geheim, heimlich, verborgen"
"крыло́","1) Flügel, Kotflügel, Tragflügel, Flügel Tragfläche"
"измене́ние","1) Veränderung, Änderung 2) Wandel, Wechsel"
"бесе́да","1) Gespräch, Aussprache 2) Unterhaltung, Konversation"
"пост","1) Posten, Position, Wachposten, Stellung, Amt 2) Fastenzeit, Fasten"
"вы́вод","1) Abzug, Rückzug 2) Ausgabe, Hinausbefördern, Output 3) Folgerung, Schlußfolgerung, Herleitung 4) Ergebnis, Konsequenz"
"коми́ссия","1) Komission, Ausschuß, Gremium 2) Provision"
"мно́жество","1) Vielzahl, Menge, große Anzahl 2) Unmenge"
"явле́ние","1) Erscheinung, Ereignis, Auftritt, Szene 2) Phänomen"
"торопи́ться","1) sich beeilen, sich übereilen 2) eilen"
"ро́зовый","1) rosa, rosafarben, rosig, Rosen-"
"вы́нуть","1) herausnehmen, holen, herausziehen, entfernen"
"красота́","1) Schönheit"
"дальне́йший","1) weitere"
"моро́з","1) Frost"
"да́ча","1) Datscha, Wochenendhaus, Sommerfrische 2) Gabe, Verabreichung"
"очеви́дно","1) offensichtlich, offenbar, augenscheinlich"
"пасту́х","1) Hirte, Schäfer"
"верну́ть","1) zurückgeben, zurückerstatten, wiedergeben, zurückschicken"
"ра́но","1) früh, zeitig, frühzeitig, vorzeitig"
"стро́ить","1) bauen, ausbauen, aufbauen, aufstellen"
"строи́ть","1) verdreifachen, drei Mal wiederholen"
"дон","1) Don"
"догада́ться","1) erraten 2) erahnen, vermuten, auf einen Gedanken kommen"
"остально́е","1) Rest, das übrige"
"мла́дший","1) der jüngere, der jüngste, untergeordnet, Unter-, der untere"
"стро́го","1) streng, hart, genau, strickt"
"площа́дка","1) Platz, Plattform, Treppenabsatz"
"ни́же","1) niedriger, kleiner, tiefer, unten, unter"
"уси́лие","1) Anstrengung, Bemühung"
"прия́тель","1) Kumpel, Kamerad 2) Freund"
"ру́чка","1) Schreibstift, Füller, Federhalter 2) Griff, Klinke 3) Armlehne 4) Armlehne 5) Händchen"
"поверну́ть","1) drehen, wenden 2) abbiegen, einbiegen, biegen"
"расти́","1) wachsen, zunehmen, steigen, ansteigen"
"сто́лик","1) kleiner Tisch, Tischchen, Beistelltisch"
"журнали́ст","1) Journalist"
"наверняка́","1) sicher, sicherlich, mit an Sicherheit grenzender Wahrscheinlichkeit 2) bestimmt, zweifellos, zweifelsfrei"
"вы́стрел","1) Schuss"
"о́зеро","1) See"
"разобра́ться","1) sich auskennen, aufklären 2) Ordnung machen, in Ordnung bringen, ordnen 3) zerlegt werden, auseinandergenommen werden"
"прия́тно","1) angenehm"
"су́мка","1) Tasche, Handtasche"
"кино́","1) Kino, Film, Filmkunst, Kinematographie"
"до́лжность","1) Amt, Dienststellung, Stelle 2) Posten, Funktion"
"зло","1) das Böse, Bosheit 2) Übel"
"пози́ция","1) Position, Stellung, Haltung, Einstellung, Standpunkt"
"погляде́ть","1) anblicken, anschauen"
"ве́рхний","1) oberer, obere, oberes, Ober-"
"удивле́ние","1) Überraschung 2) Erstaunen 3) Verwunderung"
"сле́дователь","1) Ermittler, Untersuchungsführer"
"учени́к","1) Schüler 2) Lehrling, Auszubildender"
"серьёзно","1) ernst, ernstlich, im Ernst, in der Tat"
"прия́тный","1) angenehm, annehmlich 2) ansprechend, gefällig, sympathisch"
"осно́ва","1) Basis, Fundament 2) Grundlage, Stamm"
"го́ре","1) Kummer, Gram, Kümmernis, Verdruss 2) Weh, Leid, Unglück"
"вы́скочить","1) herausfallen, ausfallen, entfallen 2) hinausspringen, herausspringen, hervorspringen"
"повезти́","1) fahren, bringen, transportieren 2) Glück haben"
"рожде́ние","1) Geburt"
"пе́сня","1) Lied, Song"
"гото́виться","1) sich vorbereiten"
"поло́к","1) Pritsche"
"выполня́ть","1) ausführen, erledigen, vollführen, vollziehen, verwirklichen 2) erfüllen, einlösen"
"старшина́","1) Hauptfeldwebel 2) (Ober)maat 3) Ältester, Oberhaupt (einer Gemeinde)"
"колесо́","1) Rad"
"вряд","1) kaum, schwerlich, "
"шофёр","1) Chauffeur, Fahrer, Kraftfahrer"
"прое́кт","1) Projekt, Vorhaben 2) Entwurf, Plan, Vorschlag"
"со́весть","1) Gewissen"
"навсегда́","1) für immer 2) auf immer"
"зави́сеть","1) abhängen, abhängig sein 2) angewiesen sein"
"суть","1) Wesentliche, Kern, Kernpunkt"
"режи́м","1) Regime, politisches Regime, Lebensweise 2) Ablauf, Modus"
"поднима́ть","1) heben, aufheben, hochheben 2) erheben 3) steigern, anheben, erhöhen 4) hochziehen"
"стен","1) Sthen"
"чемода́н","1) Koffer"
"пла́тье","1) Kleid 2) Gewand, Kleidung"
"возрази́ть","1) erwidern, entgegnen 2) einwenden"
"хозя́йство","1) Wirtschaft, Betrieb 2) Haushalt"
"пункт","1) Punkt, Stelle, Paragraph"
"ствол","1) Stamm, Schaft, Strang 2) Lauf, Waffe 3) Rohr, Strahlrohr 4) Schacht, Röhre"
"толк","1) Sinn, Nutzen, Bedeutung 2) Gerede, Gerücht 3) Richtung, Strömung 4) Drücken, Stubsen, Stoßen"
"вкус","1) Geschmack"
"приезжа́ть","1) ankommen, eintreffen, angereist kommen"
"то́тчас","1) sofort, sogleich 2) auf der Stelle"
"добро́","1) Wohltat 2) gut, gutherzig, herzlich"
"портре́т","1) Porträt 2) Bildnis, Bild"
"спустя́","1) später, danach 2) nach"
"полк","1) Regiment"
"отделе́ние","1) Abteilung, Station, Zweigstelle, Filiale, Abteil, Fach, Teil, Gruppe 2) Filiale 3) Station (Krhs)"
"по́дать","1) Abgabe, Steuer"
"пода́ть","1) reichen, geben 2) einreichen, zuführen, zuwerfen 3) servieren, auftragen"
"обстано́вка","1) Verhältnisse, Umstände, Atmosphäre 2) Ausstattung, Möblierung"
"пятно́","1) Fleck, Flecken"
"жени́ться","1) heiraten 2) sich verheiraten"
"бровь","1) Braue, Augenbraue"
"телеви́зор","1) Fernsehgerät, Fernseher"
"найти́сь","1) sich finden, sich auffinden, sich zurechtfinden"
"звуча́ть","1) klingen, tönen, erschallen, erklingen, ertönen"
"ба́за","1) Basis, Grundlage 2) Stützpunkt, Militärbasis 3) Station, Materiallager, Lager, Lagerstätte"
"отлича́ться","1) sich unterscheiden 2) sich auszeichnen"
"отдава́ть","1) weggeben, zurückgeben 2) hingeben, anvertrauen, überlassen 3) abgeben 4) ausgeben"
"трево́га","1) Alarm, Aufregung, Angst 2) Unruhe, Sorge, Besorgnis"
"послу́шать","1) zuhören 2) hinhören, lauschen"
"помеще́ние","1) Unterbringungsmöglichkeit, Räumlichkeit 2) Anlage"
"де́латься","1) werden 2) geschehen, vorgehen 3) gemacht werden"
"перевести́","1) übersetzen, dolmetschen 2) transferieren, überweisen, übertragen 3) verschieben, versetzen, verlagern, verlegen, versetzt werden"
"уро́к","1) Lektion, Unterricht 2) Stunde, Unterrichtsstunde"
"вы́дать","1) ausgeben, aushändigen, ausstellen, auszahlen, ausleihen 2) verraten, preisgeben offenbaren, enthüllen 3) vorgeben, sich ausgeben für"
"поведе́ние","1) Benehmen, Betragen 2) Verhalten"
"созда́ние","1) Schaffung, Erschaffung, Kreation 2) Schöpfung, Erschöpfung, Geschöpf 3) Erstellung, Herstellung 4) Gründung, Bildung"
"собра́ние","1) Versammlung 2) Sammlung 3) Sitzung, Zusammenkunft"
"де́душка","1) Großvater, Opa"
"безопа́сность","1) Sicherheit, Gefahrlosigkeit"
"не́рвный","1) nervös 2) Nerven-, nervlich"
"обо","1) gegen 2) über"
"фу́нкция","1) Funktion"
"наруше́ние","1) Störung 2) Verstoß, Bruch 3) Nichteinhaltung, Verletzung, Übertretung"
"тре́боваться","1) erforderlich sein, nötig sein, verlangt werden"
"экра́н","1) Bildschirm 2) Filmleinwand, Bildwand"
"забра́ть","1) mitnehmen, abholen 2) wegnehmen, nehmen, herausnehmen, entnehmen, kürzer machen 3) verhaften, beschlagnahmen 4) abschwenken 5) verschlagen, verschalen"
"ша́пка","1) Mütze, Kappe"
"убива́ть","1) töten, umbringen 2) totschlagen"
"вы́пустить","1) hinauslassen, herausgeben 2) herauslassen, auslassen, entlassen, freilassen"
"полоса́","1) Streifen, Band, Landstrich 2) Kolumne, (Druck)spalte 3) Leiste, Zone 4) Spur, Bahn 5) Zeitspanne, Periode"
"хозя́йка","1) Besitzerin, Hausherrin, Frau des Hauses, Hausfrau 2) Wirtin, Gastgeberin"
"штаны́","1) Hose, Hosen, Schlüpfer"
"врать","1) lügen 2) flunkern, schwindeln"
"грязь","1) Schmutz, Dreck 2) Schlamm"
"жа́лить","1) stechen, beißen"
"заявле́ние","1) Antrag, Gesuch 2) Bewerbung 3) Erklärung"
"ни́жний","1) Unter-, der untere, der unterste 2) Nieder-"
"жале́ть","1) bedauern, bereuen, bemitleiden 2) sparen, schonen"
"труп","1) Leiche, Leichnam"
"неожи́данный","1) unerwartet, wider Erwarten, plötzlich 2) unvermutet, unverhofft, unversehens, überraschend"
"за́нятый","1) besetzt, belegt 2) beschäftigt"
"пода́рок","1) Geschenk"
"руба́шка","1) Hemd"
"а́вгуст","1) August"
"преврати́ться","1) sich verwandeln 2) werden zu"
"кре́пко","1) fest, stark"
"объе́кт","1) Objekt"
"откры́ться","1) sich öffnen, aufgehen, geöffnet werden, eröffnet werden, beginnen 2) sich eröffnen, sich zeigen 3) entdeckt werden, offenbar werden"
"мо́щный","1) mächtig, gewaltig 2) leistungsstark, stark, kräftig"
"университе́т","1) Universität"
"охо́та","1) Jagd 2) Lust, Lust haben"
"шту́ка","1) Stück, Sache, Ding"
"му́ха","1) Fliege"
"обойти́сь","1) umgehen, behandeln 2) abgehen, ablaufen 3) unverzichtbar 4) auskommen, entbehren können 5) kosten"
"махну́ть","1) winken, zuwinken, abwinken 2) schwingen, schwenken 3) einen schwenken, einen kippen, saufen 4) springen, sich stürzen"
"дово́льный","1) zufrieden"
"твёрдый","1) hart,  2) fest, fix, standhaft"
"молоко́","1) Milch"
"кати́ть","1) rollen, wälzen, rollen"
"отчего́","1) weshalb, weswegen, warum, deswegen"
"никуда́","1) nirgendwohin"
"вы́нужденный","1) gezwungen, genötigt 2) notgedrungen"
"напра́вить","1) richten, zielen, leiten, lenken 2) einweisen, überweisen, verweisen, zuweisen"
"бу́ква","1) Buchstabe"
"поле́зть","1) klettern 2) in Tasche tastend suchen"
"верши́на","1) Gipfel, Berggipfel, Wipfel, Baumwipfel 2) Höchstpunkt, Scheitel, Spitze"
"пове́рхность","1) Oberfläche"
"терпе́ть","1) dulden, tolerieren, sich gedulden, geduldig sein 2) ertragen, erleiden, leiden"
"рассма́тривать","1) betrachten, untersuchen, prüfen, sich ansehen"
"сходи́ть","1) herabsteigen, niedergehen, hinuntergehen 2) verlassen, fortgehen 3) abgehen, sich ablösen, abbröckeln 4) durchgehen"
"обраща́ть","1) hinwenden, zuwenden, bekehren, lenken 2) achten"
"бо́льший","1) der größere"
"това́р","1) Ware, Artikel"
"доказа́ть","1) beweisen, nachweisen"
"ла́па","1) Pfote, Tatze 2) Fuß, Bein 3) fig.: Ast (Zweig) von Nadelbäumen"
"оде́тый","1) gekleidet, angezogen"
"спусти́ться","1) herunterkommen, absteigen, hinuntergehen, hinuntersteigen, runterfahren, runterrutschen 2) abfallen, abschüssig sein, nach unten verlaufen, sich absenken 3) niedergehen, landen 4) sich verringern, weniger werden, sinken"
"воева́ть","1) Krieg führen 2) kämpfen gegen etw., streiten um etw."
"абсолю́тно","1) absolut"
"прода́ть","1) verkaufen 2) verraten"
"середи́на","1) Mitte"
"со́лнечный","1) Sonnen- 2) sonnig"
"назна́чить","1) bestimmen, festlegen 2) benennen, ernennen, einsetzen, berufen zu 3) festsetzen, anberaumen, ansetzen, anordnen 4) verordnen, verschreiben, verabreichen"
"дома́шний","1) Haus-, Privat- 2) häuslich"
"брига́да","1) Brigade"
"проче́сть","1) durchlesen 2) ablesen"
"бога́тый","1) reich, reichlich"
"при́знак","1) Anzeichen, Zeichen, Indiz 2) Merkmal, Kennzeichen 3) Indiz"
"поли́тика","1) Politik"
"ка́пля","1) Tropfen, ein bißchen, ein wenig"
"вес","1) Gewicht, Einfluss"
"измени́ться","1) sich ändern, sich verändern"
"комите́т","1) Komitee, Ausschuß 2) Beirat, Gremium"
"отойти́","1) sich entfernen, verlassen, sich zurückziehen 2) abkommen vom Weg, abweichen, ausweichen"
"плащ","1) Mantel, Staubmantel 2) Umhang, Regenmantel"
"не́ту","1) ist nicht da, ist nicht vorhanden"
"пото́к","1) Strom, Strömung 2) Fluss, Durchfluss"
"реша́ть","1) lösen 2) entscheiden, beschließen, einen Entschluß fassen, eine Entscheidung treffen"
"вы́расти","1) wachsen, groß werden, erwachsen sein, aufwachsen, wachsen steigen 2) plötzlich erscheinen, sich entwickeln"
"познако́миться","1) kennenlernen 2) bekannt werden"
"заня́ть","1) einnehmen, belegen, beanspruchen, besetzen, innehaben 2) leihen, borgen"
"гуля́ть","1) spazieren gehen, herumspazieren, bummeln 2) mit jmdm. gehen, zusammensein, es treiben), mit jmdm. in einer Liebesbeziehung sein 3) ausgehen, sich vergnügen 4) frei haben, blaumachen"
"посади́ть","1) pflanzen, einpflanzen 2) setzen, hinlegen, legen 3) landen"
"бле́дный","1) blass, bleich"
"стреми́ться","1) streben, anstreben, bestrebt sein"
"соста́вить","1) zusammenstellen, aufstellen, bilden 2) beträgt, ergeben 3) verfassen, abfassen"
"заду́маться","1) nachdenklich werden, sich in Gedanken vertiefen, nachdenken, sich Gedanken machen, ins Grübeln geraten"
"хо́лод","1) Kälte"
"Пари́ж","1) Paris"
"незнако́мый","1) unbekannt, fremd"
"реши́тельно","1) entschlossen, fest, entschieden, kategorisch"
"позва́ть","1) rufen 2) einladen"
"вы́полнить","1) ausführen, erledigen, vollführen, vollziehen, erfüllen"
"запи́ска","1) Zettel, Notiz"
"появле́ние","1) Erscheinen, Auftreten, Auftauchen"
"плато́к","1) Tuch, Kopftuch"
"дви́нуться","1) sich in Bewegung setzen, in Bewegung kommen 2) sich bewegen"
"облада́ть","1) besitzen, haben, verfügen"
"успоко́иться","1) sich beruhigen, ruhig werden, sich zufriedengeben"
"забыва́ть","1) vergessen"
"обя́занный","1) verpflichtet 2) pflichtig"
"ко́рпус","1) Gebäude, Block 2) Körper, Rumpf 3) Korps, Truppe 4) Gehäuse"
"остана́вливаться","1) anhalten, halten, stehenbleiben, stillstehen, stoppen 2) sich aufhalten, Station machen"
"захвати́ть","1) mitnehmen, nehmen, mithaben, ergreifen, hinreißen 2) erbeuten, erobern 3) überraschen, ertappen 4) begeistern, fesseln"
"бли́зко","1) nah, unweit, nicht weit 2) in der Nähe, nicht weit von"
"оконча́тельно","1) endgültig, abschliessend, letztendlich 2) vollends"
"све́дение","1) Zusammenziehen, Reduzierung, Hinabführung, Zurückführung 2) Zusammenführung 3) Information, Meldung, Auskunft, Angaben - 4) Angabe"
"сведе́ние","1) Daten 2) Angaben 3) Wissen 4) Information"
"ме́жду те'м","1) inzwischen, zur gleichen Zeit"
"шо́рт-тре'к","1) Eiskunstlaufwettbewerbe, Short Track"
