"удив́ительный","überraschend, ; erstaunlich, ; verwunderlich, wunderbar"
"волнов́аться","sich aufregen, aufgeregt sein, sich Sorgen machen; wallen, wogen"
"заб́ор","Zaun; Einlass, Zugang"
"строй","Ordnung, Struktur; Bau, Aufbau; Formation, System, Reihe, Reih und Glied, Front"
"м́орда","Maul, Gesicht, Fresse, Schnauze"
"прож́ить","leben, wohnen, verbleiben; durchbringen, verprassen, ausgeben"
"р́едко","selten, wenig dicht, in einigem Abstand, mit weiten Zwischenräumen"
"измен́ить","ändern, verändern; betrügen, verraten"
"кр́аска","Farbe, Färbung"
"темн́о","es ist dunkel"
"сп́орить","streiten, ein Streitgespräch führen, sich streiten; wetten"
"круж́ок","Kreis, kleiner Kreis, kleine Scheibe, kleiner Ring; Arbeitskreis, Arbeitsgemeinschaft, Zirkel"
"состо́яться","stattfinden, zustande kommen"
"моѓила","Grab"
"привод́ить","herbeiführen, bringen, herführen, holen, herholen; zitieren"
"́облако","Wolke"
"шкаф","Schrank"
"вар́ить","kochen, zubereiten; brauen"
"милицион́ер","Milizionär, Polizist (in der ehem. SU und aktuell in einigen Nachfolgestaaten)"
"с́умма","Summe"
"свят́ой","heilig, hoch, erhaben"
"сеть","Netz, Falle, Garn"
"грех","Sünde"
"помолч́ать","eine Weile schweigen"
"ожид́ание","Erwartung; Warten"
"необход́имость","Notwendigkeit, Erfordernis, Bedarf, Not"
"инсп́ектор","Inspektor; Inspekteur"
"сообщ́ение","Nachricht, Mitteilung, Meldung, Bericht; Verkehr, Verbindung"
"ст́енка","kleine Wand, Wandung; Wohnwand, Schrankwand"
"подъ́езд","Hauseingang, Aufgang, Treppenflur"
"сл́ышно","hörbar, vernehmbar"
"нап́омнить","erinnern; mahnen, ermahnen"
"парк","Park"
"физ́ический","körperlich, physisch, Körper-; physikalisch, Physik-"
"вокз́ал","Bahnhof"
"несч́астный","unglücklich"
"ор́ать","brüllen, schreien, johlen; pflügen"
"глух́ой","taub, dumpf, stimmlos; abgelegen, still"
"бор́оться","kämpfen"
"дойт́и","hingehen; erreichen, ankommen"
"включ́ить","einschalten, anschließen, anmachen; einschließen, einbeziehen, einfügen"
"борт","Bord, Bordwand, Seitenwand, Borte, Bande"
"сумасш́едший","verrückt, wahnsinnig, irre, geisteskrank"
"интересов́ать","interessieren"
"умир́ать","sterben"
"уб́итый","ermordet, getötet, gefallen, ausgelöscht; niedergeschlagen, vom Kummer gebrochen"
"взрыв","Detonation; Explosion"
"ос́обенный","besonders; ausgefallen, eigenartig, eigentümlich, ungewöhnlich, speziell"
"́еле","kaum, nur mit Mühe"
"рассто́яние","Abstand, Strecke, Distanz; Entfernung"
"л́окоть","Ellbogen; Elle"
"актёр","Schauspieler"
"ус","Schnurrbart; Barthaar, Fühler; Ranke"
"приб́ыть","ankommen, eintreffen"
"заставл́ять","zwingen, nötigen; verrammeln, vollstellen"
"соотв́етствующий","entsprechend, gehörig, passend, geeignet; angemessen, konform; übereinstimmend"
"ч́астный","Privat-, privat; einzeln, speziell, Sonder-, besonder"
"ох","oh"
"офици́альный","offiziell, amtlich"
"лун́а","Mond"
"скал́а","Fels, Felsen"
"сќала","Skala"
"экон́омика","Wirtschaft, Ökonomik, Ökonomie, Wirtschaftswissenschaft"
"мужсќой","Männer-, Herren-, männlich"
"подтверд́ить","bestätigen, belegen"
"тян́уться","sich strecken, sich recken, sich rekeln, ausstrecken; sich erstrecken, sich ausdehnen; sich hinziehen, sich in die Länge ziehen, dahinschleichen, sich dahinschleppen"
"обыкнов́енный","gewöhnlich, üblich; durchschnittlich, mittelmäßig"
"песнь","Lied, Gesang"
"зд́орово","toll, prima, ordentlich; gesund, bei bester Gesundheit"
"букв́ально","buchstäblich, wörtlich"
"испуѓаться","sich erschrecken, sich ängstigen, Angst haben"
"пожил́ой","betagt, bejahrt, bei Jahren"
"р́езкий","abrupt, plötzlich; scharf, heftig, schneidend, schrill, grell, schroff, barsch, kraß"
"шин́ель","Uniformmantel"
"лёд","Eis"
"волк","Wolf"
"структ́ура","Struktur; Aufbau"
"серж́ант","Sergeant"
"соверш́ить","ausführen, begehen, verüben, machen; durchführen, vollbringen, vollziehen"
"съесть","aufessen"
"кл́етка","Käfig, Kasten; Karomuster, Kästchen; Zelle"
"покол́ение","Generation"
"газ","Gas, Blähungen; Gaze"
"знач́ительный","bedeutend, bedeutsam, beachtlich; beträchtlich, beachtlich, erheblich, weitgehend, wesentlich, merklich"
"пил́а","Säge"
"файл","Datei"
"круѓом","ringsum, ringsherum; rundum, rundherum; Kehrt!, Das Ganze – kehrt!, Kehrt – marsch!"
"ор́удие","Geschütz; Werkzeug, Gerät, Instrument"
"колл́ега","Kollege, Kollegin"
"зап́омнить","sich merken, sich einprägen; abspeichern"
"пр́осьба","Bitte, ; Gesuch; Anliegen"
"согл́асный","einverstanden; konsonantisch"
"в́ыбор","Wahl, Auswahl"
"сед́ой","ergraut, grauhaarig; eisgrau, silbergrau"
"ќуча","Haufen, Menge; Masse"
"ќорень","Wurzel"
"блест́ящий","glänzend, strahlend, funkelnd; brillant, glanzvoll"
"содерж́ание","Inhalt, Inhaltsverzeichnis; Gehalt; Unterhalt"
"р́азница","Unterschied; Differenz"
"непон́ятный","unverständlich, unbegreiflich, merkwürdig"
"ост́аток","Rest, Überbleibsel, Relikt; Saldo; Bestände   pl."
"расчёт","Abrechnung; Berechnung, Kalkulation"
"приближ́аться","näherkommen; sich nähern"
"ч́исто","sauber; rein"
"уч́аствовать","teilnehmen, sich beteiligen, beteiligt sein; mitmachen, mitarbeiten, mitwirken"
"вост́очный","östlich, Ost-; orientalisch"
"лов́ить","fangen, ; ertappen; erwischen"
"температ́ура","Temperatur, Fieber"
"респ́ублика","Republik"
"п́ояс","Gürtel, Gurt, Hosengürtel; Gürtellinie, Taille; Zone"
"удивл́яться","überrascht sein, ; erstaunt sein; sich wundern"
"сомнев́аться","zweifeln, bezweifeln"
"шёпот","Flüstern, Geflüster"
"сент́ябрь","September"
"див́изия","Division"
"гриб","Pilz"
"сравн́ение","Vergleich"
"стр́огий","streng, hart, genau, rigoros"
"замер́еть","ersterben, erstarren; stillstehen, stocken, stehenbleiben; verklingen, verhallen"
"б́абка","Großmutter, Oma, alte Frau; Fußknöchel, Fußgelenk; Geld"
"гражд́анский","Bürger-, bürgerlich; zivil, Zivil-"
"запис́ать","aufschreiben, notieren, nachschreiben, vormerken; aufnehmen, aufzeichnen; eintragen, anmelden, einschreiben"
"ре́акция","Reaktion"
"тосќа","Schwermut, Wehmut, Trauer; Sehnsucht, Öde, Langeweile; Melancholie"
"посёлок","Siedlung, Ansiedling; Dorf"
"полчас́а","eine halbe Stunde"
"кольц́о","Ring"
"дост́оинство","Würde, Wert, Vorzug"
"двен́адцать","zwölf"
"р́адоваться","sich freuen"
"в́ывести","hinausbringen, wegführen, herausführen; entfernen, beseitigen, vertilgen; züchten; ausbrüten"
"создав́ать","gründen, begründen, hervorbringen; erstellen, schaffen, erschaffen, entwickeln; erzeugen, produzieren, verursachen"
"слой","Schicht"
"подар́ить","schenken, verschenken"
"оттоѓо","deswegen; deshalb, darum"
"страсть","Leidenschaft"
"р́овно","eben, gleichmäßig, ausgeglichen, gerade, glatt; genau, exakt; wie, ebenso wie"
"напряж́ение","Anspannung, Anstrengung, Stress; Spannung"
"стол́овый","Eß-, Speise-; Tisch-, Tafel-"
"ст́ыдный","beschämt sein, es ist beschämend, peinlich, eine Schande"
"коммун́ист","Kommunist"
"гл́януть","einen Blick werfen, anschauen, blicken"
"уч́астник","Teilnehmer"
"изб́а","Bauernhaus, Hütte"
"ѓолод","Hunger, Hungersnot; Verknappung, Mangel"
"замеч́ательный","bemerkenswert, beachtlich, vortrefflich, ausgezeichnet, hervorragend, herausragend; wunderbar, prima"
"вр́еменный","zeitweilig, temporär, vorübergehend"
"пёс","männlicher Hund, Rüde; niedrige Kreatur, Schurke, Schweinehund"
"замест́итель","Stellvertreter, Vize-, Vertreter"
"́истина","Wahrheit, Weisheit"
"кол́онна","Kolonne; Säule"
"мгнов́енно","augenblicklich; blitzschnell"
"прикр́ыть","zudecken, bedecken, abdecken; vertuschen, verheimlichen; anlehnen, nicht ganz schließen; decken, schützen; dichtmachen, schließen"
"обор́она","Verteidigung, Abwehr"
"скрыв́ать","verbergen, verschleiern, verhüllen, verstecken; verheimlichen, verschweigen, geheim halten; verdrängen"
"поступ́ать","handeln, vorgehen, verfahren; eintreten, sich einschreiben, beitreten; eintreffen, eingehen, gelangen"
"пораз́ить","treffen, schlagen; befallen, heimsuchen; überraschen, erstaunen, verblüffen; besiegen, vernichten"
"везт́и","fahren, bringen, transportieren; Glück haben"
"предсто́ять","bevorstehen"
"элем́ент","Element, Bestandteil, Grundstoff"
"пидж́ак","Sakko, Jackett, Blazer"
"принос́ить","bringen, mitbringen, herbringen"
"убед́иться","sich überzeugen, sich vergewissern"
"телеф́онный","Telefon-, Fernsprech-"
"крыльц́о","Aufgang, Vorbau, Veranda; Außentreppe, Freitreppe"
"отл́ичие","Unterschied; Auszeichnung, milit. Abzeichen"
"бр́юки","Hose"
"иссл́едование","Forschung, Untersuchung, Erforschung, Studie"
"́орден","Orden"
"́юный","jung, jugendlich"
"науч́иться","erlernen, lernen, sich etwas beibringen"
"т́ехника","Technik, Fertigkeit, Techniken, Fertigkeiten"
"сойт́и","herabsteigen, niedergehen, hinuntergehen; verlassen; abgehen, sich ablösen, abbröckeln; durchgehen"
"кан́ал","Kanal, Fernsehkanal"
"девч́онка","Mädchen, Göre, Mädel"
"ѓорький","bitter"
"крест","Kreuz"
"печ́альный","traurig, kummervoll; betrübt, wehmütig"
"те́ория","Theorie"
"луч","Strahl; Halbgerade"
"молч́ание","Schweigen"
"литерат́урный","literarisch, Literatur-"
"батар́ея","Batterie, Akku; Heizkörper, Radiator"
"устр́ойство","Einrichtung, Vorrichtung; Gerät, Anlage; Aufbau, Gefüge, Konstruktion, Struktur"
"п́алка","Stock"
"тащ́ить","ziehen, schleppen, hinterherschleifen"
"фон́арь","Laterne"
"лесн́ой","Wald-, Holz-, Forst-"
"ест́ественный","natürlich, naturgemäß; selbstverständlich; Natur-"
"контр́оль","Kontrolle"
"крут́ой","steil; jäh, hart, scharf; cool, toll, super"
"произвест́и","produzieren, herstellen, erzeugen; durchführen, vornehmen, erstellen, auslösen, hervorrufen"
"прокл́ятый","verflucht, fluchbeladen"
"пр́оклятый","verflucht, fluchbeladen; verdammt, vermaledeit"
"покр́ыть","bedecken, zudecken; beschichten, übertünchen; übertönen"
"глубоќо","tief, zutiefst"
"страд́ать","leiden; erleiden, Schaden nehmen, krank werden"
"в́етка","kleiner Zweig, Ast; Abzweigung, Zweiglinie"
"вли́яние","Einfluss, Einwirkung; Auswirkung, Wirkung"
"разв́едка","Aufklärung, Erkundung; Geheimdienst, Nachrichtendienst"
"спр́ава","rechts, rechter Hand"
"п́ольза","Nutzen"
"н́адпись","Aufschrift, Inschrift"
"ненав́идеть","hassen, verabscheuen"
"́истинный","wahrhaft, wahr, wirklich; echt, Ist-"
"обезь́яна","Affe"
"замолч́ать","verstummen; schweigen; verschweigen"
"твёрдо","hart; fest"
"склад","Lager, Lagerraum, Vorratsraum, Speicherraum; Veranlagung, Charakter; Art, Weise"
"пер́едний","Vorder-, der vordere, der vorderste, vorderer, Spitzen-; vorderer, Spitzen-"
"с́евер","Norden"
"покуп́ать","kaufen"
"печ́ать","Druck, Buchdruck; Presse; Stempel, Siegel"
"кресть́янин","Bauer"
"́южный","südlich, Süd-"
"пальт́о","Mantel"
"любоп́ытство","Neugier, Neugierde"
"тар́елка","Teller"
"сл́едствие","Ergebnis, Folge, Konsequenz, Schlußfolgerung; Beweisaufnahme, Untersuchung"
"насќолько","soweit, sofern, soviel; inwiefern, inwieweit, umwieviel"
"выбир́ать","wählen, aussuchen, auswählen; wählen"
"зар́анее","im Voraus; von vornherein; frühzeitig, beizeiten"
"сем́ейный","Familien-, mit Familie (verheiratet); familiär, häuslich"
"продолж́аться","dauern, andauern, fortdauern; weitergehen"
"подпис́ать","unterschreiben, unterzeichnen"
"в́ыясниться","klar werden, sich klären, sich herausstellen"
"раќета","Rakete; Tragflächenschiff, Tragflügelboot"
"зан́яться","sich beschäftigen, lernen, studieren; sich vornehmen"
"завест́и","einführen, beginnen, starten; ankurbeln, anwerfen; sich anschaffen, gründen; weit weg führen, weit weg bringen, in die Irre führen"
"зарпл́ата","Lohn; Gehalt"
"топ́ор","Axt, Beil"
"уб́ийца","Mörder, Mörderin"
"сообраз́ить","begreifen, überlegen, verstehen, erfassen; nachdenken, erwägen"
"с́ущность","Wesen; Wesentlichkeit, Kern"
"сперв́а","zuerst, erstmal"
"один́окий","einsam; alleinstehend, ohne Anhang"
"сохран́ить","bewahren, wahren; aufbewahren, speichern; behalten, beibehalten, erhalten"
"д́омик","kleines Haus"
"мен́ять","ändern; wechseln, tauschen, auswechseln, austauschen, umtauschen"
"з́апись","Anmeldung; Eintrag; Aufzeichnung, Notiz, Aufnahme; Formel"
"пож́ар","Brand, Feuer, Brandfall, Feuersbrunst"
"п́ачка","Päckchen, Packung; Stapel, Bündel, Packen; Ballettröckchen, Tutu"
"́ага","Aga-Kröte, Riesenkröte"
"аѓа","aha, hm, ja?"
"широќо","breit"
"указ́ать","angeben, nennen; hinweisen; zeigen, weisen"
"спр́ятать","verstecken, verbergen, verwahren"
"свид́етель","Zeuge, Augenzeuge, Trauzeuge"
"прив́ычный","gewohnt, gewöhnlich, gewöhnt; gewohnheitsmässig"
"п́ища","Nahrung, Kost, Essen"
"заб́ота","Sorge, Obsorge; Fürsorge"
"́изо","aus, von"
"таќов","so ein, solch einer"
"откр́ытие","Eröffnung, Enthüllung, Entdeckung; Öffnung"
"дев́ица","junges Mädchen, Jungfer"
"ощущ́ать","empfinden, fühlen; spüren, verspüren"
"специ́ально","speziell, besonders; extra; absichtlich, mit Absicht"
"вождь","Anführer, ; Häuptling, Stammeshäuptling"
"оде́яло","Bettdecke, Decke"
"храм","Tempel, Kirche"
"стуч́ать","klopfen, anklopfen, pochen, hämmern; verklopfen, denunzieren"
"сд́елаться","werden; geschehen, vorgehen; gemacht werden"
"лет́ать","fliegen"
"пассаж́ир","Passagier, Fahrgast, Fluggast"
"стро́ительство","Bau, Baugewerbe, Aufbau, Baustelle, Bauplatz"
"по́ездка","Reise, Ausflug; Fahrt"
"р́ана","Wunde"
"верёвка","Strick, Seil, Schnur, Leine"
"дв́ести","zweihundert"
"вал́ить","fällen, fallen, zu Fall bringen; umwerfen, kippen, umstoßen, niederwerfen; abwälzen; abhauen, sich verpissen, abfahren, verlassen; strömen"
"п́аспорт","Personalausweis, Ausweis"
"прив́ычка","Gewohnheit, Angewohnheit"
"холм","Hügel"
"сдать","ablegen, abgeben, bestehen; überlassen, übergeben, zurückgeben, spenden; nachlassen; vermieten, verpachten"
"благодар́я","dank; durch, infolge, wegen"
"сообщ́ать","mitteilen, melden"
"подав́ать","reichen, geben; einreichen; servieren"
"уст́ать","ermüden; müde sein"
"скр́ыться","sich verbergen, sich verstecken; verschwinden"
"шосс́е","Chaussee; Landstraße, Autostraße"
"моѓучий","gewaltig; mächtig"
"повор́от","Kurve; Wendung, Drehung; Wende, Umschwung"
"вост́орг","Begeisterung, Entzücken"
"мечт́а","Traum, Wunschtraum"
"каб́ина","Kabine, Kanzel; (Telefon)zelle"
"карт́ошка","Kartoffel, Kartoffelknolle"
"дожд́аться","abwarten; erwarten"
"уничт́ожить","vernichten, zerstören; ausrotten, ausmerzen; beseitigen, abschaffen"
"земн́ой","Erd-, irdisch"
"надо́есть","langweilen; belästigen, lästig werden; bedrängen, zusetzen"
"Изр́аиль","Israel"
"бород́а","Bart"
"непри́ятный","unangenehm, peinlich, ärgerlich"
"убр́ать","aufräumen, wegräumen, Ordnung machen, abräumen, säubern, ablegen, abstellen; entfernen, wegbringen; ernten"
"зап́ас","Reserve, Rücklage; Vorrat, Ressource"
"закур́ить","zu rauchen anfangen; mit Rauchen anfangen"
"эй","hey, he, hi, hei"
"благор́одный","edel, edelmütig; nobel, vornehm"
"тайѓа","Taiga"
"молод́ец","Prachtkerl; Gut gemacht! Bravo!"
"пр́есса","Presse"
"доб́иться","erreichen; erstreben, streben nach, zu erlangen suchen"
"пон́адобиться","nötig sein, benötigen, benötigt werden, gebraucht werden"
"позад́и","hinter, hinten"
"подр́обность","Einzelheit, Detail"
"тал́ант","Talent, Begabung"
"подд́ерживать","unterstützen, abstützen; aufrechterhalten"
"м́ирный","Friedens-; friedlich"
"отл́ично","ausgezeichnet, fabelhaft, hervorragend"
"ос́обенность","Besonderheit; Eigenart"
"предупред́ить","warnen, vorwarnen; vorbeugen, verhüten; informieren, hinweisen, im Voraus aufmerksam machen"
"разгл́ядывать","betrachten, mustern, besehen, beäugen, angucken"
"др́ужба","Freundschaft"
"п́амятник","Denkmal, Monument"
"пом́ощник","Helfer, Gehilfe; Assistent, "
"шл́япа","Hut; Schlafmütze, Schlappschwanz"
"ж́аловаться","sich beschweren, sich beklagen, jammern"
"произвед́ение","Werk (Einzelstück); Produkt, Erzeugnis"
"подгот́овка","Vorbereitung; Ausbildung"
"в́ызов","Aufruf, Ausruf, Abruf, Anruf, Zuruf; Herausforderung, Aufforderung, ; Vorladung, Einladung"
"поќинуть","verlassen, im Stich lassen"
"сл́ева","(von) links, linker Hand"
"долож́ить","berichten, melden, informieren; hinzufügen, dazulegen, nachlegen"
"предполаѓать","vermuten, annehmen, erwarten, implizieren, voraussetzen; beabsichtigen, vorhaben"
"посл́ышаться","zu hören sein, ertönen, erschallen; scheinen"
"баталь́он","Bataillon"
"реш́иться","sich entscheiden; sich entschließen"
"шќольный","Schul-, schulisch"
"см́ена","Wechsel, Ablösung, Auswechslung; Schicht; Nachwuchs, nach uns kommende Generation"
"пот́еря","Verlust"
"торопл́ивый","eilig, hastig, überstürzt"
"медиц́инский","medizinisch, ärztlich"
"случ́аться","geschehen, passieren, sich zutragen, sich ereignen; sich zufällig ergeben"
"сигн́ал","Signal, Zeichen"
"дух́овный","geistig; geistlich"
"зат́ылок","Nacken, Hinterkopf; Genick"
"мот́ор","Motor"
"устр́аивать","veranstalten, organisieren; in Ordnung bringen, ordnen; recht sein, passen; verschaffen, unterbringen"
"об́ида","Beleidigung, Kränkung; Unmut"
"проф́ессия","Beruf"
"сеѓодняшний","heutig, von heute"
"́юноша","Jüngling, Junior, Junge; Jugendlicher"
"юг","Süden"
"уезж́ать","wegfahren, fortfahren, abreisen, verreisen, fahren, reisen, verlassen"
"д́оля","Anteil, Bruchteil, Teil; Schicksal, Los; Lappen; Dolja"
"в́оин","Krieger, Kämpfer, Soldat"
"медв́едь","Bär"
"ведр́о","Eimer"
"пр́ыгать","springen, hüpfen"
"сќазка","Märchen"
"цк","ZK; Zentralkomitee"
"гр́озный","bedrohlich, drohend, gestreng; furchterregend, Furcht erregend, schrecklich"
"корм́ить","füttern, säugen, stillen; ernähren, satt machen; verpflegen, versorgen, beköstigen"
"полёт","Flug"
"пулемёт","Maschinengewehr"
"жел́езо","Eisen"
"напр́авиться","sich begeben, gehen, fahren"
"рассч́итывать","berechnen, ausrechnen, abzählen; rechnen, erwarten; entlassen, entlohnen"
"механ́изм","Mechanismus"
"тьма","Finsternis, Dunkel(heit); Unmenge, Vielzahl"
"располож́ить","anordnen, verteilen, aufstellen; stimmen, für sich einnehmen, für sich gewinnen"
"н́овость","Neuigkeit, das Neue; Nachricht"
"усл́ать","wegschicken, fortschicken; verbannen, abschieben"
"строќа","Zeile, Reihe"
"шест́ой","sechste(r,s)"
"тщ́ательно","gründlich; sorgfältig"
"сф́ера","Sphäre, Bereich; Kugel"
"комисс́ар","Kommissar"
"р́авный","gleich, gleichberechtigt"
"прозр́ачный","durchsichtig, transparent; klar, eindeutig, offensichtlich"
"мал́ыш","der Kleine, Knirps"
"п́овесть","Erzählung"
"профессион́альный","Berufs-, Fach-, beruflich, fachlich, von Beruf, berufsmäßig; professionell, Profi-"
"жёсткий","fest, starr; hart, zäh, rauh"
"пораж́ение","Niederlage; Schädigung, Läsion, Befall"
"ц́ифра","Ziffer, Zahl"
"компь́ютер","Computer"
"уваж́ать","respektieren, schätzen, achten"
"угр́оза","Bedrohung, Drohung, Androhung; Gefährdung, Gefahr"
"исключ́ение","Ausschluss; Ausnahme"
"бум́ажка","Papierchen, Zettelchen; Scheinchen"
"гр́убый","grob, barsch, rauh, hart"
"догов́ор","Vertrag, Abkommen"
"б́ашня","Turm"
"секр́ет","Geheimnis; Sekret"
"л́ампа","Lampe, Leuchte, Röhre"
"рем́ень","Gürtel, Riemen, Gurt; Koppel"
"повест́и","führen, geleiten; fahren, lenken; sich verhalten, sich benehmen, sich aufführen"
"гл́упость","Dummheit"
"з́имний","Winter-, winterlich"
"библиот́ека","Bibliothek, Bücherei"
"поп́адать","hinfallen, umfallen, fallen; reinfallen, hereinfallen; verunglücken"
"попад́ать","gelangen, hingeraten; treffen"
"покач́ать","eine Weile schaukeln, eine Weile wippen, hin und her bewegen; schütteln; pumpen, downloaden"
"ткань","Gewebe; Stoff"
"хал́ат","Hausmantel, Morgenrock, Bademantel; Kittel"
"отдых́ать","sich erholen; sich ausruhen, sich entspannen"
"путём","mittels, durch, mithilfe"
"переход́ить","überqueren"
"оке́ан","Ozean"
"полиц́ейский","polizeilich; Polizei-"
"дет́аль","Detail, Einzelheit, Einzelteil, Teil, Werkstück"
"молодёжь","Jugend, die Jugendlichen, junge Leute"
"р́адио","Radio, Radioapparat, Radioempfänger; Funk, Rundfunk, Hörfunk"
"гнать","treiben, antreiben, hinterher jagen; vertreiben, forttreiben; lügen"
"плыть","schwimmen, fahren, segeln; treiben"
"л́идер","Führer, Leader, Spitzenreiter"
"наступ́ать","eintreten, anbrechen, beginnen; herantreten, heranrücken, angreifen, vorrücken, vorstoßen; treten"
"парт́ийный","Partei-; parteilich"
"кор́ова","Kuh"
"прест́упник","Verbrecher; Täter, Straftäter, Übeltäter"
"подхват́ить","erfassen, ergreifen; sich holen, sich zuziehen; einstimmen, in den Gesang einfallen; mitreißen, mitnehmen; zufällig bekommen, erwischen; im Flug fassen, vor dem Fall bewahren"
"ит́ог","Ergebnis; Fazit, Bilanz"
"б́оже","mein Gott"
"исчез́ать","verschwinden, verlorengehen"
"зад́ание","Aufgabe, Auftrag"
"посид́еть","ein Weilchen sitzen"
"засед́ание","Sitzung, Tagung"
"п́апка","Aktenordner, Aktendeckel, Ordner; Mappe, Papphülle"
"Фр́анция","Frankreich"
"согл́асно","gemäß, laut, zufolge; harmonisch, einträchtig"
"депут́ат","der Abgeordnete, ; der Deputierte"
"обр́адоваться","sich freuen, erfreut sein"
"н́екогда","einst, einmal; ehemals; keine Zeit"
"м́олодость","Jugend; Jugendzeit"
"лож́иться","sich hinlegen; sich legen"
"в́ыяснить","herausfinden, feststellen, dahinterkommen; klären, klarstellen"
"уд́обный","bequem, günstig, geeignet, passend, angebracht, schicklich"
"н́орма","Norm"
"отвест́и","wegbringen, bringen, begleiten, wegführen, abführen, geleiten; abwenden, ablenken; ablehnen, zurückweisen; anweisen, zuweisen, hinführen"
"гном","Gnom, Kobold, Zwerg, Gartenzwerg"
"генер́альный","General-"
"р́овный","eben, gerade, glatt; ausgeglichen, gelassen"
"переб́ить","unterbrechen, ins Wort fallen; zerbrechen, zerschlagen, kurz und klein schlagen, erschlagen; viele töten"
"удав́аться","gelingen, glücken, geraten"
"цепь","Kette"
"мет́ода","Methode"
"отв́етственность","Verantwortung, Verantwortlichkeit; Haftung, Haftpflicht"
"седьм́ой","der siebente; siebte"
"задерж́ать","aufhalten, anhalten; verzögern, hinausschieben, verschieben; verhaften, festnehmen"
"жар","Hitze, Fieber, Glut; Eifer"
"фин́ансовый","finanziell"
"непл́охо","nicht schlecht, recht gut"
"уваж́ение","Respekt; Achtung, Wertschätzung"
"конт́акт","Kontakt, Fühlung, Verbindung"
"пот","Schweiß"
"подв́ал","Keller"
"́ужин","Abendessen, Abendbrot"
"перех́од","Übergang, Überweg; Überleitung"
"в́ынести","hinaustragen, wegtragen; ertragen, aushalten"
"провер́ять","prüfen, überprüfen, kontrollieren; testen, erproben"
"бег","Lauf"
"спусќаться","herunterkommen, absteigen, hinuntergehen, hinuntersteigen, absteigen, runterfahren, runterrutschen; abfallen, abschüssig sein, nach unten verlaufen, sich absenken; niedergehen, landen; sich verringern, weniger werden, sinken"
"америќанец","Amerikaner"
"трад́иция","Tradition"
"столб","Säule; Pfosten, Pfahl, Pfeiler; Stehle"
"усл́уга","Dienstleistung, Dienst, Kundendienst, Service; Gefälligkeit, Aufmerksamkeit"
"продав́ать","verkaufen"
"шеф","Chef, Pate"
"н́ежный","zärtlich; zart, sanft"
"подозрев́ать","verdächtigen, in Verdacht haben; vermuten, ahnen, argwöhnen"
"веществ́о","Substanz; Stoff, Materie"
"б́аня","Banja, Badehaus; Bad"
"р́адостно","fröhlich; erfreut"
"снар́яд","Geschoss; Gerät, Maschine"
"вор","Dieb"
"вал́яться","sich wälzen, umherliegen"
"разв́едчик","Aufklärer, Späher; Kundschafter, Spion"
"зам́етно","merklich, man merkt"
"пол́езный","nützlich, nutzbringend, Nutz-; gesund, förderlich, bekömmlich"
"ред́актор","Redakteur, Lektor"
"банд́ит","Bandit"
"нем́ало","nicht wenig, recht viel"
"под́ушка","Kissen; Polster"
"нал́ить","gießen, vergießen, verschütten; eingießen, einschenken, füllen"
"обр́атный","Rück-; entgegengesetzt, umgekehrt, gegenteilig"
"грузов́ик","Lastwagen, Laster, LKW, Lastkraftwagen"
"шут́ить","scherzen, sich lustig machen, Scherz treiben"
"раств́ор","Lösung, Mischung; Mörtel; Abstand, Spannweite"
"́яма","Grube; Inspektionsgrube"
"ха","Ha"
"огл́ядываться","sich umsehen, zurückblicken, sich umblicken, um sich blicken"
"минист́ерство","Ministerium"
"стар́инный","althergebracht, altertümlich"
"потр́ебовать","fordern, verlangen, erfordern, bedürfen"
"мод́ель","Modell, Beispiel"
"поп́асться","erwischt werden, auffliegen, in die Falle tapsen, an die Angel gehen, auf den Leim gehen; über den Weg laufen, stoßen auf, begegnen"
"отозв́аться","erwidern, antworten; sich auswirken, Einfluß haben; sich äußern, seine Meinung sagen"
"инструм́ент","Instrument, Gerät; Werkzeug"
"з́олото","Gold, Goldmedaille"
"р́аненый","verwundet, verletzt"
"вод́ить","fahren; führen, herumführen"
"погл́ядывать","anblicken, ansehen; auf jmd. Blicke werfen, hinsehen"
"стрел́ок","Schütze"
"жест","Geste"
"непон́ятно","unverständlich, unklar"
"но́ябрь","November"
"в́ыступить","auftreten; hervortreten, heraustreten, aufbrechen, ausschlagen, durchsickern, auftreten; hervorstehen, hinausragen"
"мр́ачный","dunkel, finster; düster, trübselig"
"эп́оха","Epoche"
"м́ассовый","Massen-"
"договор́иться","sich einigen, übereinkommen, vereinbaren"
"́отдых","Erholung, Erholungsphase; Ruhe, Ausruhen, Entspannung"
"выдав́ать","ausgeben, übergeben, aushändigen, auszahlen, ausleihen; verraten, preisgeben offenbaren, enthüllen; vorgeben, sich ausgeben für"
"пробормот́ать","murmeln"
"перед́ача","Weitergabe, Abgabe, Übergabe, Transfer; Kraftübertragung, Antrieb, Transmission; Sendung"
"в́ырваться","sich losreißen, loskommen; entschlüpfen, entweichen; herauskommen, entkommen"
"сер́ебряный","silbern, Silber-"
"металл́ический","Metall-, metallisch"
"пропуст́ить","durchlassen, vorbeilassen, eintreten lassen; vorübergehen lassen, versäumen, verpassen; auslassen, überspringen, übersehen, weglassen"
"шар","Kugel, Ball; Luftballon"
"зв́ание","Rang, Dienstgrad; Titel"
"ќожаный","Leder-"
"об́язанность","Pflicht, Pflichten"
"волн́ение","Aufregung, Unruhe; Seegang"
"щель","Spalt, Spalte, Möse; Schlitz, Ritze, Splittergraben"
"́акция","Aktie; Aktion"
"́узел","Knoten, Bündel; Baueinheit"
"гроб","Sarg; Grab"
"сверн́уть","zusammenrollen, zusammenfalten; einbiegen, abbiegen; abbauen, einschränken, schließen; verrenken"
"непрем́енно","unbedingt, auf jeden Fall, bestimmt"
"скр́омный","bescheiden, anspruchslos; schlicht, einfach"
"присл́ушиваться","hinhören, zuhören; lauschen, horchen"
"ред́акция","Redaktion; Redigieren, Fassung, Lektorat"
"деж́урный","der Diensthabende, die Aufsichtsperson; diensthabend"
"высоќо","hoch"
"распоряж́ение","Anordnung (Vorgang), Verfügung, Anweisung, Befehl"
"май","Mai"
"подд́ержка","Unterstützung, Beistand, Support"
"запрет́ить","verbieten, untersagen"
"дв́ерца","Türchen, kleine Tür"
"многоч́исленный","zahlreich, sehr viele; vielzählig, unzählig, vielköpfig"
"м́ягко","weich"
"Чечн́я","Tschetschenien"
"м́арка","Marke, Briefmarke, Wertmarke, Handelsmarke; die Mark (Gebiet, Währung)"
"заќончиться","zur Neige gehen, zu Ende gehen; enden, zu Ende sein"
"разреш́ение","Erlaubnis, Genehmigung, Bewilligung; Auflösung, Lösung"
"импер́атор","Imperator; Kaiser"
"лист́ок","kleines Blatt; Blättchen, Zettel"
"зад́умчиво","nachdenklich"
"брод́ить","umherstreifen, wandern, umherstrolchen, herumspazieren; vergären, schäumen, sprudeln"
"дв́игатель","Antrieb, Triebwerk; Motor"
"прис́утствие","Anwesenheit, Präsenz; Gegenwart"
"вооружённый","bewaffnet, ausgerüstet"
"производ́ить","produzieren, herstellen, erzeugen; durchführen, vornehmen, erstellen, auslösen, hervorrufen"
"прис́есть","sich hinsetzen"
"лев","Löwe"
"спр́авиться","zurechtkommen, fertigbringen, bewältigen meistern, schaffen; sich erkundigen, nachforschen"
"возвращ́ение","Rückkehr"
"сыгр́ать","spielen, vorspielen"
"кор́обка","Schachtel, Box; Gehäuse (-kasten)"
"закрыв́ать","schließen, zumachen, dichtmachen, abschließen, verschließen, absperren; bedecken, zudecken"
"п́ечка","Ofen"
"ќончить","fertig sein, beenden, aufhören, abschließen; absolvieren"
"смешн́ой","lustig, komisch, witzig; lächerlich"
"засн́уть","einschlafen"
"пост́упок","Handlung; Tat"
"постар́аться","sich anstrengen; sich bemühen"
"симпт́ом","Symptom, Anzeichen"
"конкр́етный","konkret"
"разб́итый","zerschlagen, zerbrochen, kaputt; zerbrochen; kaputt"
"вчер́ашний","gestrig"
"захот́еться","Lust bekommen"
"кл́адбище","Friedhof"
"ќомплекс","Komplex"
"компл́екс","komplexe Zahl"
"пов́есить","hängen, anhängen, aufhängen, einhängen, auflegen; erhängen"
"в́ыбраться","herauskommen, herausgelangen; sich herausfinden, einen Ausweg finden"
"шанс","Chance, Aussicht"
"л́ожка","Der Löffel"
"стар́ушка","die Alte, alte Frau"
"кор́ичневый","braun; zimtfarben"
"наблюд́ение","Beobachtung, Aufsicht, Kontrolle; Überwachung"
"сл́адкий","süß"
"деќабрь","Dezember"
"пал́ата","Krankenzimmer, Krankensaal; Kammer"
"об́идеться","beleidigt sein, gekränkt sein"
"судь́я","Richter, Richterin; Schiedsrichter, Schiedsrichterin, Kampfrichter, Kampfrichterin"
"произнос́ить","aussprechen, artikulieren, sagen, sprechen"
"ќоротко","kurz, in knappen Worten"
"порт","Hafen; Port"
"винт́овка","Büchse (Gewehr)"
"гориз́онт","Horizont"
"жен́ить","(einen Mann) verheiraten"
"пл́отный","dicht, kompakt, kräftig; fest; eng, stramm"
"освет́ить","beleuchten, anleuchten, durchleuchten; erhellen, erleuchten, erläutern, ; aufklären"
"портф́ель","Aktentasche, Mappe; Schultasche; Portfolio"
"дост́игнуть","erreichen, erlangen; erzielen"
"опуст́иться","sinken, niedergehen, herunterkommen, sich senken, sich niederlassen"
"посыл́ать","schicken, senden"
"подобр́ать","aufheben, aufsammeln, auflesen; wählen, zusammenstellen; einziehen, verstecken; hochnehmen, aufstecken"
"уж́асный","schrecklich, grauenhaft; entsetzlich, furchtbar"
"распахн́уть","aufmachen, aufreißen"
"исключ́ительно","ausschließlich; außergewöhnlich, außerordentlich, äußerst"
"сп́утник","Wegbegleiter, Reisegefährte; Satellit, Trabant"
"и́юнь","Juni"
"тр́ебование","Forderung, Anforderung, Begehren; Anspruch"
"прекрат́ить","aufhören, abbrechen, beenden"
"ц́енность","Wert, Wertsache, Wertgegenstand, Kostbarkeit"
"обесп́ечить","versorgen, versehen; gewährleisten, sicherstellen, garantieren"
"ст́оящий","wert, lohnend, wertvoll; stehend"
"организов́ать","organisieren, arrangieren, veranstalten, auf die Beine stellen"
"душ́евный","seelisch; innerlich, Seelen-"
"набр́ать","wählen, durchwählen; aufsammeln, aufnehmen, sammeln, pflücken, zusammenraffen, zusammenstellen; zulegen, zunehmen; erzielen"
"ѓений","Genie"
"пл́амя","Flamme"
"стиль","Stil"
"задав́ать","aufgeben, auftragen, auferlegen; organisieren, veranstalten; angeben"
"лук","Zwiebel, Zwiebellauch, Lauch; Bogen"
"ѓоспиталь","Hospital, Spital"
"аѓент","Agent, Informant, Kundschafter, Spion; Vermittler, Vertreter; Mittel"
"дост́авить","liefern, anliefern, zustellen; bringen, bereiten, verursachen"
"мен́яться","sich ändern, wandeln; wechseln, einander ablösen"
"Ќостя","Kostja"
"конь́як","Kognak, Weinbrand"
"п́ублика","Publikum, Besucher, Zuschauer"
"в́ечно","ewig, fortwährend, für immer; immerzu, dauernd"
"князь","Fürst, Prinz"
"н́енависть","Hass"
"от́ечественный","vaterländisch; einheimisch"
"с́обственность","Eigentum, Eigenbesitz, Eigentumsrecht"
"пил́ить","sägen, feilen; nörgeln, nerven; abreiben, abwetzen, abscheuern"
"март","März"
"вертолёт","Hubschrauber, Helikopter"
"дар","Gabe, Begabung; Geschenk, Schenkung"
"мор́як","Seemann"
"бескон́ечный","unendlich, ohne Ende, endlos; ewig, dauernd, fortwährend"
"ползт́и","kriechen"
"акт́ивный","aktiv, tätig, tatkräftig"
"отверн́уться","sich abwenden, sich abkehren; sich losdrehen, sich losschrauben, sich aufdrehen, sich zur Seite wenden"
"др́аться","sich schlagen, sich prügeln, raufen"
"поинтересов́аться","sich interessieren, interessiert sein, nachfragen"
"ж́изненный","lebenswichtig; Lebens-, lebensnah, gegenwartsnah"
"пер́о","Feder, wellenförmige Кlinge; Fischflosse"
"колх́оз","Kolchos, Kolchose, Kollektivwirtschaft"
"влад́елец","Besitzer, Inhaber, ; Eigentümer, Halter"
"конц́ерт","Konzert"
"веч́ерний","Abend-, abendlich"
"сыр́ой","feucht, nass; roh, Roh-"
"знаќомство","Bekanntschaft; Kenntnis"
"сл́абость","Schwäche, schwache Seite"
"приобрест́и","erwerben, gewinnen, finden, annehmen, bekommen"
"отќазываться","ablehnen; verzichten; ausschlagen; verweigern; zurückweisen; sich lossagen"
"аккур́атно","akkurat, genau, ; ordentlich, sorgfältig"
"рыб́ак","Fischer, Angler"
"яйц́о","Ei"
"незам́етно","unmerklich, unbemerkt, "
"волш́ебный","Zauber-, Wunder-; zauberhaft, bezaubernd"
"от́ель","Hotel"
"освобод́ить","befreien, freilassen, die Freiheit geben; freistellen, eines Amtes entheben, suspendieren; frei räumen"
"лаборат́ория","Labor; Laboratorium"
"́утренний","Morgen-, Früh-, Vormittags-; morgendlich"
"степь","Steppe"
"ос́обо","besonders; speziell, extra"
"смешн́о","lustig, lächerlich, komisch"
"объясн́ение","Erklärung, Erläuterung"
"т́уча","Wolke, Regenwolke"
"поясн́ить","erklären, erläutern"
"каќов","wie, welcher Art; was für, welcher"
"шаѓать","schreiten, auf und ab gehen"
"взвод","Zug"
"предполож́ить","vermuten, annehmen, voraussetzen; beabsichtigen, vorhaben"
"огор́од","Gemüsegarten, Gartenanlage, Nutzgarten, ; Umzäunung, Einfriedung"
"кли́ент","Kunde"
"танцев́ать","tanzen"
"ввест́и","einführen, hereinführen, importieren; hineingeben, hineinbringen"
"случ́айный","zufällig, Zufalls-, unvorhergesehen, gelegentlich, Gelegenheits-"
"Констант́ин","Konstantin"
"м́елочь","Bagatelle, Kleinigkeit, Nichtigkeit; Kleingeld"
"склон","Abhang, Hang; Steigung, Neigung"
"верх","Gipfel, Spitze, Höhepunkt; Oberstes, Oberteil, Verdeck; Gipfel"
"пуш́ок","Flaum"
"тётка","Tante"
"лётчик","Flieger, Pilot"
"подгот́овить","vorbereiten"
"вступ́ить","eintreten, einziehen; beitreten, einrücken"
"леќарство","Medizin, Arzneimittel, Heilmittel; Medikament"
"л́екарство","Medizin, Heilkunde, Heilverfahren, medizinische Behandlung"
"передав́ать","übermitteln, übertragen, senden; übergeben, überbringen, ausrichten, weiterleiten; schildern, darstellen, berichten, sagen; vererben, übertragen, "
"поддерж́ать","unterstützen, abstützen; aufrechterhalten"
"возд́ушный","Luft-, Aero-; luftig, fluffig, locker; luftig, locker, schwebend, flockig"
"гвоздь","Nagel; Highlight, Kernstück"
"европ́ейский","europäisch"
"слож́иться","sich herausbilden, sich aufaddieren, sich zusammensetzen; sich entwickeln, entstehen, sich gestalten"
"заор́ать","anfangen zu brüllen"
"́якобы","angeblich, vorgeblich, scheinbar"
"ружьё","Gewehr, Flinte"
"побед́ить","besiegen, siegen, bezwingen, überwinden; sich durchsetzen, gewinnen"
"кандид́ат","Kandidat, Anwärter"
"р́азум","Vernunft, Verstand"
"погод́ить","kurz warten, sich etwas gedulden; abwarten"
"тр́огать","berühren, anfassen; bewegen, ergreifen"
"бл́аго","Wohl; Heil; Gut"
"назнач́ение","Bestimmung, Zweck; Benennung, Nominierung, Berufung; Festlegung, Festsetzung, Zuweisung; Verordnung, Vorschrift"
"си́ять","scheinen, leuchten; glänzen, strahlen"
"ув́ы","leider, oweh, auweh"
"ус́есться","sich hinsetzen, sich niederlassen, Platz nehmen; sich an etw. setzen"
"спорт́ивный","sportlich, Sport-"
"нерв","Nerv"
"администр́ация","Verwaltung, Administration"
"нев́идимый","unsichtbar"
"бельё","Wäsche"
"подбор́одок","Kinn"
"эт́ап","Etappe, Entwicklungsstufe, Teilstrecke"
"б́омба","Bombe"
"арестов́ать","verhaften, festnehmen"
"прод́олжить","fortsetzen, weitermachen"
"ж́алкий","beklagenswert, schade, bedauernswert, kläglich, jämmerlich, erbärmlich"
"пол́итик","Politiker"
"ощут́ить","empfinden, fühlen; spüren, verspüren"
"карь́ера","Karriere, Laufbahn"
"удив́ительно","überraschend; erstaunlich, ; verwunderlich"
"прощ́ать","verzeihen, vergeben; erlassen; Lebewohl sagen, Adieu sagen"
"посвят́ить","widmen, ; einweihen, einführen"
"вслух","laut"
"действ́ительность","Wirklichkeit, Realität"
"з́аяц","Hase"
"д́ума","Duma, Rat, repräsentative Versammlung; Gedanke"
"представл́яться","sich vorstellen; entstehen, sich ergeben; scheinen, erscheinen; vorgeben, sich für etwas ausgeben"
"потян́уться","sich dehnen, sich recken; sich ausstrecken"
"выпусќать","hinauslassen, herausgeben, herstellen, produzieren, liefern, ausbilden; herauslassen, auslassen, entlassen, freilassen"
"ленингр́адский","Leningrad-"
"побыв́ать","sich aufhalten, besuchen, aufsuchen; vorkommen, passieren, geschehen"
"знач́ительно","bedeutsam, bedeutend, beachtlich; beträchtlich, beachtlich, erheblich, wesentlich, merklich"
"уж́асно","schrecklich, fürchterlich, ; entsetzlich, unheimlich"
"нев́ольно","unwillkürlich, unfreiwillig, ungewollt"
"коммунист́ический","kommunistisch"
"город́ок","Städtchen, KIeinstadt"
"тв́орческий","schöpferisch, Schaffens-; kreativ, "
"в́ещий","wahrsagerisch, prophetisch"
"экз́амен","Prüfung, Examen"
"ѓибель","Verderben; Untergang, Verfall, Tod; Haufen, große Menge"
"см́елый","mutig, couragiert, gewagt; kühn, tapfer, furchtlos"
"кн́опка","Knopf, Taste, Button; Druckknopf, Reißzwecke"
"уст́авиться","anstarren; passen, hinpassen, hingehen, Platz finden; sich aufbauen, sich aufstellen; vollgestellt werden"
"беспоќоиться","sich beunruhigen, sich Sorgen machen"
"́ангел","Engel"
"огонёк","kleines Feuer, kleine Flamme; Lichtlein, kleines Licht, Lichtschimmer"
"докл́ад","Vortrag, Referat; Bericht"
"дров́а","Brennholz, Holz"
"посл́едствие","Folge, Konsequenz, Ergebnis; Auswirkung, Nachwirkung"
"мах́ать","winken, zuwinken; schwingen, schwenken"
"св́олочь","Gesindel, Bagage, Pack; Lump, Miststück"
"свол́очь","ausziehen, herunterziehen; wegschleppen, klauen, stehlen"
"кит́айский","chinesisch"
"р́оза","Rose"
"бормот́ать","murmeln"
"́яблоко","Apfel"
"кадр","Filmbild, Bild; Angestellter"
"изуч́ать","erlernen, sich aneignen; studieren, erforschen, untersuchen"
"дор́ожка","Weg, Fuß­weg, Pfad; Bahn, Spur; Läufer (Teppich)"
"губерн́атор","Gouverneur"
"т́яжесть","Schwere, Gewicht; Last, Bürde"
"посл́едовать","befolgen, folgen; folgen, hervorgehen; man soll, еs wäre nötig, еs gebührte sich; nachfolgen, verfolgen"
"ч́астность","Einzelheit, Detail"
"делов́ой","sachlich, sachdienlich; geschäftlich, Geschäfts-; fachlich"
"совм́естный","zusammen, gemeinsam, gemeinschaftlich, Gemeinschafts-"
"противопол́ожный","gegenüberliegend, entgegengesetzt, gegensätzlich, gegenteilig"
"оцен́ить","einschätzen, beurteilen, bewerten, abschätzen; wertschätzen, würdigen, anerkennen"
"п́енсия","Rente; Pension, Ruhestand"
"и́юль","Juli"
"фонд","Fonds, Geldfonds; Stiftung; Bestand"
"воображ́ение","Einbildung, Vorstellungskraft, Phantasie, Fantasie"
"опис́ать","beschreiben, schildern; inventarisieren, auflisten, pfänden"
"оп́исать","etwas anpinkeln"
"отдохн́уть","sich erholen; sich ausruhen, sich entspannen"
"́искра","Funke"
"́опытный","erfahren, routiniert, versiert; Pilot-, Versuchs-"
"н́ыне","heutzutage; jetzt, nun, derzeit"
"развест́и","züchten, anbauen, anpflanzen; trennen, scheiden, lösen, verdünnen"
"заплат́ить","bezahlen"
"отч́аяние","Verzweiflung, ; Hoffnungslosigkeit"
"б́изнес","Business, Geschäft"
"бол́ото","Sumpf; Moor, Morast"
"нев́едомый","unbekannt"
"донос́иться","herüberschallen, klingen, tönen; sich ausbreiten"
"в́овремя","pünktlich; rechtzeitig, zur rechten Zeit, zeitig"
"сэр","Sir, Herr"
"блест́еть","glänzen, aufblitzen; strahlen, funkeln, glitzern, leuchten"
"в́иза","Visum, Sichtvermerk"
"́отпуск","Urlaub"
"изображ́ение","Bild, Abbildung, Abbild; Darstellung, Gestaltung, Nachzeichnung"
"в́ыбросить","wegwerfen, hinauswerfen; auf den Markt werfen"
"разбуд́ить","wecken, aufwecken; hervorrufen"
"один́аковый","gleichartig, gleich; gleichsam"
"оц́енка","Note, Zensur; Bewertung, Beurteilung, Einschätzung, Schätzung, Evaluation"
"евр́ейский","hebräisch, ; jüdisch"
"доѓадываться","erraten; ahnen, vermuten"
"полаѓаться","sich verlassen, zählen auf; zustehen, gebühren, sich gehören"
"б́иться","sich schlagen, kämpfen, schlagen, klopfen, sich abmühen, sich plagen"
"защищ́ать","schützen, beschützen; verteidigen"
"груз","Last, Bürde; Ladung, Fracht"
"бюдж́ет","Budget, Etat, Finanzhaushalt"
"исп́ользование","Nutzung, Ausnutzung, Benutzung; Verwendung, Anwendung, Einsatz, Verwertung"
"допуст́имый","zulässig, statthaft; akzeptabel, tolerabel, "
"кр́олик","Kaninchen"
"доказ́ательство","Beweis; Beweisführung"
"содерж́ать","halten, festhalten; enthalten, beinhalten; unterhalten, versorgen, aushalten"
"т́анец","Tanz"
"́ярко","leuchtend, farbenfroh, markant, krass; hell, grell"
"внук","Enkel"
"ѓордость","Stolz"
"посред́и","mitten, inmitten; in der Mitte, mittig"
"получ́ение","Bezug, Bekommen, Erhalten, ; Empfang; Gewinnung, "
"крив́ой","schief, krumm"
"стук","Klopfen, Klackern, Rattern"
"сн́изу","von unten, unten"
"печь","backen; brennen, sengen"
"янв́арь","Januar, Jänner"
"жест́окий","grausam; brutal, hart"
"попр́авить","berichtigen, in Ordnung bringen"
"меж","zwischen; dazwischen"
"гиѓантский","gigantisch, riesig, riesenhaft; Riesen-"
"полов́ой","Geschlechts-, geschlechtlich, sexuell; Fußboden-"
"яп́онский","japanisch"
"шќура","Fell, Haut, Balg"
"приглаш́ать","einladen, auffordern, rufen, kommen lassen"
"заключ́ение","Abschluss, Schluss; Schlussfolgerung, Folgerung; Einsperren, Inhaftierung, Haft"
"немн́ожко","ein bisschen"
"санкт","Sankt, Heilig"
"ковёр","Teppich"
"обн́ять","umarmen, in die Arme schließen; ergreifen, umfassen"
"де","wo; de, di; man sagt..., es heißt..., angeblich..."
"ќойка","Koje, Bett"
"ошиб́иться","sich irren, sich täuschen; einen Fehler machen"
"недост́аток","Mangel, Knappheit, Makel; Nachteil, Defizit, Schwäche"
"потян́уть","ziehen, zerren, reißen; ziehen, hinziehen, hochziehen; sich hinziehen, ausdehnen, hinauszögern; wiegen; Druck ausüben"
"нал́ичие","Vorhandensein, Vorliegen, ; Verfügbarkeit"
"интересов́аться","sich interessieren, interessiert sein, Interesse haben"
"ст́атус","Status"
"пох́од","Wanderung, Ausflug, Besuch, Marsch, Kampagne"
"уч́илище","Lehranstalt, Schule, Bildungseinrichtung, "
"заключ́аться","bestehen, beinhalten; schließen, geschlossen werden; sich einschließen, sich zurückziehen, Zuflucht nehmen"
"сорв́ать","abreißen, herunterreißen; pflücken; auslassen, abtragen, abladen; vereiteln, sabotieren, sprengen, zum Scheitern bringen"
"р́ыцарь","Ritter"
"приб́ор","Armatur, Vorrichtung; Gerät, Instrument; Besteck, Gedeck"
"в́ыборы","Wahlen, Urnengang"
"обойт́и","herumgehen, durchstreifen; vermeiden, umgehen, ausweichen; überholen, vorbeigehen, den Rang ablaufen; sich verbreiten"
"пон́ятный","verständlich; verstehbar, deutlich; klar, begreiflich"
"расстрел́ять","erschießen, beschießen; verschießen"
"ќарточка","Kärtchen, Bildkärtchen; Ausweiskarte, Lebensmittelkarte, Bezugskarte, Bezugsschein; Chipkarte, Magnetkarte"
"госуд́арь","Herrscher, Landesherr"
"разобр́ать","sortieren, aussortieren, aufdröseln, einordnen, ordnen; auseinandernehmen, zerlegen, demontieren, abbauen, ausverkaufen; auseinandersetzen, analysieren, verstehen, entziffern, begreifen, ergründen"
"примен́ять","anwenden, verwenden; einsetzen"
"худ́ожественный","künstlerisch, schöngeistig; Kunst-"
"путеш́ествие","Reise"
"зр́итель","Zuschauer, Zuseher, Kinobesucher, Fernsehzuschauer"
"пожал́еть","bedauern, bereuen, bemitleiden; sparen, schonen"
"исключ́ить","ausschließen, ausnehmen, ausschalten, exmatrikulieren"
"имп́ерия","Imperium, ; Reich, Kaiserreich"
"д́евка","Mädchen"
"давл́ение","Druck (fig.+ phys)"
"патр́он","Patrone; Fassung, Hülse, "
"м́ина","Miene, Mine"
"дв́ажды","2 x (in Multiplikationsaufgaben); zweimal, zweifach"
"спект́акль","Schauspiel, Spektakel, Show; Theaterstück, Aufführung, Vorstellung"
"дост́ойный","würdig, wert, gebührend; verdient, verdienstvoll, gerecht; vertrauenswürdig"
"хрен","Meerrettich, Kren; (derb) Schwanz (=Penis)"
"примен́ение","Anwendung, Verwendung, Einsatz"
"пл́авать","schwimmen"
"л́екция","Vorlesung, Vortrag"
"жел́удок","Magen"
"ледян́ой","eisig, eiskalt; Eis-, eisbedeckt"
"супр́уг","Ehepartner, Gatte, Ehemann"
"потр́ебность","Bedarf, ; Erfordernis; Bedürfnis"
"ѓалстук","Krawatte, Schlips"
"дополн́ительный","ergänzend, nachträglich; zusätzlich, Extra-, weitere"
"док","Dock"
"социал́изм","Sozialismus"
"св́адьба","Hochzeit"
"сбить","abschlagen, herunterschlagen, umwerfen, abschiessen, überrollen; schlagen, rühren; aus dem Konzept bringen, in Verwirrung bringen"
"приж́ать","drücken; bedrängen"
"вне","außer; außerhalb"
"восп́ользоваться","verwenden, benützen, gebrauchen; besitzen, haben, genießen"
"пр́обовать","probieren, versuchen, kosten"
"соль","Salz"
"петерб́ургский","Petersburger, Petersburg-"
"переж́ить","erleben; überleben, durchmachen; ertragen, überstehen"
"руль","Rad, Steuerrad; Lenkrad, Lenker, Lenkstange"
"м́ука","Qual, Plage, Pein, Leiden"
"муќа","Mehl"
"допуст́ить","zulassen, gestatten; annehmen, zugeben; begehen, machen; akzeptieren, einräumen, zulassen"
"хл́опнуть","klatschen, schlagen; zuknallen, sich hinter die Binde giessen"
"раскр́ыть","öffnen, aufmachen, aufschlagen; offenbaren, enthüllen, aufdecken, entlarven"
"класть","legen, hinlegen, niederlegen; tun, reintun; stapeln, deponieren"
"штат","Bundesstaat, Unionsstaat; Personal, Personalbestand"
"оторв́ать","abreißen, losreißen, abtrennen; abbringen, ablenken"
"сл́ышаться","zu hören sein, ertönen, erschallen; wahrnehmbar sein"
"стекл́янный","gläsern, Glas-"
"полет́еть","fliegen"
"пригот́овить","kochen, zubereiten; vorbereiten"
"боч́ок","kleinere Seite, Flanke"
"запл́акать","zu weinen beginnen"
"уќазывать","nennen, angeben; hinweisen; zeigen, weisen"
"л́овко","geschickt, gewandt; pfiffig, gerissen"
"сопровожд́ать","begleiten, geleiten, mitgehen; sekundieren, die zweite Stimme intonieren; beilegen zu, ; (mit etw.) versehen"
"сканд́ал","Skandal, Radau, Krach"
"з́автрак","Frühstück"
"сид́енье","Sitz, Sitzpolster"
"в́ерсия","Version, Fassung"
"поним́ание","Verständnis, Auffassung, Einsicht; Verstehen, Begreifen"
"прерв́ать","unterbrechen; ins Wort fallen"
"материальный","materiell"
"шум́еть","lärmen, Lärm machen, rauschen, brausen"
"ох́отник","Jäger"
"прошепт́ать","flüstern"
"та́инственный","geheimnisvoll; mysteriös"
"пуст́ыня","Wüste"
"течь","fließen, strömen, quellen, auslaufen; verrinnen, verfließen, vergehen"
"р́ечка","Flüsschen, kleiner Fluss"
"зараб́отать","verdienen, erarbeiten, sich holen; zu arbeiten anfangen, in Gang kommen; sich zuziehen, sich einhandeln"
"бревн́о","Baumstamm, Holzstamm; Balken, Schwebebalken, Schwebebaum; Einfaltspinsel"
"торѓовый","Handels-, kommerziell; Einkaufs-, Geschäfts-, geschäftlich"
"стрел́а","Pfeil"
"укр́асть","stehlen"
"секр́етный","Geheim-, geheim, vertraulich"
"акад́емия","Akademie"
"дожид́аться","warten, abwarten; abwarten"
"пром́ышленность","Industrie, Gewerbe"
"окруж́ить","umgeben, umringen, umzingeln, einkesseln"
"пос́уда","Geschirr, -; посудный-"
"иди́от","Idiot"
"сур́овый","streng; knallhart; rau"
"разгляд́еть","betrachten, mustern, besehen, beäugen, angucken; erkennen, wahrnehmen"
"служ́ебный","dienstlich, Dienst-; amtlich, Amt-; dienend, untergeordnet"
"ѓорный","Berg-, Gebirgs-, bergig, gebirgig, Bergbau-"
"дурн́ой","schlecht, übel, böse"
"допр́ос","Verhör, Vernehmung"
"необыкнов́енный","außergewöhnlich, außerordentlich; ungewöhnlich, merkwürdig, "
"р́усски","russisch, Russisch"
"др","Abk. für древний (uralt, antik); Abk. für другой (andere, übrige)"
"н́ынче","heutzutage, heute, derzeit, heuer"
"прод́ажа","Verkauf, Handel"
"дост́аться","zuteil werden, zufallen, zukommen"
"конфл́икт","Konflikt"
"загл́ядывать","vorbeikommen, vorbeischauen, hinschauen; nachsehen, hineinschauen, hineingucken"
"св́ойство","Eigenschaft, Beschaffenheit, Qualität, Zug, Natur"
"свойств́о","Schwägerschaft, Verwandtschaft"
"зам́етный","merklich, bemerkbar, erkennbar, auffallen, bedeutend; spürbar"
"предпочит́ать","vorziehen, es für besser halten; bevorzugen"
"рв́аться","reißen, zerreißen, verschleißen; streben, sehnen; explodieren, zerspringen"
"кус́очек","ein kleines Stück, Stückchen"
"с́удно","Schiff; Bettpfanne, Bettschüssel"
"отл́ичный","ausgezeichnet, fabelhaft, hervorragend; andersartig, sich unterscheidend"
"относ́ительно","relativ, verhältnismäßig; bezüglich, in Bezug, hinsichtlich"
"р́амка","(kleiner) Rahmen"
"каранд́аш","Bleistift, Stift"
"собес́едник","Gesprächspartner"
"бригад́ир","Vorarbeiter, Brigadier"
"возраж́ать","widersprechen, erwidern, entgegnen; einwenden"
"кр́айне","äußerst, sehr, extrem"
"в́ыставить","ausstellen, zur Schau stellen, in Vordergrund rücken; aufstellen, nominieren; hinauswerfen, feuern; zeigen, hinstellen"
"пережив́ать","erleben; überleben; sich beunruhigen, sich Sorgen machen"
"гр́охот","Getöse, Krach, Gedonner, Rumpeln, Donnern; Sieb, Gitterrost"
"др́ака","Schlägerei, Prügelei; Rauferei, Rangelei"
"мак","Mohn"
"уч́есть","berücksichtigen, miteinbeziehen; einkalkulieren, zählen"
"ан́ализ","Analyse, Probe"
"перегов́оры","Verhandlungen"
"выступл́ение","Auftritt, Ansprache, Rede, Vortrag; Darbietung, Aktion, Ausrücken, "
"ох́отно","gern, mit Vergnügen"
"непри́ятность","Unannehmlichkeit, Ärger"
"в́ыразить","ausdrücken, zum Ausdruck bringen; aussprechen, äußern, "
"торѓовля","Handel"
"москв́ич","Moskauer; Moskwitsch"
"тр́анспорт","Transport, Beförderung, Verkehrwesen, Verkehrsmittel, Beförderungsmittel"
"трансп́орт","Transport, Beförderung, Verkehrwesen, Verkehrsmittel, Beförderungsmittel"
"справедл́ивость","Gerechtigkeit, Berechtigtheit"
"остан́овка","Haltestelle, Station; Halt, Aufenthalt, Unterbrechung; Stillstand, Stockung"
"развив́аться","sich entwickeln, sich entfalten"
"нев́еста","Braut, die Verlobte"
"р́укопись","Manuskript, Handschrift"
"гром́адный","riesig, riesengroß"
"м́астерский","meisterlich, meisterhaft; Meister-"
"подвест́и","im Stich lassen, enttäuschen; zuführen, heranführen, herbeiführen; einordnen, einstufen"
"блок","Block; Baustein, Baugruppe, Einheit; Bündnis, Pakt"
"экспед́иция","Expedition"
"сн́ежный","Schnee-; schneeig, schneebedeckt, schneereich; verschneit"
"ув́еренность","Gewissheit, Sicherheit; Zuversicht"
"устр́оиться","sich einrichten, sich etablieren, sich geben, in Ordnung kommen; unterkommen, sich niederlassen, Unterkunft finden, untergebracht werden"
"ком́андовать","kommandieren, befehligen"
"внутрь","nach innen, hinein-, in"
"д́ура","weiblicher Dummkopf, dumme Gans, blöde Kuh, Zicke"
"вздр́огнуть","zucken, zusammenzucken, zusammenfahren; aufschrecken, auffahren"
"крас́авица","schöne Frau, Schönheit, die Schöne"
"запер́еть","zuschließen, abschließen, verschließen; einschließen, einsperren; verriegeln"
"разбир́аться","sich auskennen; zerlegt werden, auseinandergenommen werden"
"обман́уть","betrügen, täuschen, belügen, hintergehen"
"кр́ышка","Deckel; ugs. das Ende"
"влад́еть","besitzen; beherrschen, in der Gewalt haben"
"уд́ача","Glück, gutes Gelingen, Erfolg"
"сар́ай","Scheune; Schuppen"
"конт́ора","Kontor, Büro"
"отр́езать","abschneiden, abtrennen, wegtrennen, kürzen"
"отрез́ать","abschneiden, abtrennen, wegtrennen, kürzen"
"скам́ейка","Sitzbank, Parkbank"
"род́ить","gebären, zur Welt bringen, entbunden werden; hervorbringen, erzeugen"
"р́ухнуть","einstürzen, einfallen; zusammenbrechen"
"один́очество","Einsamkeit"
"дь́явол","Diabolus, Teufel"
"рассв́ет","Morgendämmerung, Morgengrauen; Tagesanbruch, Sonnenaufgang"
"акад́емик","Akademiemitglied"
"сплошн́ой","durchgängig, ununterbrochen, kompakt, durchgehend, kontinuierlich; vollständig, völlig, komplett, total"
"обм́ен","Austausch, Umtausch, Tausch; Wechsel"
"ќаша","Brei, Grütze; Wirrwarr, Durcheinander"
"провож́ать","begleiten; geleiten, bringen"
"сп́ичка","Streichholz"
"сп́ора","Spore"
"Кор́ея","Korea"
"перев́од","Übersetzung, Dolmetschen; Überführung, Versetzung; Überweisung, Transfer, Postanweisung"
"осмотр́еть","besichtigen, genau betrachten, in Augenschein nehmen; untersuchen, mustern, prüfen; inspizieren"
"конч́аться","enden, zu Ende gehen, ausgehen, aufhören"
"усн́уть","einschlafen"
"режиссёр","Regisseur"
"отчёт","Bericht, Report; Rechenschaft, Rechenschaftsbericht"
"огляд́еть","besehen, betrachten, überblicken"
"блеск","Glanz, Pracht, Prunk; Leuchten, Blitzen, Funkeln"
"культ́урный","kulturell, Kultur-, gesittet"
"пров́ерка","Prüfung, Überprüfung, Kontrolle"
"негр́омко","nicht laut, leise, gedämpft"
"восьм́ой","der achte"
"с́ахар","Zucker"
"пр́ятаться","sich verstecken, sich verbergen"
"лоп́ата","Spaten; Schaufel"
"р́анить","verwunden; verletzen, kränken"
"над́ел","Anteil; Areal, Grundstück"
"пит́ание","Nahrung, Ernährung, Kost; Speisung"
"прокур́ор","Staatsanwalt"
"неторопл́ивый","nicht eilig, gemächlich, bedächtig, langsam, ruhig"
"экип́аж","Besatzung, Mannschaft; Kutsche, Equipage, Wagen"
"лифт","Lift, Aufzug, Fahrstuhl"
"постор́онний","fremd, unbekannt, außenstehend"
"накан́уне","am Vorabend, am Vortag; am Tag zuvor, tags zuvor"
"трус","Feigling, Angsthase, Memme"
"трудов́ой","Arbeits-"
"открыв́аться","sich öffnen, aufgehen, geöffnet werden, eröffnet werden, beginnen; sich eröffnen, sich zeigen; entdeckt werden, offenbar werden"
"чрезвыч́айно","außerordentlich, äußerst"
"иностр́анец","Ausländer"
"науч́ить","beibringen, lehren"
"л́ента","Band, Streifen"
"подчеркн́уть","unterstreichen, betonen, hervorheben"
"успоќоить","beruhigen, beschwichtigen, zur Ruhe bringen"
"косм́ический","kosmisch, Weltraum-, Raum-"
"цех","Werksabteilung, Werkshalle; Zunft"
"балќон","Balkon"
"м́ода","Mode"
"ступ́енька","Stufe, Sprosse"
"в́ыставка","Ausstellung, Auslage; Messe, Schau"
"оконч́ание","Abschluss, Absolvierung, Schluss; Ende, Endung, Beendigung"
"лом́ать","brechen, abbrechen, zerbrechen, ; kaputt machen"
"з́амуж","(einen Mann) heiraten; sich verheiraten (aus Sicht der Frau)"
"ср́очно","dringend; eilig, unverzüglich"
"сбр́осить","abwerfen, herunterwerfen, zusammenwerfen; ausziehen; weiterreichen; zurücksetzen"
"все́общий","allseitig; generell (adverb) universell"
"с́ено","Heu"
"акт","Akt, Aktion, Handlung, Tat, Urkunde, Akte, Aufzug"
"указ́ание","Anweisung, Weisung, Instruktion, Anordnung; Hinweis, Angabe"
"перенест́и","verschieben, verlegen, verlagern, vertagen, aufschieben, verschieben, übertragen; etwas vertragen, ertragen, aushalten, erdulden, erleiden"
"ч́етверо","vier; zu viert"
"пр́ятать","verbergen, verstecken, verwahren"
"м́олния","Blitz; Reißverschluß"
"разверн́уть","entfalten, entwickeln; auffalten, ausbreiten, aufschlagen; auswickeln, auspacken; umdrehen, wenden, in Gang bringen"
"зас́ыпать","überhäufen, zuschütten, überschütten, bedecken; einschlafen"
"засып́ать","einschlafen; überhäufen, zuschütten, überschütten, bedecken"
"наж́ать","drücken, andrücken; pressen, auspressen; Druck ausüben; einen Zahn zulegen"
"социалист́ический","sozialistisch"
"глот́ок","Schluck"
"п́оза","Pose, Haltung"
"пом́имо","nebst; abgesehen von...; außer, darüber hinaus; neben, nebenher"
"пустот́а","Leere, Vakuum"
"ре́альность","Realität, Wirklichkeit"
"музыќант","Musiker"
"сл́авный","ruhmreich, ruhmvoll, glorreich; berühmt; gut, nett, prima, brav, fein, sympathisch"
"слож́ить","aufeinanderlegen, lagern, hinlegen; addieren; zusammenlegen, falten; komponieren, dichten"
"свид́ание","Verabredung, Date, Rendezvous; Wiedersehen, Besuch"
"брак","Ehe; Pfusch, Fehler, Schaden, Murks; Ausschuss, Ausschussware"
"глаз́ок","Äuglein; Knospe, Auge; Guckloch"
"свинь́я","Schwein, Sau, Keiler"
"руб́аха","Hemd"
"спирт","Spiritus, Alkohol"
"принц","Prinz"
"нам́ерение","Absicht, Intention; Vorsatz, Vorhaben"
"гр́устно","traurig, es ist traurig"
"плод","Frucht; Leibesfrucht, Fötus"
"руб́еж","Grenze, Linie"
"м́айка","T-Shirt, Nicki; Trikot, Trikothemd, Sporthemd; Unterhemd"
"прояв́ить","zeigen, bekunden, bezeigen, äußern; entwickeln"
"соотв́етствовать","entsprechen, zusammenfallen; übereinstimmen"
"н́ожка","Bein, Fuß, Stiel"
"обсужд́ать","besprechen, durchsprechen, diskutieren"
"прох́од","Durchgang, Passage"
"м́истер","Herr"
"происхожд́ение","Herkunft, Abstammung, Ursprung"
"доќазывать","beweisen, nachweisen"
"замен́ить","auswechseln, ersetzen, vertreten, ablösen"
"слом́ать","brechen, zerbrechen, abbrechen, wegbrechen; kaputt machen"
"м́иновать","vorübergehen, verstreichen, vergehen; vorbei sein, vorüber sein; entgehen, entrinnen"
"слых́ать","hören, vernehmen, erfahren"
"достиж́ение","Erreichung, Erlangung, Erreichen; Errungenschaft, Erfolg, Leistung"
"в́ыехать","losfahren, wegfahren, ausreisen, verreisen, verlassen"
"проявл́ение","Bezeigung, Bekundung, Äußerung; Entwicklung, Ausprägung, Manifestation; Erscheinung, Auftreten, Hervortreten"
"цивилиз́ация","Zivilisation"
"кив́ать","nicken"
"в́ытянуть","strecken, recken; herausziehen; absaugen, abnehmen; durchbringen; bewältigen, schaffen; entlocken, herausfinden; aushalten, ertragen; wegziehen, herausreißen, herausholen"
"оќоп","Schützengraben"
"поцелов́ать","küssen"
"надёжный","zuverlässig, verlässlich"
"лишённый","bar, frei von, beraubt"
"в́ежливо","höflich, artig, anständig"
"нел́овко","ungeschickt, ungelenk, unbeholfen; unbehaglich, unbequem, unpassend, unangenehm"
"исп́ользоваться","genutzt werden, gebraucht werden, verwendet werden"
"гроз́ить","drohen"
"тв́орчество","Schaffen, Wirken, Werk"
"хран́ить","bewahren, hüten; aufbewahren, ; lagern, speichern"
"шевел́иться","sich bewegen; sich rühren, sich regen"
"нав́ерх","nach oben, hinauf-, herauf-"
"ц́арский","Zaren-, zaristisch, König-, königlich"
"В́олга","Wolga; Wolga"
"с́идя","sitzend, im Sitzen"
"достав́ать","beschaffen, besorgen, auftreiben; herausholen, herausnehmen; ausreichen, reichen; reichen, gelangen; zur Weißglut bringen, nerven, auf den Keks gehen"
"брос́аться","stürzen, sich werfen, sich stürzen; einander bewerfen; eilen"
"определ́ять","bestimmen, definieren, festsetzen, abgrenzen"
"заключ́ить","schließen, schlussfolgern; einschließen, einsperren, beinhalten; abschließen, beenden"
"коммун́изм","Kommunismus"
"убеж́ать","weglaufen, davonlaufen"
"шестьдес́ят","sechzig"
"мал́ейший","kleinst, winzigst; geringst, wenigst, "
"доход́ить","hingehen; angelangen, ankommen, erreichen, kommen zu"
"виз́ит","Besuch, Visite"
"корреспонд́ент","Korrespondent, Berichterstatter"
"всерьёз","ernst (im Ernst), ernsthaft, ernstlich, "
"посов́етовать","anraten, Ratschläge geben; empfehlen"
"учрежд́ение","Einrichtung, Institution, Anstalt, Behörde, Amt; Gründung, Stiftung"
"успев́ать","rechtzeitig kommen, mitkommen; gute Leistungen haben"
"н́ация","Nation"
"пр́ибыль","Gewinn, Profit; Ertrag"
"атмосф́ера","Atmosphäre"
"свет́иться","leuchten, scheinen, strahlen, funkeln, glänzen, schimmern"
"рисков́ать","riskieren, ein Risiko eingehen, aufs Spiel setzen, Gefahr laufen"
"вел́ичество","Majestät"
"ст́оимость","Wert, Preis"
"хар́актерный","Charakter-"
"характ́ерный","charakteristisch, ausgeprägt, markant, charaktervoll, kennzeichnend, bezeichnend für"
"впосл́едствии","in der Folge, später, im Nachhinein"
"рвать","herausreißen, herausziehen; zerreißen; pflücken, sammeln; abbrechen; erbrechen"
"соображ́ать","begreifen, überlegen, verstehen, erfassen; nachdenken, erwägen"
"реш́аться","sich entscheiden"
"страд́ание","Leiden, Qual"
"постуч́ать","klopfen, anklopfen, pochen, hämmern"
"поход́ить","ähneln, gleichen"
"́явный","offensichtlich, offenbar, offen; erkennbar, unverkennbar"
"превращ́аться","verwandeln in, wandeln, ausarten"
"вин́а","Schuld, Verschulden"
"в́едьма","Hexe"
"зав́исимость","Abhängigkeit; Sucht"
"сбеж́ать","fliehen, entlaufen, davonlaufen, weglaufen; herunterlaufen, herunterkommen"
"рис́унок","Zeichnung, Muster"
"герм́анский","germanisch, deutsch"
"отн́юдь","keineswegs, mitnichten, durchaus nicht, "
"н́оготь","Fingernagel; Fußnagel"
"ложь","Lüge"
"соображ́ение","Überlegung; Erwägung, Beweggrund"
"бел́ок","Eiweiß, Eiweißstoff"
"пл́оский","flach, platt"
"повыш́ение","Erhöhung; Anhebung, Steigerung"
"дл́ительный","langwierig; lang"
"прис́утствовать","anwesend sein; dabei sein"
"электр́ический","elektrisch"
"охват́ить","umfassen, umklammern; ergreifen, befallen, erfassen"
"всп́ыхнуть","aufflammen, auflodern, ausbrechen, entbrennen; aufblitzen; erglühen, erröten"
"папир́оса","Papirossa"
"тр́япка","Lappen, Tuch, Waschlappen"
"бар́он","Baron"
"посет́итель","Besucher; Gast, Kunde"
"перем́ена","Veränderung, Änderung; Wechsel, Wandel; Pause"
"дерев́енский","Dorf-, Land-; dörflich, ländlich"
"хохот́ать","auflachen, schallend lachen"
"ќинуться","sich werfen, sich stürzen"
"неподалёку","nicht weit, in der Nähe; unweit"
"исход́ить","ausgehen, herstammen; austreten, verströmen, entweichen, herauskommen; durchstreifen, durchqueren, durchwandern; kommen"
"л́асково","liebevoll, zärtlich, sanft"
"плит́а","Platte, Fliese; Herd, Kochherd"
"испыт́ать","prüfen, erproben, testen, ausprobieren; empfinden, erleiden, erfahren, erleben"
"смен́ить","ablösen, auswechseln; wechseln, umtauschen"
"разойт́ись","auseinandergehen, sich trennen, sich scheiden lassen; sich zerstreuen, auseinanderlaufen, divergieren"
"Кит́ай","China"
"соб́ачий","Hunde-"
"окруж́ающее","Umgebung"
"карт́инка","Abbildung, Bild, Bildchen; Illustration"
"серд́ито","ärgerlich, aufgebracht, verärgert, böse auf, zornig"
"комб́ат","Bataillonskommandeur, Batterieführer"
"предупрежд́ать","warnen, vorwarnen; vorbeugen, verhüten; informieren, hinweisen, im Voraus aufmerksam machen"
"рассме́яться","auflachen, in Lachen ausbrechen"
"вдвоём","zu zweit"
"коллект́ив","Kollektiv, Gemeinschaft, Team, Belegschaft"
"чт́ение","Lesen, Lektüre, Lesung"
"объём","Rauminhalt, Volumen; Umfang"
"исполн́ение","Ausführung; Aufführung, Darbietung, Vorführung; Erfüllung, Vollzug"
"тр́иста","dreihundert"
"парох́од","Dampfschiff, Dampfer"
"п́одвиг","Großtat, Heldentat, heroische Aktion; Meisterleistung"
"прод́укция","Produktion, Erzeugnis"
"возд́ействие","Einwirkung, Auswirkung; Einfluß"
"кирп́ич","Ziegel, Ziegelstein; Backstein"
"коп́ейка","Kopeke"
"стальн́ой","Stahl-, aus Stahl, ; stählern"
"наказ́ание","Strafe, Bestrafung"
"гот́овность","Bereitschaft, Bereitwilligkeit"
"угол́ок","Ecke, Winkel, Winkelchen"
"устан́овка","Anlage, Vorrichtung; Aufbau, Installation, Aufstellung, Einrichtung; Festlegung, Direktive, Richtlinie; Einstellung, Ausrichtung"
"федер́ация","Föderation, Bund, Verband"
"ж́ирный","fettig, fetthaltig, Fett-"
"слуѓа","Diener"
"спос́обствовать","fördern, begünstigen; beitragen, helfen, unterstützen"
"в́анный","Bad-, Bade-; Wannen-"
"п́одпись","Unterschrift; Signatur"
"сохран́иться","sich erhalten, erhalten bleiben; bewahrt werden, aufbewahrt werden"
"сбор","Versammlung, Zusammenkunft; Sammlung, Einsammeln, Erhebung, Beitreibung; Ernte, Ertrag"
"горд́иться","stolz sein"
"отќаз","Ablehnung, Weigerung, Verzicht; Absage; das  Versagen"
"мет́алл","Metall"
"рисов́ать","zeichnen; malen"
"пещ́ера","Höhle"
"троту́ар","Bürgersteig, Trottoir; Gehweg, Gehsteig"
"ат́ака","Attacke, Angriff"
"решётка","Gitter"
"подз́емный","unterirdisch"
"б́ожий","göttlich; Gott-, Gottes-"
"пере́улок","Gasse, Quergasse"
"препар́ат","Präparat"
"спас́ать","retten, bergen"
"совещ́ание","Besprechung, Konferenz; Beratung"
"понач́алу","anfangs, zu Beginn, zuerst, zunächst"
"нужд́а","Not, Elend, Drangsal; Bedürfnis, Bedürftigkeit"
"тыл","rückwärtiges Gebiet, Hinterland; Rückseite, Rücken"
"рассужд́ать","beurteilen, erwägen, nachsinnen, urteilen; argumentieren, denken, erörtern; sprechen, kritisieren"
"отч́ётливо","deutlich, klar, scharf"
"бр́аться","herkommen; fassen, anfassen; beginnen, anpacken"
"помеш́ать","umrühren, durchrühren; stören, hindern, behindern"
"нест́ись","rasen, sausen, verfliegen; sich schnell ausbreiten, erschallen, ertönen; Eier legen"
"нар́яд","Ausstattung, Outfit, Tracht, Kleidung; Aufgebot; Auftrag"
"сов́етник","Berater, Rat, Ratgeber"
"гимнастёрка","Feldbluse, Uniformjacke, Bluse mit Stehkragen"
"очн́уться","zu sich kommen, erwachen"
"догн́ать","einholen, aufholen; kapieren, durchblicken"
"ж́алость","Mitleid"
"ч́ашка","Tasse"
"р́адостный","erfreulich, froh, lustig"
"люк","Luke, Schiebedach, Luk"
"шагн́уть","einen Schritt tun, hervortreten"
"музыќальный","Musik-, musikalisch"
"спорт","Sport, Sportart"
"окруж́ение","Umgebung, Umwelt, Umfeld, Ambiente; Einkreisung, Umzingelung; Umfeld"
"ар́ест","Arrest, ; Verhaftung, Festnahme"
"операт́ивный","operativ; Einsatz-, Operativ-"
"прочь","weg, fort, hinweg"
"великол́епный","großartig, ; prächtig, prachtvoll, herrlich"
"флот","Flotte, Marine"
"нал́ог","Steuer"
"сорв́аться","sich losreißen, hinabstürzen, herunterstürzen; misslingen, missglücken; entschlüpfen, entfahren"
"слеп́ой","blind"
"демокр́атия","Demokratie"
"в́ыделить","hervorheben, kennzeichnen, unterstreichen, betonen; ausscheiden, absondern; zuweisen, zuteilen"
"приёмный","Empfangs-, Aufnahme-"
"подход́ящий","passend, angebracht, geeignet, gelegen, richtig, zusammengehörig"
"ол́ень","Hirsch, Hirschunterarten (Elch, Reh, Rentier); Schwachkopf, Narr, Tölpel"
"тур́ист","Tourist, Wanderer"
"изображ́ать","darstellen, zeigen, spielen, verkörpern, widerspiegeln, nachahmen; darlegen, schildern, gestalten"
"залож́ить","plazieren, anlegen, belegen, hinlegen, verlegen; verpfänden, hinterlegen, versetzen; verpetzen, verpfeifen, verraten"
"эфф́ект","Effekt"
"тих́онько","leise, mucksmäuschenstill; langsam"
"отысќать","finden, auffinden; ausfindig machen, aufstöbern"
"конфер́енция","Konferenz"
"разр́ыв","Riss, Ruptur; Bruch, Abbruch, Zerwürfnis; Kluft, Diskrepanz; Zersprengung"
"сосн́а","Kiefer, Föhre"
"б́арин","(gnädiger) Herr, Gutsherr, Adliger; Lebemann"
"н́екуда","nirgendwohin, nirgends"
"посп́ешно","eilig, hastig; voreilig, überstürzt"
"б́удущий","zukünftig, der nächste, der kommende, künftig"
"соедин́ить","verbinden, vereinigen, vereinen; zusammenfügen"
"напад́ение","Angriff, Sturm; Überfall"
"Укра́ина","Ukraine"
"руѓаться","sich zanken, sich streiten; fluchen; schimpfen, aufeinander schimpfen"
"зад́ать","aufgeben, auftragen, auferlegen; angeben, vorgeben; organisieren, veranstalten"
"м́ыло","Seife"
"неверо́ятный","unwahrscheinlich; unglaublich, unerhört"
"воз́иться","hantieren, sich zu schaffen machen, werkeln; sich abmühen, sich abrackern, herumwirtschaften"
"скр́ытый","verborgen, versteckt, heimlich, geheim"
"напр́асно","vergeblich, umsonst; nutzlos, unnütz"
"протоќол","Protokoll"
"л́авка","Laden, Verkaufsbude, Shop; Sitzbank"
"рассмотр́еть","betrachten, untersuchen, prüfen, sich ansehen"
"соглаш́аться","zustimmen, einwilligen, sich einlassen; bejahen, befürworten, gutheißen"
"прим́ета","Kennzeichen, Merkmal; Anzeichen, Vorzeichen, Omen, Weisheit; Vorzeichen; Zeichen"
"уст́алость","Müdigkeit"
"величин́а","Größe; Wert"
"съезд","Kongreß, Tagung, Ankunft, Zusammenkunft; Abfahrt (Autobahn)"
"выраж́ать","ausdrücken, zum Ausdruck bringen; aussprechen, äußern"
"эксперим́ент","Experiment, Versuch"
"б́оцман","Bootsmann"
"образов́аться","sich bilden, gebildet werden, entstehen, sich entwickeln; sich herausbilden"
"свеч́а","Kerze; Zäpfchen"
"болт́ать","plaudern, schwatzen, plappern, dummes Zeug erzählen; baumeln, schlenkern, schütteln"
"асф́альт","Asphalt"
"масшт́аб","Maßstab, Ausmaß, Maß"
"в́ылезть","herauskriechen; ausfallen, ausgehen; herausplatzen, unpassend bemerken"
"ф́актор","Faktor"
"неб́есный","himmlisch"
"ст́оя","im Stehen"
"обращ́ение","Anrede, Ansprache, ; Appell, Aufruf, Ersuchen; Umgang, Behandlung; Umkehrung, Bekehrung; Umlauf, Zirkulation"
"п́очта","Post, Postamt"
"мон́ах","Mönch"
"р́юмка","Spirituosenglas, Shotglas; die Menge an Flüssigkeit (normalerweise Alkohol) die in ein solches Gefäß passt (30 bis 75 Milliliter)"
"бес́едовать","sich unterhalten, ein Gespräch führen"
"приподн́ять","anheben, hochheben, emporheben"
"приключ́ение","Abenteuer"
"ст́арость","Alter, Greisenalter"
"зад","hinterer Teil, Hinterseite; Hintern, Gesäß"
"нед́авний","jüngst, kürzlich, unlängst, neulich, vor kurzem; nicht alt, jung"
"т́очность","Genauigkeit, Exaktheit, Präzision; Pünktlichkeit"
"полев́ой","Feld-"
"ч́етверть","Viertel"
"тр́онуть","berühren, anfassen; bewegen, ergreifen"
"вл́ажный","feucht, nass"
"дур́ацкий","dumm, dämlich, blödsinnig, idiotisch"
"ц́енный","wertvoll, kostbar, edel; Wert-"
"перспект́ива","Perspektive, Aussicht"
"охр́анник","Bewacher, Wachmann, Wächter; Schützer, Beschützer, Bodyguard"
"исќусственный","künstlich, unecht, falsch; Kunst-"
"уваж́аемый","angesehen, geachtet; sehr geehrter, verehrter"
"спр́авка","Auskunft, Bescheid, Erkundigung; Bescheinigung, Nachweis"
"п́исьменный","schriftlich, Schreib-"
"попад́аться","erwischt werden, auffliegen, in die Falle tapsen, an die Angel gehen, auf den Leim gehen; begegnen"
"гнев","Zorn, Wut"
"п́очва","Boden, Erdboden; Grund, Grundlage"
"плюс","plus, Plus, Pluszeichen; Vorteil"
"рог","Horn, Signalhorn; Geweih; Mondsichel"
"х́итрый","schlau, gewieft, pfiffig; listig, gerissen, raffiniert, verschlagen"
"колд́ун","Zauberer, Hexenmeister"
"полѓода","ein Halbjahr, ein halbes Jahr, 6 Monate"
"посл́едующий","nachfolgend, darauffolgend"
"над́еть","anziehen, überziehen, anlegen, anstecken"
"довест́и","bringen, führen"
"сочин́ение","Aufsatz, verfasste Schrift; Werk"
"сопротивл́ение","Widerstand"
"мч́аться","dahineilen, eilen, dahinhetzen, dahinjagen; sausen, flitzen, rennen, rasen"
"ос́енний","herbstlich; Herbst-"
"реф́орма","Reform"
"дол́ина","Tal"
"дес́ятый","der zehnte"
"изд́ание","Ausgabe, Auflage; Veröffentlichung, Herausgabe, "
"дох́од","Einkommen, Einkünfte, Einnahme, Ertrag"
"в́ыслушать","anhören, zuhören; abhorchen, horchen"
"оќошко","Fensterchen, kleines Fenster; Schalterfenster"
"расх́од","Ausgabe, Aufwand; Verbrauch"
"жир","Fett"
"зме́я","Schlange"
"рай","Paradies"
"улож́ить","legen, hinlegen; umlegen, töten; packen, einpacken, verstauen"
"просп́ект","Prospekt, Werbeschrift, Verlagsprospekt; breite langezogene Straße, Allee, Boulevard, Avenue, Promenade"
"несомн́енно","zweifellos, ganz bestimmt, sicherlich"
"псих́ический","psychisch, seelisch"
"сх́ема","Schema"
"заказ́ать","bestellen"
"несч́астье","Unglück, Pech"
"м́инимум","Minimum"
"́Англия","England"
"покрасн́еть","erröten, rot werden"
"спас́ение","Rettung, Bergung; Errettung, Erlösung"
"подоќонник","Fensterbrett, Fensterbank, Fenstersims"
"непр́авильный","falsch, nicht richtig, unrichtig, unrecht, irrtümlich; nicht regelkonform, unsachgemäß, regelwidrig, unregelmäßig, ungleichmäßig, abnorm, abweichend; Fehl-"
"подъём","Aufstieg, Ansteigen, Hebung, Besteigung, Heben; Aufschwung, Auftrieb, Elan, Enthusiasmus, Schwung, Begeisterung; Rist, Spann"
"ави́ация","Aviatik, Luftfahrt, Flugwesen, Luftflotte"
"́изредка","zuweilen, hin und wieder; dann und wann"
"в́ыпасть","fallen; ausfallen, herausfallen; entfallen, zufallen"
"призн́ание","Anerkennung, Würdigung; Geständnis, Bekenntnis"
"конч́ать","fertig sein, beenden, aufhören, abschließen; absolvieren"
"сов́етовать","anraten, empfehlen, Ratschläge geben"
"в́ырвать","ausreißen, herausreißen, herausziehen; brechen, sich erbrechen"
"солд́атский","soldatisch; Soldaten-"
"альб́ом","Album"
"гуд́еть","brummen, summen, surren; dröhnen, tönen, tuten, hupen, heulen"
"уст́алый","müde, ermüdet"
"сжечь","verbrennen, niederbrennen, einäschern"
"бл́юдо","Speise, Platte, Gericht, Gang; Kuchenteller, Kuchenplatte"
"благодар́ить","danken, sich bedanken für"
"включ́ая","inklusive; einschließlich"
"м́ебель","Möbel, Einrichtung"
"р́анее","früher; vorher, zurück"
"нар́ушить","übertreten, verstoßen, nicht halten, nicht einhalten; unterbrechen, stören, zerstören"
"апр́ель","April"
"толкн́уть","stoßen, drängen, schieben, schubsen; anspornen, anstacheln"
"прил́ичный","anständig; gehörig, schicklich"
"кремль","Kreml"
"старич́ок","Alter, alter Mann"
"т́есный","eng, intim, schmal"
"ай","au, autsch, oh, oh weh; Ai"
"сп́альня","Schlafzimmer, Schlafraum; Schlafzimmermöbel"
"уч́ебный","Lehr-, Schul-, Unterrichts-, Übungs-, Probe-"
"стремл́ение","Streben, Bestreben"
"облегч́ение","Erleichterung"
"пропад́ать","verschwinden; verlorengehen, verloren sein, abhanden kommen, weg sein, vergehen"
"проп́адать","(eine Weile) fallen"
"вст́авить","hineinstecken, einstecken, hineinstellen; einsetzen, einfügen"
"бар́ак","Baracke"
"заслуж́ить","verdienen; wert sein, würdig sein"
"целов́ать","küssen"
"гл́упо","dumm; albern"
"сок","Saft"
"подозр́ение","Verdacht"
"гр́устный","traurig, schwermütig"
"пообещ́ать","versprechen"
"наклон́иться","sich neigen, sich beugen, sich bücken"
"д́еятель","Person, Persönlichkeit, -mann; Funktionär"
"соверш́ать","ausführen, begehen, verüben, machen; vollbringen, vollziehen"
"полюб́ить","lieb gewinnen"
"отход́ить","weggehen, sich entfernen, verlassen, sich zurückziehen; abfahren, abkommen, abweichen, ausweichen"
"руч́ей","Bach"
"отс́утствовать","abwesend sein, fortbleiben; fehlen, nicht vorhanden sein"
"неб́ось","wohl, wahrscheinlich, vielleicht; keine Sorge..., keine Angst..."
"нужд́аться","brauchen, bedürfen, ; benötigen, notleiden, Not leiden"
"в́ыиграть","gewinnen, siegen"
"общ́ение","Kommunikation, Gespräch; Umgang, Verkehr, Kontakt"
"колбас́а","Wurst"
"мелькн́уть","flimmern, schimmern; aufleuchten, aufblitzen; auftauchen und wieder verschwinden, vorbeihuschen"
"обор́ачиваться","sich umdrehen, sich umwenden; umrunden, umlaufen; sich herausstellen, sich entpuppen; sich einwickeln, umwickelt werden"
"чуд́есный","wunderbar, wunderschön, wundervoll; herrlich"
"люб́итель","Liebhaber, -freund, Fan, Amateur, Laie"
"тряст́ись","sich schütteln, zittern, schlottern"
"соотв́етствие","Übereinstimmung, Entsprechung, Äquivalent"
"ошиб́аться","sich irren, sich täuschen, Unrecht haben; einen Fehler machen"
"показ́ание","Anzeige, Indikation, Angabe; Bezeugung"
"исп́уганно","erschrocken"
"леѓенда","Legende, Sage"
"р́езать","schneiden, schlachten"
"испыт́ание","Prüfung, Test, Erprobung, Versuch; Bewährungsprobe, Belastungsprobe"
"окруж́ающий","umgebend, umliegend; Umgebungs-"
"потряст́и","erschüttern, tief ergreifen; schütteln, rütteln"
"кров́авый","Blut-, ; blutig, blutrot"
"удерж́аться","sich halten; sich enthalten, sich zurückhalten, sich verkneifen"
"м́ышка","Mäuschen, kleine Maus, Maus; Achsel"
"цветн́ой","farbig, bunt, Farb-, Bunt-"
"ч́елюсть","Kiefer, Kinnbacke, Gebiß"
"опас́аться","befürchten, Angst haben, besorgt sein, sich Sorgen machen; sich hüten, sich in acht nehmen"
"отобр́ать","wegnehmen, abnehmen, fortnehmen, sich aneignen; aussuchen, auswählen"
"ночев́ать","übernachten"
"Ит́алия","Italien"
"тр́атить","ausgeben, verbrauchen; verschwenden, vergeuden"
"понест́и","tragen; auf sich nehmen"
"недов́ольный","unzufrieden"
"ух́од","Pflege, Versorgung; Abgang, Weggang, Rückzug; Aufbruch; Rücktritt (Posten)"
"рем́онт","Reparatur, Instamdsetzung; Renovierung, Ausbesserung"
"осќолок","Scherbe; Splitter"
"сос́едка","Nachbarin"
"телегр́амма","Telegramm"
"отправл́яться","aufbrechen, losgehen, abfahren, losfahren, abreisen; sich begeben"
"в́ольный","frei, ungebunden; freiwillig, ungezwungen"
"заѓадочный","rätselhaft"
"́уголь","Kohle"
"согл́асие","Zusage, Zustimmung; Einwilligung, Einverständnis, Einvernehmen; Konsens, Einigung, Übereinstimmung"
"заключённый","eingeschlossen; enthalten in..; eingesperrt, inhaftiert; abgeschlossen; geschlußfolgert"
"звон","Läuten, Geläute, Gebimmel; Klirren, Klingen, Klang"
"угад́ать","raten; erraten, erahnen"
"заќаз","Bestellung; Auftrag"
"довер́ять","vertrauen, Vertrauen haben; anvertrauen"
"раз́умный","vernünftig, verständig, vernunftsmäßig, vernunftbegabt"
"чеч́енец","Tschetschene"
"растер́яться","den Kopf verlieren, orientierungslos sein; verwirrt sein, ratlos sein, verlegen sein"
"пр́актика","Praxis, Erfahrung; Praktikum, Übung"
"ст́ойка","Theke, Tresen, Schanktisch; Stand; Ständer, Pfosten, Säule, Träger"
"железнодор́ожный","Eisenbahn-, Bahn-, Zug-"
"интеллиѓенция","Intelligenzija"
"л́ампочка","Glühbirne, Glühlampe; kleine Lampe"
"заст́ыть","gerinnen, fest werden; erstarren"
"ув́еренно","sicher, überzeugt"
"сметь","wagen, sich trauen, das Recht haben, dürfen, können"
"ген","Gen"
"м́ышца","Muskel"
"благод́арность","Dank; Dankbarkeit, Erkenntlichkeit"
"щёлкнуть","klicken, knipsen, knacken; schnipsen, schnalzen"
"катеѓория","Kategorie, Gattung, Klasse"
"нквд","NKVD - Volkskommissariat für innere Angelegenheiten"
"угол́овный","kriminell, Kriminal-; strafrechtlich, Straf-"
"туп́ой","dumm, unsensibel, stumpfsinnig, stupide; stumpf, dumpf"
"п́уговица","Knopf, Annähknopf"
"п́одлинный","Original-, echt, authentisch, wahr, wirklich, wahrhaft"
"чётко","deutlich, klar; scharf, nicht verschwommen"
"в́ысказать","aussprechen, sagen, äußern"
"наступл́ение","Anbruch, Eintritt, Beginn; Angriff, Vorrücken, Vormarsch, Offensive"
"овердр́афт","Überziehungskredit"
"батоп́орт","Batoport, Trockenndock-Schwimmtor"
"хлебос́ольный","gastfreundlich"
"гекќон","Gecko"
